{
  "sharpness": 1.1574273459419657,
  "gradient_smoothness": 0.002396970571029856,
  "loss_mean": 0.0,
  "loss_std": 0.0,
  "loss_trend": 3.065039960988236e-11,
  "parameter_norm": 32.18974210912502,
  "lambda_max_10": -19.71446990966797,
  "hessian_trace_10": 446.0887512207031,
  "fim_trace": 2071.646537080407,
  "step_count": 248,
  "timestamp": 1763767306.739726,
  "episode_reward": 809.1652628884821,
  "num_steps": 8159232,
  "feature_compute_time_s": 5.696858167648315,
  "train_iter_time_s": 9.96803069114685,
  "init_seed": 200,
  "train_seed": 200,
  "best_reward_so_far": 834.986391696733
}