{
  "sharpness": 1.3315441986629348,
  "gradient_smoothness": 0.00588872693489298,
  "loss_mean": 0.0,
  "loss_std": 0.0,
  "loss_trend": -1.6473164393406872e-10,
  "parameter_norm": 33.888428603888464,
  "lambda_max_10": -18.20705795288086,
  "hessian_trace_10": 235.31450958251952,
  "fim_trace": 1406.4257593601942,
  "step_count": 33,
  "timestamp": 1765443379.4776704,
  "episode_reward": 1454.6513671875,
  "num_steps": 1114112,
  "feature_compute_time_s": 5.327724456787109,
  "train_iter_time_s": 4.426856517791748,
  "init_seed": 205,
  "train_seed": 200,
  "best_reward_so_far": 578.8032459268952
}