{
  "sharpness": 1.2747112391500182,
  "gradient_smoothness": 0.2771486462096858,
  "loss_mean": 0.0,
  "loss_std": 0.0,
  "loss_trend": 4.5757006904041125e-10,
  "parameter_norm": 34.851276887788586,
  "lambda_max_10": -26.83489227294922,
  "hessian_trace_10": 443.03277282714845,
  "fim_trace": 2459.039787389338,
  "step_count": 11,
  "timestamp": 1765469734.8753455,
  "episode_reward": 15.95793628692627,
  "num_steps": 393216,
  "feature_compute_time_s": 5.703986644744873,
  "train_iter_time_s": 4.064541578292847,
  "init_seed": 205,
  "train_seed": 200,
  "best_reward_so_far": 163.4293099032766
}