{
  "sharpness": 2.167384506459725,
  "gradient_smoothness": 0.1745118667547593,
  "loss_mean": 0.0,
  "loss_std": 0.0,
  "loss_trend": 1.8803180749488742e-09,
  "parameter_norm": 29.18471587283855,
  "lambda_max_10": -30.425168991088867,
  "hessian_trace_10": 45.33399658203125,
  "fim_trace": 2449.7413678765297,
  "step_count": 8,
  "timestamp": 1764168590.862744,
  "episode_reward": 4104.701171875,
  "num_steps": 294912,
  "feature_compute_time_s": 8.227772951126099,
  "train_iter_time_s": 4.440230846405029,
  "init_seed": 204,
  "train_seed": 200,
  "best_reward_so_far": -Infinity
}