{
  "sharpness": 2.4116194054680604,
  "gradient_smoothness": 0.7615941559557649,
  "loss_mean": 0.0,
  "loss_std": 0.0,
  "loss_trend": 2.891259968799634e-10,
  "parameter_norm": 101.5613494313986,
  "lambda_max_10": 10.910929679870605,
  "hessian_trace_10": 80.25356330871583,
  "fim_trace": 2672.0040858089924,
  "step_count": 15,
  "timestamp": 1764178508.0467348,
  "episode_reward": -364.2774963378906,
  "num_steps": 524288,
  "feature_compute_time_s": 5.154167175292969,
  "train_iter_time_s": 3.3267922401428223,
  "init_seed": 206,
  "train_seed": 200,
  "best_reward_so_far": -557.3173748442747
}