{
  "sharpness": 1.405779747757236,
  "gradient_smoothness": 0.02116661239905199,
  "loss_mean": 0.0,
  "loss_std": 0.0,
  "loss_trend": 1.37236067090241e-11,
  "parameter_norm": 30.590173051965497,
  "lambda_max_10": -14.444987297058105,
  "hessian_trace_10": 316.38636779785156,
  "fim_trace": 744.2124675773084,
  "step_count": 136,
  "timestamp": 1763761738.2101486,
  "episode_reward": 1214.4098465801144,
  "num_steps": 4489216,
  "feature_compute_time_s": 5.273243188858032,
  "train_iter_time_s": 13.943241119384766,
  "init_seed": 200,
  "train_seed": 200,
  "best_reward_so_far": 1541.0695824493835
}