{
  "sharpness": 2.134537201170474,
  "gradient_smoothness": 0.6269109063542558,
  "loss_mean": 0.0,
  "loss_std": 0.0,
  "loss_trend": 3.229846249334913e-11,
  "parameter_norm": 102.4601037634619,
  "lambda_max_10": -13.825700759887695,
  "hessian_trace_10": 16.56773262023926,
  "fim_trace": 3517.9300358388573,
  "step_count": 14,
  "timestamp": 1765469504.9356482,
  "episode_reward": -1.6925630569458008,
  "num_steps": 491520,
  "feature_compute_time_s": 6.008091688156128,
  "train_iter_time_s": 5.062967538833618,
  "init_seed": 201,
  "train_seed": 200,
  "best_reward_so_far": -2.9844098055317256
}