{
  "sharpness": 1.319715160368448,
  "gradient_smoothness": 0.02005016604077498,
  "loss_mean": 0.0,
  "loss_std": 0.0,
  "loss_trend": 2.4037906106140895e-10,
  "parameter_norm": 34.00070118841239,
  "lambda_max_10": -11.083984375,
  "hessian_trace_10": 250.46686096191405,
  "fim_trace": 956.5471614822745,
  "step_count": 27,
  "timestamp": 1765441252.4491825,
  "episode_reward": 1231.578857421875,
  "num_steps": 917504,
  "feature_compute_time_s": 5.3550004959106445,
  "train_iter_time_s": 4.1700990200042725,
  "init_seed": 200,
  "train_seed": 204,
  "best_reward_so_far": 413.1130872738857
}