{
  "sharpness": 0.4759858246084033,
  "gradient_smoothness": 0.001732707794566529,
  "loss_mean": 0.0,
  "loss_std": 0.0,
  "loss_trend": -4.582312228848114e-10,
  "parameter_norm": 22.36004619343937,
  "lambda_max_10": -1.2320919036865234,
  "hessian_trace_10": 0.4760008275508881,
  "fim_trace": 71.54439362883568,
  "step_count": 28,
  "timestamp": 1763776242.470168,
  "num_steps": 950272,
  "feature_compute_time_s": 4.333731174468994,
  "train_iter_time_s": 7.445339202880859,
  "init_seed": 200,
  "train_seed": 200,
  "best_reward_so_far": -277.2317090789319
}