{
  "sharpness": 1.6625680350303527,
  "gradient_smoothness": 0.06790032308730518,
  "loss_mean": 0.0,
  "loss_std": 0.0,
  "loss_trend": 1.6030983375542989e-09,
  "parameter_norm": 101.67517054495654,
  "lambda_max_10": -9.991599082946777,
  "hessian_trace_10": -61.773334693908694,
  "fim_trace": 3963.960635960102,
  "step_count": 5,
  "timestamp": 1764177848.7887335,
  "episode_reward": -381.7894592285156,
  "num_steps": 196608,
  "feature_compute_time_s": 6.312480449676514,
  "train_iter_time_s": 5.275204181671143,
  "init_seed": 200,
  "train_seed": 204,
  "best_reward_so_far": -Infinity
}