{
  "sharpness": 1.523112657008025,
  "gradient_smoothness": 0.007037300079482919,
  "loss_mean": 0.0,
  "loss_std": 0.0,
  "loss_trend": 1.887833185921868e-11,
  "parameter_norm": 27.214055630756338,
  "lambda_max_10": -9.450523376464844,
  "hessian_trace_10": 156.61993179321288,
  "fim_trace": 329.3089276701212,
  "step_count": 71,
  "timestamp": 1763759965.6303172,
  "episode_reward": 714.2370274493469,
  "num_steps": 2359296,
  "feature_compute_time_s": 4.97127890586853,
  "train_iter_time_s": 10.332676410675049,
  "init_seed": 200,
  "train_seed": 206,
  "best_reward_so_far": 759.9048924750981
}