{
  "sharpness": 1.3185736913284856,
  "gradient_smoothness": 0.7615941559557649,
  "loss_mean": 0.0,
  "loss_std": 0.0,
  "loss_trend": 7.165117695380582e-11,
  "parameter_norm": 34.06488340677144,
  "lambda_max_10": -31.71227264404297,
  "hessian_trace_10": 549.1361114501954,
  "fim_trace": 3355.2596798837185,
  "step_count": 61,
  "timestamp": 1765441284.361279,
  "episode_reward": 1076.6251220703125,
  "num_steps": 2031616,
  "feature_compute_time_s": 7.1158692836761475,
  "train_iter_time_s": 5.913344144821167,
  "init_seed": 200,
  "train_seed": 201,
  "best_reward_so_far": 971.5092498471192
}