{
  "sharpness": 4.732318965948308,
  "gradient_smoothness": 0.17522268155415224,
  "loss_mean": 0.0,
  "loss_std": 0.0,
  "loss_trend": -1.966238230581063e-09,
  "parameter_norm": 43.94861068236612,
  "lambda_max_10": -107.21134185791016,
  "hessian_trace_10": 322.0816940307617,
  "fim_trace": 26137.06130874157,
  "step_count": 5,
  "timestamp": 1764170493.141809,
  "episode_reward": 934.2618408203125,
  "num_steps": 196608,
  "feature_compute_time_s": 6.460667848587036,
  "train_iter_time_s": 3.5154190063476562,
  "init_seed": 200,
  "train_seed": 202,
  "best_reward_so_far": -Infinity
}