{
  "sharpness": 1.192063154455648,
  "gradient_smoothness": 0.6006797603283194,
  "loss_mean": 0.0,
  "loss_std": 0.0,
  "loss_trend": 4.707900492129228e-10,
  "parameter_norm": 32.84526235565813,
  "lambda_max_10": -23.303958892822266,
  "hessian_trace_10": 278.1378234863281,
  "fim_trace": 1001.0316112190485,
  "step_count": 14,
  "timestamp": 1765468700.9185398,
  "episode_reward": 1336.2655029296875,
  "num_steps": 491520,
  "feature_compute_time_s": 8.005924463272095,
  "train_iter_time_s": 4.239984512329102,
  "init_seed": 200,
  "train_seed": 201,
  "best_reward_so_far": 249.7242456547947
}