{
  "sharpness": 0.8065570960428822,
  "gradient_smoothness": 0.02945811923356341,
  "loss_mean": 0.0,
  "loss_std": 0.0,
  "loss_trend": -4.6800623591541336e-11,
  "parameter_norm": 22.998867954226853,
  "lambda_max_10": 3.7686522006988525,
  "hessian_trace_10": 30.26224727630615,
  "fim_trace": 137.41239714622498,
  "step_count": 38,
  "timestamp": 1763779141.880169,
  "num_steps": 1277952,
  "feature_compute_time_s": 5.514524221420288,
  "train_iter_time_s": 13.654361248016357,
  "init_seed": 203,
  "train_seed": 200,
  "best_reward_so_far": -43.98589869640222
}