{
  "sharpness": 1.1096651996777076,
  "gradient_smoothness": 0.012501879428794542,
  "loss_mean": 0.0,
  "loss_std": 0.0,
  "loss_trend": 2.1161548518970408e-11,
  "parameter_norm": 32.50331376640835,
  "lambda_max_10": -25.162206649780273,
  "hessian_trace_10": 411.1379791259766,
  "fim_trace": 1733.0750507451594,
  "step_count": 246,
  "timestamp": 1763765258.9220495,
  "episode_reward": 1734.6616986006327,
  "num_steps": 8093696,
  "feature_compute_time_s": 9.34110713005066,
  "train_iter_time_s": 15.289702653884888,
  "init_seed": 200,
  "train_seed": 204,
  "best_reward_so_far": 1776.0190544542493
}