{
  "sharpness": 1.9988386705293382,
  "gradient_smoothness": 0.0,
  "parameter_norm": 29.64548131661609,
  "lambda_max_10": -26.332563400268555,
  "hessian_trace_10": 379.07262115478517,
  "fim_trace": 1570.5463884174824,
  "step_count": 0,
  "timestamp": 1764155595.201828,
  "episode_reward": 1268.781982421875,
  "num_steps": 32768,
  "feature_compute_time_s": 6.862630367279053,
  "train_iter_time_s": 5.351537227630615,
  "init_seed": 201,
  "train_seed": 200,
  "best_reward_so_far": -Infinity
}