{
  "sharpness": 0.7997714543773878,
  "gradient_smoothness": 0.03079195413496464,
  "loss_mean": 0.0,
  "loss_std": 0.0,
  "loss_trend": -7.167816779171584e-11,
  "parameter_norm": 23.138134408996574,
  "lambda_max_10": 2.7359135150909424,
  "hessian_trace_10": 28.975255298614503,
  "fim_trace": 131.8645614143461,
  "step_count": 38,
  "timestamp": 1763776715.2308476,
  "num_steps": 1277952,
  "feature_compute_time_s": 7.871104717254639,
  "train_iter_time_s": 13.273185014724731,
  "init_seed": 201,
  "train_seed": 200,
  "best_reward_so_far": -45.16907665697313
}