{
  "sharpness": 1.556726583196038,
  "gradient_smoothness": 0.030918533374787907,
  "loss_mean": 0.0,
  "loss_std": 0.0,
  "loss_trend": -6.101618126194707e-11,
  "parameter_norm": 28.01898432195203,
  "lambda_max_10": 16.16874122619629,
  "hessian_trace_10": 122.31045236587525,
  "fim_trace": 1025.9911485761404,
  "step_count": 149,
  "timestamp": 1763777982.891523,
  "num_steps": 4915200,
  "feature_compute_time_s": 5.327193260192871,
  "train_iter_time_s": 11.955702543258667,
  "init_seed": 200,
  "train_seed": 207,
  "best_reward_so_far": 1209.9558799946174
}