{
  "sharpness": 0.7706871090078917,
  "gradient_smoothness": 0.029045861557416498,
  "loss_mean": 0.0,
  "loss_std": 0.0,
  "loss_trend": -1.0173035726145848e-10,
  "parameter_norm": 24.547151893407797,
  "lambda_max_10": 3.142554759979248,
  "hessian_trace_10": 29.830139064788817,
  "fim_trace": 99.85926787555218,
  "step_count": 37,
  "timestamp": 1763767772.5726302,
  "episode_reward": 456.6002182542455,
  "num_steps": 1245184,
  "feature_compute_time_s": 8.303622007369995,
  "train_iter_time_s": 18.114399194717407,
  "init_seed": 205,
  "train_seed": 200,
  "best_reward_so_far": 456.6002182542455
}