{
  "sharpness": 1.1807082642031608,
  "gradient_smoothness": 0.050845063321656635,
  "loss_mean": 0.0,
  "loss_std": 0.0,
  "loss_trend": 4.2103144646015283e-11,
  "parameter_norm": 32.61185813985472,
  "lambda_max_10": -44.4676399230957,
  "hessian_trace_10": 753.5889404296875,
  "fim_trace": 4873.2618509233,
  "step_count": 276,
  "timestamp": 1763774193.2388594,
  "episode_reward": 2118.130519017051,
  "num_steps": 9076736,
  "feature_compute_time_s": 10.675705432891846,
  "train_iter_time_s": 19.517201900482178,
  "init_seed": 206,
  "train_seed": 200,
  "best_reward_so_far": 2296.6979900200486
}