{
  "sharpness": 1.437364790732363,
  "gradient_smoothness": 0.04274672585890303,
  "loss_mean": 0.0,
  "loss_std": 0.0,
  "loss_trend": 3.163387705197607e-11,
  "parameter_norm": 30.184883422282446,
  "lambda_max_10": -22.853212356567383,
  "hessian_trace_10": 362.8667358398437,
  "fim_trace": 1357.331190880388,
  "step_count": 131,
  "timestamp": 1763760878.6543562,
  "episode_reward": 1094.7100534212618,
  "num_steps": 4325376,
  "feature_compute_time_s": 5.720808982849121,
  "train_iter_time_s": 10.841293334960938,
  "init_seed": 200,
  "train_seed": 206,
  "best_reward_so_far": 1170.0388889687943
}