{
  "sharpness": 0.4728404996983384,
  "gradient_smoothness": 0.04503329133407875,
  "loss_mean": 0.0,
  "loss_std": 0.0,
  "loss_trend": 3.6571854849879784e-10,
  "parameter_norm": 21.877122248022175,
  "lambda_max_10": -1.3867568969726562,
  "hessian_trace_10": -6.200286889076233,
  "fim_trace": 55.07567042671144,
  "step_count": 26,
  "timestamp": 1763779229.7387915,
  "num_steps": 884736,
  "feature_compute_time_s": 5.318463563919067,
  "train_iter_time_s": 12.165259599685669,
  "init_seed": 204,
  "train_seed": 200,
  "best_reward_so_far": -265.91236900455453
}