{
  "sharpness": 1.2219676044010066,
  "gradient_smoothness": 0.01043792779599475,
  "loss_mean": 0.0,
  "loss_std": 0.0,
  "loss_trend": 1.1263513320262807e-09,
  "parameter_norm": 33.77766989327471,
  "lambda_max_10": -23.2125186920166,
  "hessian_trace_10": 396.0934265136719,
  "fim_trace": 2054.6619123518467,
  "step_count": 8,
  "timestamp": 1765440827.744625,
  "episode_reward": 148.73880004882812,
  "num_steps": 294912,
  "feature_compute_time_s": 5.60490870475769,
  "train_iter_time_s": 3.773374080657959,
  "init_seed": 200,
  "train_seed": 200,
  "best_reward_so_far": 184.02019399930552
}