{
  "sharpness": 1.9860055804363306,
  "gradient_smoothness": 0.33843545349119164,
  "loss_mean": 0.0,
  "loss_std": 0.0,
  "loss_trend": -1.277486874850715e-10,
  "parameter_norm": 101.66096284663745,
  "lambda_max_10": 2.886183023452759,
  "hessian_trace_10": 4.624256324768067,
  "fim_trace": 4021.68309918046,
  "step_count": 12,
  "timestamp": 1764177942.914103,
  "episode_reward": -393.7506103515625,
  "num_steps": 425984,
  "feature_compute_time_s": 5.738712310791016,
  "train_iter_time_s": 4.818659782409668,
  "init_seed": 200,
  "train_seed": 204,
  "best_reward_so_far": -Infinity
}