{
  "sharpness": 0.5178631509336109,
  "gradient_smoothness": 0.0611767176170382,
  "loss_mean": 0.0,
  "loss_std": 0.0,
  "loss_trend": 8.065357321053551e-11,
  "parameter_norm": 23.353204029038732,
  "lambda_max_10": 1.7479619979858398,
  "hessian_trace_10": 27.42630558013916,
  "fim_trace": 54.39255299791694,
  "step_count": 25,
  "timestamp": 1763767555.8739681,
  "episode_reward": 306.2562152291768,
  "num_steps": 851968,
  "feature_compute_time_s": 6.013030529022217,
  "train_iter_time_s": 18.58546018600464,
  "init_seed": 206,
  "train_seed": 200,
  "best_reward_so_far": 306.2562152291768
}