{
  "sharpness": 1.8551728787550517,
  "gradient_smoothness": 0.21732152964491366,
  "loss_mean": 0.0,
  "loss_std": 0.0,
  "loss_trend": 8.656627929604978e-10,
  "parameter_norm": 29.540983794204752,
  "lambda_max_10": -50.178287506103516,
  "hessian_trace_10": 447.65802307128905,
  "fim_trace": 5367.818914741278,
  "step_count": 10,
  "timestamp": 1764149927.7122965,
  "episode_reward": 1330.2578125,
  "num_steps": 360448,
  "feature_compute_time_s": 5.106844425201416,
  "train_iter_time_s": 3.035443067550659,
  "init_seed": 200,
  "train_seed": 204,
  "best_reward_so_far": -Infinity
}