{
  "sharpness": 1.1656062613362652,
  "gradient_smoothness": 0.07111621353808543,
  "loss_mean": 0.0,
  "loss_std": 0.0,
  "loss_trend": -3.1322548664999865e-11,
  "parameter_norm": 34.03792908718216,
  "lambda_max_10": -24.559659957885742,
  "hessian_trace_10": 487.5958312988281,
  "fim_trace": 1725.1209404431283,
  "step_count": 31,
  "timestamp": 1765444103.3978138,
  "episode_reward": -39.650875091552734,
  "num_steps": 1048576,
  "feature_compute_time_s": 5.633883476257324,
  "train_iter_time_s": 3.7158422470092773,
  "init_seed": 204,
  "train_seed": 200,
  "best_reward_so_far": 760.8335117245819
}