{
  "sharpness": 1.4060990162808868,
  "gradient_smoothness": 0.007690533455979543,
  "loss_mean": 0.0,
  "loss_std": 0.0,
  "loss_trend": -8.152284634840937e-11,
  "parameter_norm": 25.375627830298544,
  "lambda_max_10": -10.015719413757324,
  "hessian_trace_10": 9.268771171569824,
  "fim_trace": 449.2249691039324,
  "step_count": 67,
  "timestamp": 1763772892.3041651,
  "num_steps": 2228224,
  "feature_compute_time_s": 4.4031031131744385,
  "train_iter_time_s": 8.883031606674194,
  "init_seed": 200,
  "train_seed": 202,
  "best_reward_so_far": 624.8836619061747
}