{
  "sharpness": 1.4767479404099382,
  "gradient_smoothness": 0.009764569208549158,
  "loss_mean": 0.0,
  "loss_std": 0.0,
  "loss_trend": 1.2692173173911194e-10,
  "parameter_norm": 27.66464964430509,
  "lambda_max_10": -8.567119598388672,
  "hessian_trace_10": 152.91524963378907,
  "fim_trace": 265.63656668365,
  "step_count": 75,
  "timestamp": 1763760779.6814108,
  "episode_reward": 686.0783245894235,
  "num_steps": 2490368,
  "feature_compute_time_s": 6.9085540771484375,
  "train_iter_time_s": 17.838675022125244,
  "init_seed": 200,
  "train_seed": 205,
  "best_reward_so_far": 745.3817316117866
}