{
  "sharpness": 1.9869959433335438,
  "gradient_smoothness": 0.042191211431234325,
  "loss_mean": 0.0,
  "loss_std": 0.0,
  "loss_trend": 1.4921077650870608e-09,
  "parameter_norm": 29.997587494137647,
  "lambda_max_10": -72.18944549560547,
  "hessian_trace_10": 611.4227401733399,
  "fim_trace": 10269.531172320247,
  "step_count": 6,
  "timestamp": 1764177230.9357448,
  "episode_reward": 1095.2076416015625,
  "num_steps": 229376,
  "feature_compute_time_s": 6.5702128410339355,
  "train_iter_time_s": 4.587313175201416,
  "init_seed": 200,
  "train_seed": 204,
  "best_reward_so_far": -Infinity
}