{
  "sharpness": 1.2464686681615673,
  "gradient_smoothness": 0.1700307001671209,
  "loss_mean": 0.0,
  "loss_std": 0.0,
  "loss_trend": -2.8497953208446557e-09,
  "parameter_norm": 33.468379957606444,
  "lambda_max_10": -32.727481842041016,
  "hessian_trace_10": 705.057406616211,
  "fim_trace": 3531.0719288773835,
  "step_count": 8,
  "timestamp": 1765469533.5846658,
  "episode_reward": -22.591102600097656,
  "num_steps": 294912,
  "feature_compute_time_s": 5.999905347824097,
  "train_iter_time_s": 3.7352614402770996,
  "init_seed": 206,
  "train_seed": 200,
  "best_reward_so_far": 61.49488312337075
}