{
  "sharpness": 1.6571613050142628,
  "gradient_smoothness": 0.0,
  "parameter_norm": 29.262971659921085,
  "lambda_max_10": 24.237388610839844,
  "hessian_trace_10": 235.86428298950196,
  "fim_trace": 2111.9933816045523,
  "step_count": 0,
  "timestamp": 1764167470.2700381,
  "episode_reward": 1273.5096435546875,
  "num_steps": 32768,
  "feature_compute_time_s": 5.022719383239746,
  "train_iter_time_s": 2.6444263458251953,
  "init_seed": 200,
  "train_seed": 207,
  "best_reward_so_far": -Infinity
}