{
  "sharpness": 1.716274907350463,
  "gradient_smoothness": 0.1246103036102652,
  "loss_mean": 0.0,
  "loss_std": 0.0,
  "loss_trend": 2.729200652278576e-09,
  "parameter_norm": 29.922688784125373,
  "lambda_max_10": -150.7168426513672,
  "hessian_trace_10": 907.3030151367187,
  "fim_trace": 13246.95910680294,
  "step_count": 7,
  "timestamp": 1764151113.7917447,
  "episode_reward": 1374.819580078125,
  "num_steps": 262144,
  "feature_compute_time_s": 6.371613264083862,
  "train_iter_time_s": 3.162348508834839,
  "init_seed": 200,
  "train_seed": 205,
  "best_reward_so_far": -Infinity
}