{
  "sharpness": 1.4796146198603912,
  "gradient_smoothness": 0.020553554347733552,
  "loss_mean": 0.0,
  "loss_std": 0.0,
  "loss_trend": 8.254650564650499e-13,
  "parameter_norm": 27.734364347260527,
  "lambda_max_10": -8.29355525970459,
  "hessian_trace_10": 167.3662857055664,
  "fim_trace": 295.3433287143707,
  "step_count": 84,
  "timestamp": 1763761180.1789691,
  "episode_reward": 1050.8391523623175,
  "num_steps": 2785280,
  "feature_compute_time_s": 7.8525166511535645,
  "train_iter_time_s": 19.328279733657837,
  "init_seed": 200,
  "train_seed": 201,
  "best_reward_so_far": 1199.4311176756057
}