{
  "sharpness": 1.9918907054785786,
  "gradient_smoothness": 0.19649451754012245,
  "loss_mean": 0.0,
  "loss_std": 0.0,
  "loss_trend": 1.1188376176630135e-09,
  "parameter_norm": 29.90188313485679,
  "lambda_max_10": 18.364063262939453,
  "hessian_trace_10": 163.4151683807373,
  "fim_trace": 1717.6853144019842,
  "step_count": 9,
  "timestamp": 1764177817.0754926,
  "episode_reward": 1475.2142333984375,
  "num_steps": 327680,
  "feature_compute_time_s": 4.616025924682617,
  "train_iter_time_s": 2.746107339859009,
  "init_seed": 206,
  "train_seed": 200,
  "best_reward_so_far": -Infinity
}