{
  "sharpness": 0.28645239772813563,
  "gradient_smoothness": 0.0987929291437006,
  "loss_mean": 0.0,
  "loss_std": 0.0,
  "loss_trend": 5.668176147503209e-09,
  "parameter_norm": 20.49283601136741,
  "lambda_max_10": 1.024505376815796,
  "hessian_trace_10": 4.134329941868782,
  "fim_trace": 29.71418647840619,
  "step_count": 4,
  "timestamp": 1763766144.9309416,
  "episode_reward": 24.325202967141124,
  "num_steps": 163840,
  "feature_compute_time_s": 6.232046604156494,
  "train_iter_time_s": 16.516866445541382,
  "init_seed": 203,
  "train_seed": 200,
  "best_reward_so_far": 24.325202967141124
}