{
  "sharpness": 1.2774443876527866,
  "gradient_smoothness": 0.06264483315170484,
  "loss_mean": 0.0,
  "loss_std": 0.0,
  "loss_trend": -4.724120401956887e-10,
  "parameter_norm": 33.67496708547249,
  "lambda_max_10": -26.338516235351562,
  "hessian_trace_10": 386.1030700683594,
  "fim_trace": 1534.1149198040366,
  "step_count": 22,
  "timestamp": 1765440254.7565205,
  "episode_reward": -11.762928009033203,
  "num_steps": 753664,
  "feature_compute_time_s": 5.5370001792907715,
  "train_iter_time_s": 4.070288896560669,
  "init_seed": 200,
  "train_seed": 203,
  "best_reward_so_far": 555.5630447507067
}