{
  "sharpness": 1.4506264669927662,
  "gradient_smoothness": 0.03679343401179894,
  "loss_mean": 0.0,
  "loss_std": 0.0,
  "loss_trend": 7.572526851716175e-11,
  "parameter_norm": 27.936654725678046,
  "lambda_max_10": 5.836523056030273,
  "hessian_trace_10": 122.42059049606323,
  "fim_trace": 318.5153348222375,
  "step_count": 85,
  "timestamp": 1763769039.8526554,
  "episode_reward": 689.3984973244399,
  "num_steps": 2818048,
  "feature_compute_time_s": 4.852237701416016,
  "train_iter_time_s": 16.659729719161987,
  "init_seed": 205,
  "train_seed": 200,
  "best_reward_so_far": 849.4221774011387
}