{
  "sharpness": 1.7063743504510847,
  "gradient_smoothness": 0.14730271636373835,
  "loss_mean": 0.0,
  "loss_std": 0.0,
  "loss_trend": -5.239299283236299e-10,
  "parameter_norm": 30.27492816124279,
  "lambda_max_10": -30.185287475585938,
  "hessian_trace_10": 144.94297256469727,
  "fim_trace": 4879.637843847275,
  "step_count": 11,
  "timestamp": 1764153891.3013992,
  "episode_reward": 3402.412353515625,
  "num_steps": 393216,
  "feature_compute_time_s": 5.002174615859985,
  "train_iter_time_s": 3.6299140453338623,
  "init_seed": 200,
  "train_seed": 200,
  "best_reward_so_far": -Infinity
}