{
  "sharpness": 1.5811666245315823,
  "gradient_smoothness": 0.00048022593709500926,
  "loss_mean": 0.0,
  "loss_std": 0.0,
  "loss_trend": 8.936253880009871e-11,
  "parameter_norm": 26.37662300181586,
  "lambda_max_10": -15.457505226135254,
  "hessian_trace_10": 134.89313812255858,
  "fim_trace": 1045.781163200736,
  "step_count": 84,
  "timestamp": 1763774702.230038,
  "num_steps": 2785280,
  "feature_compute_time_s": 8.96582555770874,
  "train_iter_time_s": 9.96332049369812,
  "init_seed": 200,
  "train_seed": 205,
  "best_reward_so_far": 792.2592727642127
}