{
  "sharpness": 1.4596296462072202,
  "gradient_smoothness": 0.05435652923169571,
  "loss_mean": 0.0,
  "loss_std": 0.0,
  "loss_trend": -1.0781811356056599e-10,
  "parameter_norm": 34.01340032378622,
  "lambda_max_10": -16.22591209411621,
  "hessian_trace_10": 424.93345031738284,
  "fim_trace": 2082.069089882076,
  "step_count": 35,
  "timestamp": 1765442351.4738276,
  "episode_reward": -55.09861755371094,
  "num_steps": 1179648,
  "feature_compute_time_s": 5.598428726196289,
  "train_iter_time_s": 4.029607534408569,
  "init_seed": 204,
  "train_seed": 200,
  "best_reward_so_far": 848.1893027448955
}