{
  "sharpness": 1.1720478537764945,
  "gradient_smoothness": 0.06816505591969033,
  "loss_mean": 0.0,
  "loss_std": 0.0,
  "loss_trend": 3.8918127144274246e-09,
  "parameter_norm": 33.565997441129184,
  "lambda_max_10": -25.476688385009766,
  "hessian_trace_10": 216.00032272338868,
  "fim_trace": 2001.7068624794483,
  "step_count": 4,
  "timestamp": 1765440787.0231712,
  "episode_reward": 120.43216705322266,
  "num_steps": 163840,
  "feature_compute_time_s": 5.338019132614136,
  "train_iter_time_s": 4.262278079986572,
  "init_seed": 200,
  "train_seed": 200,
  "best_reward_so_far": 107.57954973330013
}