{
  "sharpness": 2.2808308732993146,
  "gradient_smoothness": 0.2519071050633699,
  "loss_mean": 0.0,
  "loss_std": 0.0,
  "loss_trend": -5.79412601750868e-09,
  "parameter_norm": 41.26864480802637,
  "lambda_max_10": -26.731401443481445,
  "hessian_trace_10": 314.68909606933596,
  "fim_trace": 3766.951211810112,
  "step_count": 3,
  "timestamp": 1766080561.4366672,
  "episode_reward": 817.06103515625,
  "num_steps": 131072,
  "feature_compute_time_s": 5.3302013874053955,
  "train_iter_time_s": 2.6119229793548584,
  "init_seed": 200,
  "train_seed": 206,
  "best_reward_so_far": -Infinity
}