{
  "sharpness": 2.4667595922502326,
  "gradient_smoothness": 0.10969906521577465,
  "loss_mean": 0.0,
  "loss_std": 0.0,
  "loss_trend": 4.4235985523839096e-09,
  "parameter_norm": 31.505519786179566,
  "lambda_max_10": -41.21392059326172,
  "hessian_trace_10": 0.7112144470214844,
  "fim_trace": 4309.952464222908,
  "step_count": 4,
  "timestamp": 1764178045.0237482,
  "episode_reward": 3860.567626953125,
  "num_steps": 163840,
  "feature_compute_time_s": 5.03228235244751,
  "train_iter_time_s": 3.080509901046753,
  "init_seed": 204,
  "train_seed": 200,
  "best_reward_so_far": -Infinity
}