{
  "sharpness": 1.312944920296474,
  "gradient_smoothness": 0.007898540248944886,
  "loss_mean": 0.0,
  "loss_std": 0.0,
  "loss_trend": 7.98290121860766e-11,
  "parameter_norm": 30.605638747944095,
  "lambda_max_10": -14.531723022460938,
  "hessian_trace_10": 372.3594024658203,
  "fim_trace": 765.6397975552827,
  "step_count": 145,
  "timestamp": 1763765757.7298598,
  "episode_reward": 719.6900300414364,
  "num_steps": 4784128,
  "feature_compute_time_s": 5.029606580734253,
  "train_iter_time_s": 10.66708779335022,
  "init_seed": 200,
  "train_seed": 200,
  "best_reward_so_far": 825.5063438058102
}