{
  "sharpness": 1.2299783654988485,
  "gradient_smoothness": 0.5064629336573938,
  "loss_mean": 0.0,
  "loss_std": 0.0,
  "loss_trend": 5.086074151076208e-12,
  "parameter_norm": 34.14407260610562,
  "lambda_max_10": -27.503856658935547,
  "hessian_trace_10": 307.30767822265625,
  "fim_trace": 1810.368091199547,
  "step_count": 59,
  "timestamp": 1765440606.404092,
  "episode_reward": -30.62559700012207,
  "num_steps": 1966080,
  "feature_compute_time_s": 5.58647608757019,
  "train_iter_time_s": 3.996999740600586,
  "init_seed": 200,
  "train_seed": 203,
  "best_reward_so_far": 830.7892838604082
}