{
  "sharpness": 1.3763564048781243,
  "gradient_smoothness": 0.025009182436704937,
  "loss_mean": 0.0,
  "loss_std": 0.0,
  "loss_trend": 6.004254496980315e-12,
  "parameter_norm": 28.12291189731774,
  "lambda_max_10": -13.795245170593262,
  "hessian_trace_10": 350.5630905151367,
  "fim_trace": 701.4284807238728,
  "step_count": 88,
  "timestamp": 1763761011.107658,
  "episode_reward": 1026.3338317200992,
  "num_steps": 2916352,
  "feature_compute_time_s": 6.722094774246216,
  "train_iter_time_s": 16.055904865264893,
  "init_seed": 200,
  "train_seed": 202,
  "best_reward_so_far": 1214.9575084773655
}