{
  "sharpness": 1.5767171015130712,
  "gradient_smoothness": 0.07494547252710446,
  "loss_mean": 0.0,
  "loss_std": 0.0,
  "loss_trend": 2.9877927470620975e-11,
  "parameter_norm": 27.400112644274284,
  "lambda_max_10": -18.437530517578125,
  "hessian_trace_10": 127.21667442321777,
  "fim_trace": 1338.027614608407,
  "step_count": 113,
  "timestamp": 1763773463.9508967,
  "num_steps": 3735552,
  "feature_compute_time_s": 4.556535243988037,
  "train_iter_time_s": 7.589788913726807,
  "init_seed": 200,
  "train_seed": 202,
  "best_reward_so_far": 965.9048858685043
}