{
  "sharpness": 0.9106779137781794,
  "gradient_smoothness": 0.14527860389683345,
  "loss_mean": 0.0,
  "loss_std": 0.0,
  "loss_trend": 4.9950876666231894e-11,
  "parameter_norm": 24.900320269859453,
  "lambda_max_10": 5.024093151092529,
  "hessian_trace_10": 69.05826320648194,
  "fim_trace": 336.5341642946005,
  "step_count": 63,
  "timestamp": 1763782298.5132594,
  "num_steps": 2097152,
  "feature_compute_time_s": 7.00304102897644,
  "train_iter_time_s": 12.704001426696777,
  "init_seed": 207,
  "train_seed": 200,
  "best_reward_so_far": 810.2374889578368
}