{
  "sharpness": 1.4831952873120242,
  "gradient_smoothness": 0.027500133403359904,
  "loss_mean": 0.0,
  "loss_std": 0.0,
  "loss_trend": 1.223881353359589e-10,
  "parameter_norm": 33.761274946008555,
  "lambda_max_10": -27.40777587890625,
  "hessian_trace_10": 570.4199951171875,
  "fim_trace": 2988.4925538375974,
  "step_count": 17,
  "timestamp": 1765441706.8702326,
  "episode_reward": -5.40010404586792,
  "num_steps": 589824,
  "feature_compute_time_s": 5.4049904346466064,
  "train_iter_time_s": 4.705330848693848,
  "init_seed": 200,
  "train_seed": 206,
  "best_reward_so_far": 382.029197859023
}