{
  "sharpness": 1.837464708946448,
  "gradient_smoothness": 0.266465738523679,
  "loss_mean": 0.0,
  "loss_std": 0.0,
  "loss_trend": -5.264729756404768e-11,
  "parameter_norm": 29.658833323482767,
  "lambda_max_10": -49.99000549316406,
  "hessian_trace_10": 374.9229339599609,
  "fim_trace": 7952.627562016249,
  "step_count": 11,
  "timestamp": 1764159125.6141603,
  "episode_reward": 2798.240966796875,
  "num_steps": 393216,
  "feature_compute_time_s": 5.091055154800415,
  "train_iter_time_s": 3.289935350418091,
  "init_seed": 205,
  "train_seed": 200,
  "best_reward_so_far": -Infinity
}