{
  "sharpness": 1.5759884158223216,
  "gradient_smoothness": 0.01215921992678554,
  "loss_mean": 0.0,
  "loss_std": 0.0,
  "loss_trend": 5.535830384875845e-11,
  "parameter_norm": 27.394410179172322,
  "lambda_max_10": -7.294824123382568,
  "hessian_trace_10": 161.29405822753907,
  "fim_trace": 251.2833219356835,
  "step_count": 73,
  "timestamp": 1763767820.69967,
  "episode_reward": 1305.568974495879,
  "num_steps": 2424832,
  "feature_compute_time_s": 7.58218240737915,
  "train_iter_time_s": 15.399419069290161,
  "init_seed": 204,
  "train_seed": 200,
  "best_reward_so_far": 1410.8788878485864
}