{
  "sharpness": 1.1792222578240206,
  "gradient_smoothness": 0.04296906995722135,
  "loss_mean": 0.0,
  "loss_std": 0.0,
  "loss_trend": 4.2002877352095894e-11,
  "parameter_norm": 31.53164797906326,
  "lambda_max_10": -20.05218505859375,
  "hessian_trace_10": 402.2036193847656,
  "fim_trace": 1371.7076492011547,
  "step_count": 174,
  "timestamp": 1763763120.4740891,
  "episode_reward": 1186.990818447457,
  "num_steps": 5734400,
  "feature_compute_time_s": 4.523439884185791,
  "train_iter_time_s": 19.04048752784729,
  "init_seed": 200,
  "train_seed": 202,
  "best_reward_so_far": 1407.3828985638045
}