{
  "sharpness": 1.2692943163113297,
  "gradient_smoothness": 0.09015540981228395,
  "loss_mean": 0.0,
  "loss_std": 0.0,
  "loss_trend": -1.3882220596607786e-11,
  "parameter_norm": 33.032313316500094,
  "lambda_max_10": -26.518495559692383,
  "hessian_trace_10": 462.30840759277345,
  "fim_trace": 2695.4732334390283,
  "step_count": 7,
  "timestamp": 1765444786.7893994,
  "episode_reward": 60.326786041259766,
  "num_steps": 262144,
  "feature_compute_time_s": 10.861629724502563,
  "train_iter_time_s": 3.925673484802246,
  "init_seed": 205,
  "train_seed": 200,
  "best_reward_so_far": 180.91676214905542
}