{
  "sharpness": 1.0955515878814281,
  "gradient_smoothness": 0.5022193559111118,
  "loss_mean": 0.0,
  "loss_std": 0.0,
  "loss_trend": -8.144515054231397e-11,
  "parameter_norm": 32.61199506578474,
  "lambda_max_10": -26.2052001953125,
  "hessian_trace_10": 469.5008087158203,
  "fim_trace": 2216.3255840167403,
  "step_count": 303,
  "timestamp": 1763766730.4729013,
  "episode_reward": 1692.1429682744479,
  "num_steps": 9961472,
  "feature_compute_time_s": 8.719115734100342,
  "train_iter_time_s": 15.56337022781372,
  "init_seed": 200,
  "train_seed": 204,
  "best_reward_so_far": 2196.935123902587
}