{
  "sharpness": 1.5841035856662546,
  "gradient_smoothness": 0.009877267815618871,
  "loss_mean": 0.0,
  "loss_std": 0.0,
  "loss_trend": -1.2298485173043507e-11,
  "parameter_norm": 32.140464480499375,
  "lambda_max_10": -49.336490631103516,
  "hessian_trace_10": 531.7360168457031,
  "fim_trace": 2595.8349084015936,
  "step_count": 221,
  "timestamp": 1763771141.0057204,
  "episode_reward": 1298.0851198098749,
  "num_steps": 7274496,
  "feature_compute_time_s": 5.995519161224365,
  "train_iter_time_s": 15.139546155929565,
  "init_seed": 203,
  "train_seed": 200,
  "best_reward_so_far": 1487.1279666013795
}