{
  "sharpness": 2.4583899649721928,
  "gradient_smoothness": 0.0253313378207787,
  "loss_mean": 0.0,
  "loss_std": 0.0,
  "loss_trend": 3.85598757663834e-09,
  "parameter_norm": 41.381221929803885,
  "lambda_max_10": -65.82351684570312,
  "hessian_trace_10": 486.53948364257815,
  "fim_trace": 5745.931395918131,
  "step_count": 5,
  "timestamp": 1766080415.9522955,
  "episode_reward": -346.68170166015625,
  "num_steps": 196608,
  "feature_compute_time_s": 5.121927738189697,
  "train_iter_time_s": 2.679987907409668,
  "init_seed": 200,
  "train_seed": 206,
  "best_reward_so_far": -Infinity
}