{
  "sharpness": 1.216647265382016,
  "gradient_smoothness": 0.0,
  "loss_mean": 0.0,
  "loss_std": 0.0,
  "loss_trend": 0.0,
  "parameter_norm": 32.52544633131812,
  "lambda_max_10": -19.084318161010742,
  "hessian_trace_10": 414.23728942871094,
  "fim_trace": 1801.6196235343814,
  "step_count": 1,
  "timestamp": 1765438963.0423615,
  "episode_reward": 23.401084899902344,
  "num_steps": 65536,
  "feature_compute_time_s": 6.412136793136597,
  "train_iter_time_s": 4.733496427536011,
  "init_seed": 200,
  "train_seed": 201,
  "best_reward_so_far": 15.814512164748447
}