{
  "sharpness": 1.8240033535329143,
  "gradient_smoothness": 0.6150957713347833,
  "loss_mean": 0.0,
  "loss_std": 0.0,
  "loss_trend": -3.9231992111401593e-10,
  "parameter_norm": 29.9053872132308,
  "lambda_max_10": 4.691584587097168,
  "hessian_trace_10": 107.61245269775391,
  "fim_trace": 6477.626469269395,
  "step_count": 14,
  "timestamp": 1764177361.5809593,
  "episode_reward": 1690.294189453125,
  "num_steps": 491520,
  "feature_compute_time_s": 8.73127555847168,
  "train_iter_time_s": 6.541335821151733,
  "init_seed": 200,
  "train_seed": 201,
  "best_reward_so_far": -Infinity
}