{
  "sharpness": 1.283090287928837,
  "gradient_smoothness": 0.020746775750144282,
  "loss_mean": 0.0,
  "loss_std": 0.0,
  "loss_trend": 6.494392812014624e-11,
  "parameter_norm": 32.445091018079175,
  "lambda_max_10": -28.12006950378418,
  "hessian_trace_10": 331.89285430908205,
  "fim_trace": 1530.4468689411879,
  "step_count": 247,
  "timestamp": 1763764689.5866222,
  "episode_reward": 1747.664602780492,
  "num_steps": 8126464,
  "feature_compute_time_s": 7.539446830749512,
  "train_iter_time_s": 16.167617559432983,
  "init_seed": 200,
  "train_seed": 203,
  "best_reward_so_far": 2246.502645363276
}