{
  "sharpness": 1.2074372570964629,
  "gradient_smoothness": 0.018583859294755097,
  "loss_mean": 0.0,
  "loss_std": 0.0,
  "loss_trend": -1.436742111742205e-12,
  "parameter_norm": 32.1052796289767,
  "lambda_max_10": -27.887042999267578,
  "hessian_trace_10": 432.5740631103516,
  "fim_trace": 2176.501804627478,
  "step_count": 268,
  "timestamp": 1763766449.14781,
  "episode_reward": 1514.8994401884759,
  "num_steps": 8814592,
  "feature_compute_time_s": 6.792756795883179,
  "train_iter_time_s": 16.92193341255188,
  "init_seed": 200,
  "train_seed": 201,
  "best_reward_so_far": 1754.2972291488036
}