{
  "sharpness": 1.2698004745714648,
  "gradient_smoothness": 0.004350263181150374,
  "loss_mean": 0.0,
  "loss_std": 0.0,
  "loss_trend": 1.5839429322920932e-10,
  "parameter_norm": 34.159372833031306,
  "lambda_max_10": -20.41105842590332,
  "hessian_trace_10": 264.01151275634766,
  "fim_trace": 2054.1780907809734,
  "step_count": 32,
  "timestamp": 1765441205.8096843,
  "episode_reward": 1026.3834228515625,
  "num_steps": 1081344,
  "feature_compute_time_s": 10.682693481445312,
  "train_iter_time_s": 3.699427604675293,
  "init_seed": 200,
  "train_seed": 205,
  "best_reward_so_far": 822.2011654012065
}