{
  "sharpness": 1.6714670574468669,
  "gradient_smoothness": 0.6424201467209297,
  "loss_mean": 0.0,
  "loss_std": 0.0,
  "loss_trend": 2.3099135704240014e-10,
  "parameter_norm": 29.634090885069607,
  "lambda_max_10": 9.822583198547363,
  "hessian_trace_10": 309.45794067382815,
  "fim_trace": 5631.662131905556,
  "step_count": 14,
  "timestamp": 1764168162.959061,
  "episode_reward": 3189.820556640625,
  "num_steps": 491520,
  "feature_compute_time_s": 8.409498453140259,
  "train_iter_time_s": 5.170106410980225,
  "init_seed": 205,
  "train_seed": 200,
  "best_reward_so_far": -Infinity
}