{
  "sharpness": 1.1985713126927409,
  "gradient_smoothness": 0.4994670516270506,
  "loss_mean": 0.0,
  "loss_std": 0.0,
  "loss_trend": 9.039927675241233e-11,
  "parameter_norm": 34.06404648391833,
  "lambda_max_10": -47.2144889831543,
  "hessian_trace_10": 501.3279235839844,
  "fim_trace": 4515.441506136209,
  "step_count": 59,
  "timestamp": 1765439706.144017,
  "episode_reward": 1030.5086669921875,
  "num_steps": 1966080,
  "feature_compute_time_s": 6.614061594009399,
  "train_iter_time_s": 4.539057493209839,
  "init_seed": 200,
  "train_seed": 201,
  "best_reward_so_far": 860.5812428050442
}