{
  "sharpness": 1.4176073249083476,
  "gradient_smoothness": 0.03189838432418389,
  "loss_mean": 0.0,
  "loss_std": 0.0,
  "loss_trend": 7.930206585008311e-12,
  "parameter_norm": 32.34022055874791,
  "lambda_max_10": -44.055641174316406,
  "hessian_trace_10": 685.2823211669922,
  "fim_trace": 2845.3253053836524,
  "step_count": 229,
  "timestamp": 1763770872.945861,
  "episode_reward": 2089.2313947598045,
  "num_steps": 7536640,
  "feature_compute_time_s": 7.934007883071899,
  "train_iter_time_s": 13.836853742599487,
  "init_seed": 202,
  "train_seed": 200,
  "best_reward_so_far": 2414.311378634707
}