{
  "sharpness": 1.9013858408071198,
  "gradient_smoothness": 0.7615941559557649,
  "loss_mean": 0.0,
  "loss_std": 0.0,
  "loss_trend": 4.5225964342172995e-10,
  "parameter_norm": 29.337837119798024,
  "lambda_max_10": 31.633358001708984,
  "hessian_trace_10": 295.02985458374025,
  "fim_trace": 3985.3586010336876,
  "step_count": 15,
  "timestamp": 1764156989.3941097,
  "episode_reward": 1372.1064453125,
  "num_steps": 524288,
  "feature_compute_time_s": 5.0496251583099365,
  "train_iter_time_s": 5.594932556152344,
  "init_seed": 203,
  "train_seed": 200,
  "best_reward_so_far": 1088.4385641660774
}