{
  "sharpness": 1.3861075952829773,
  "gradient_smoothness": 0.14660436449046085,
  "loss_mean": 0.0,
  "loss_std": 0.0,
  "loss_trend": 1.7255384507873324e-09,
  "parameter_norm": 33.236923639460144,
  "lambda_max_10": -52.13580322265625,
  "hessian_trace_10": 787.1573974609375,
  "fim_trace": 4373.004882607609,
  "step_count": 5,
  "timestamp": 1765442476.8132977,
  "episode_reward": -19.301694869995117,
  "num_steps": 196608,
  "feature_compute_time_s": 5.59876561164856,
  "train_iter_time_s": 3.7368807792663574,
  "init_seed": 202,
  "train_seed": 200,
  "best_reward_so_far": 12.405945698025876
}