{
  "sharpness": 1.6442885876180398,
  "gradient_smoothness": 0.027245839449736547,
  "loss_mean": 0.0,
  "loss_std": 0.0,
  "loss_trend": 3.705716509131655e-10,
  "parameter_norm": 33.19255426892894,
  "lambda_max_10": -41.75745391845703,
  "hessian_trace_10": 392.3490905761719,
  "fim_trace": 2889.991041712463,
  "step_count": 13,
  "timestamp": 1765442206.6788554,
  "episode_reward": 983.7094116210938,
  "num_steps": 458752,
  "feature_compute_time_s": 5.611862421035767,
  "train_iter_time_s": 3.8360652923583984,
  "init_seed": 203,
  "train_seed": 200,
  "best_reward_so_far": 157.21324814533457
}