{
  "sharpness": 1.6819165853258766,
  "gradient_smoothness": 0.10001226577845215,
  "loss_mean": 0.0,
  "loss_std": 0.0,
  "loss_trend": 5.247571564877224e-09,
  "parameter_norm": 30.16971740011886,
  "lambda_max_10": 36.245662689208984,
  "hessian_trace_10": 182.08923950195313,
  "fim_trace": 5433.545840233564,
  "step_count": 4,
  "timestamp": 1764177737.6413662,
  "episode_reward": 3175.0849609375,
  "num_steps": 163840,
  "feature_compute_time_s": 4.269466400146484,
  "train_iter_time_s": 2.7683935165405273,
  "init_seed": 205,
  "train_seed": 200,
  "best_reward_so_far": -Infinity
}