{
  "sharpness": 1.8084800003809527,
  "gradient_smoothness": 0.2144789585489759,
  "loss_mean": 0.0,
  "loss_std": 0.0,
  "loss_trend": -1.4936341735520814e-09,
  "parameter_norm": 101.88700254444441,
  "lambda_max_10": 6.974018096923828,
  "hessian_trace_10": 20.609986734390258,
  "fim_trace": 3051.0921714752913,
  "step_count": 9,
  "timestamp": 1764177621.0719976,
  "episode_reward": -752.7424926757812,
  "num_steps": 327680,
  "feature_compute_time_s": 5.366295337677002,
  "train_iter_time_s": 2.680631160736084,
  "init_seed": 201,
  "train_seed": 200,
  "best_reward_so_far": -Infinity
}