{
  "sharpness": 1.3647530370085148,
  "gradient_smoothness": 0.032717688724047636,
  "loss_mean": 0.0,
  "loss_std": 0.0,
  "loss_trend": 1.1782388460328632e-11,
  "parameter_norm": 28.28844747746051,
  "lambda_max_10": -7.062756061553955,
  "hessian_trace_10": 184.71320037841798,
  "fim_trace": 387.608913987875,
  "step_count": 90,
  "timestamp": 1763764924.9643748,
  "episode_reward": 686.112773915099,
  "num_steps": 2981888,
  "feature_compute_time_s": 4.836688280105591,
  "train_iter_time_s": 9.939868927001953,
  "init_seed": 200,
  "train_seed": 200,
  "best_reward_so_far": 825.5063438058102
}