{
  "sharpness": 1.4756349001655218,
  "gradient_smoothness": 0.018899592616635586,
  "loss_mean": 0.0,
  "loss_std": 0.0,
  "loss_trend": -1.1481532420246034e-11,
  "parameter_norm": 27.47813296041652,
  "lambda_max_10": -8.84422779083252,
  "hessian_trace_10": 174.65186233520507,
  "fim_trace": 318.9195917211473,
  "step_count": 79,
  "timestamp": 1763761045.3778915,
  "episode_reward": 1059.3129209989177,
  "num_steps": 2621440,
  "feature_compute_time_s": 8.712568998336792,
  "train_iter_time_s": 17.86105251312256,
  "init_seed": 200,
  "train_seed": 201,
  "best_reward_so_far": 1096.2238971846286
}