{
  "sharpness": 1.8721961574503352,
  "gradient_smoothness": 0.7615941559557649,
  "loss_mean": 0.0,
  "loss_std": 0.0,
  "loss_trend": -4.593392530573864e-10,
  "parameter_norm": 40.94262118609629,
  "lambda_max_10": -29.373291015625,
  "hessian_trace_10": 427.05658569335935,
  "fim_trace": 3325.7077175974846,
  "step_count": 15,
  "timestamp": 1766081053.967047,
  "episode_reward": 1105.9659423828125,
  "num_steps": 524288,
  "feature_compute_time_s": 6.057356834411621,
  "train_iter_time_s": 3.5183703899383545,
  "init_seed": 203,
  "train_seed": 200,
  "best_reward_so_far": 204.85121027052242
}