{
  "sharpness": 2.449737821475624,
  "gradient_smoothness": 0.24847964303418776,
  "loss_mean": 0.0,
  "loss_std": 0.0,
  "loss_trend": -5.211708707112725e-09,
  "parameter_norm": 31.188027083905272,
  "lambda_max_10": -52.53857421875,
  "hessian_trace_10": 129.7205104827881,
  "fim_trace": 6360.968139111996,
  "step_count": 3,
  "timestamp": 1764170275.1414013,
  "episode_reward": 1458.842529296875,
  "num_steps": 131072,
  "feature_compute_time_s": 8.277851104736328,
  "train_iter_time_s": 5.01279354095459,
  "init_seed": 200,
  "train_seed": 201,
  "best_reward_so_far": -Infinity
}