{
  "sharpness": 2.1106854062243134,
  "gradient_smoothness": 0.04254296264427615,
  "loss_mean": 0.0,
  "loss_std": 0.0,
  "loss_trend": 3.802205312372324e-11,
  "parameter_norm": 27.6322078429883,
  "lambda_max_10": -14.774483680725098,
  "hessian_trace_10": 147.2733917236328,
  "fim_trace": 1100.9153031036258,
  "step_count": 119,
  "timestamp": 1763778413.1649232,
  "num_steps": 3932160,
  "feature_compute_time_s": 6.531139135360718,
  "train_iter_time_s": 13.768794536590576,
  "init_seed": 201,
  "train_seed": 200,
  "best_reward_so_far": 917.083857969849
}