{
  "sharpness": 1.4303600845677706,
  "gradient_smoothness": 0.046374571303746906,
  "loss_mean": 0.0,
  "loss_std": 0.0,
  "loss_trend": -4.029015211684732e-11,
  "parameter_norm": 29.626740235579554,
  "lambda_max_10": -18.34400177001953,
  "hessian_trace_10": 217.11923828125,
  "fim_trace": 539.9503490440547,
  "step_count": 119,
  "timestamp": 1763761774.7356412,
  "episode_reward": 1211.4215148178105,
  "num_steps": 3932160,
  "feature_compute_time_s": 6.030182838439941,
  "train_iter_time_s": 16.977050065994263,
  "init_seed": 200,
  "train_seed": 203,
  "best_reward_so_far": 1346.2710757965028
}