{
  "sharpness": 1.4196206096700474,
  "gradient_smoothness": 0.03259714709589712,
  "loss_mean": 0.0,
  "loss_std": 0.0,
  "loss_trend": -1.4402647575789228e-11,
  "parameter_norm": 30.068802616937173,
  "lambda_max_10": -25.151851654052734,
  "hessian_trace_10": 296.5310775756836,
  "fim_trace": 1164.5313490964472,
  "step_count": 132,
  "timestamp": 1763761783.8857827,
  "episode_reward": 1079.9129189937973,
  "num_steps": 4358144,
  "feature_compute_time_s": 7.169034957885742,
  "train_iter_time_s": 13.233652830123901,
  "init_seed": 200,
  "train_seed": 207,
  "best_reward_so_far": 1079.9129189937973
}