{
  "sharpness": 1.7166189641501233,
  "gradient_smoothness": 0.21082800233890264,
  "loss_mean": 0.0,
  "loss_std": 0.0,
  "loss_trend": 2.5826438129044767e-09,
  "parameter_norm": 29.508032732473126,
  "lambda_max_10": 22.425024032592773,
  "hessian_trace_10": 53.62413387298584,
  "fim_trace": 2746.691275149584,
  "step_count": 5,
  "timestamp": 1764152737.629287,
  "episode_reward": 3491.571533203125,
  "num_steps": 196608,
  "feature_compute_time_s": 9.834213256835938,
  "train_iter_time_s": 3.3123106956481934,
  "init_seed": 200,
  "train_seed": 207,
  "best_reward_so_far": -Infinity
}