{
  "sharpness": 1.29031468459082,
  "gradient_smoothness": 0.06998927386847206,
  "loss_mean": 0.0,
  "loss_std": 0.0,
  "loss_trend": 1.8634897769601924e-10,
  "parameter_norm": 33.59614193322794,
  "lambda_max_10": -25.862281799316406,
  "hessian_trace_10": 460.45725402832034,
  "fim_trace": 2304.586084641516,
  "step_count": 26,
  "timestamp": 1765438495.37376,
  "episode_reward": 1047.351318359375,
  "num_steps": 884736,
  "feature_compute_time_s": 6.287912845611572,
  "train_iter_time_s": 4.512070417404175,
  "init_seed": 200,
  "train_seed": 201,
  "best_reward_so_far": 451.95439260425724
}