{
  "sharpness": 2.2897540985458518,
  "gradient_smoothness": 0.7615941559557649,
  "loss_mean": 0.0,
  "loss_std": 0.0,
  "loss_trend": -2.6836866402516198e-11,
  "parameter_norm": 29.139001881324187,
  "lambda_max_10": -57.01445007324219,
  "hessian_trace_10": 390.8825942993164,
  "fim_trace": 3735.6632125377655,
  "step_count": 15,
  "timestamp": 1764156793.3012457,
  "episode_reward": 1355.3031005859375,
  "num_steps": 524288,
  "feature_compute_time_s": 7.7107226848602295,
  "train_iter_time_s": 2.838754177093506,
  "init_seed": 202,
  "train_seed": 200,
  "best_reward_so_far": 1032.522929869431
}