{
  "sharpness": 1.711141881870026,
  "gradient_smoothness": 0.07789322208312993,
  "loss_mean": 0.0,
  "loss_std": 0.0,
  "loss_trend": -7.695014899057993e-11,
  "parameter_norm": 29.507735364183553,
  "lambda_max_10": -128.87940979003906,
  "hessian_trace_10": 1149.8608428955079,
  "fim_trace": 11910.00326320529,
  "step_count": 233,
  "timestamp": 1763777471.584495,
  "num_steps": 7667712,
  "feature_compute_time_s": 6.054340124130249,
  "train_iter_time_s": 11.293238162994385,
  "init_seed": 200,
  "train_seed": 205,
  "best_reward_so_far": 1200.7899135654225
}