{
  "sharpness": 1.8158242410542274,
  "gradient_smoothness": 0.1608942804728892,
  "loss_mean": 0.0,
  "loss_std": 0.0,
  "loss_trend": 9.371247439153128e-12,
  "parameter_norm": 31.835758667919617,
  "lambda_max_10": -86.94134521484375,
  "hessian_trace_10": 855.166357421875,
  "fim_trace": 11417.872875064611,
  "step_count": 7,
  "timestamp": 1764177478.5995855,
  "episode_reward": 1133.298095703125,
  "num_steps": 262144,
  "feature_compute_time_s": 5.252573251724243,
  "train_iter_time_s": 3.2830746173858643,
  "init_seed": 200,
  "train_seed": 202,
  "best_reward_so_far": -Infinity
}