{
  "sharpness": 2.845055969353243,
  "gradient_smoothness": 0.08536098228915406,
  "loss_mean": 0.0,
  "loss_std": 0.0,
  "loss_trend": -1.4128217010540481e-09,
  "parameter_norm": 43.780562581114125,
  "lambda_max_10": 42.16455078125,
  "hessian_trace_10": 280.55914916992185,
  "fim_trace": 3595.502852857113,
  "step_count": 5,
  "timestamp": 1764177679.9072833,
  "episode_reward": 2542.1630859375,
  "num_steps": 196608,
  "feature_compute_time_s": 8.97250485420227,
  "train_iter_time_s": 4.018949747085571,
  "init_seed": 200,
  "train_seed": 207,
  "best_reward_so_far": -Infinity
}