{
  "sharpness": 1.4554466146812381,
  "gradient_smoothness": 0.04834590401017475,
  "loss_mean": 0.0,
  "loss_std": 0.0,
  "loss_trend": -8.858858970891258e-11,
  "parameter_norm": 25.63358511684224,
  "lambda_max_10": -8.991711616516113,
  "hessian_trace_10": 65.19116268157958,
  "fim_trace": 480.98171927034855,
  "step_count": 77,
  "timestamp": 1763774466.1197684,
  "num_steps": 2555904,
  "feature_compute_time_s": 8.950429677963257,
  "train_iter_time_s": 13.234747409820557,
  "init_seed": 200,
  "train_seed": 204,
  "best_reward_so_far": 618.3890793836001
}