{
  "sharpness": 1.7741133123244375,
  "gradient_smoothness": 0.43827236827153715,
  "loss_mean": 0.0,
  "loss_std": 0.0,
  "loss_trend": 1.2088174718662546e-09,
  "parameter_norm": 30.33594446054083,
  "lambda_max_10": 31.656532287597656,
  "hessian_trace_10": 166.46453952789307,
  "fim_trace": 6367.2854525744915,
  "step_count": 13,
  "timestamp": 1764154521.5548065,
  "episode_reward": 1616.075439453125,
  "num_steps": 458752,
  "feature_compute_time_s": 5.051340818405151,
  "train_iter_time_s": 4.378981828689575,
  "init_seed": 200,
  "train_seed": 200,
  "best_reward_so_far": -Infinity
}