{
  "sharpness": 2.7509694165697525,
  "gradient_smoothness": 0.35917021130605686,
  "loss_mean": 0.0,
  "loss_std": 0.0,
  "loss_trend": -1.2658231256685818e-09,
  "parameter_norm": 31.579112771759096,
  "lambda_max_10": -35.51430130004883,
  "hessian_trace_10": 9.88097267150879,
  "fim_trace": 3517.965914160013,
  "step_count": 12,
  "timestamp": 1764178119.6330214,
  "episode_reward": 3881.251708984375,
  "num_steps": 425984,
  "feature_compute_time_s": 5.056210279464722,
  "train_iter_time_s": 2.6406588554382324,
  "init_seed": 204,
  "train_seed": 200,
  "best_reward_so_far": -Infinity
}