{
  "sharpness": 1.1519277189989847,
  "gradient_smoothness": 0.19986586448001625,
  "loss_mean": 0.0,
  "loss_std": 0.0,
  "loss_trend": -2.6481745482222643e-11,
  "parameter_norm": 34.27916182120014,
  "lambda_max_10": -37.640045166015625,
  "hessian_trace_10": 479.9642700195312,
  "fim_trace": 2995.1243153847754,
  "step_count": 55,
  "timestamp": 1765443737.44356,
  "episode_reward": -6.098745346069336,
  "num_steps": 1835008,
  "feature_compute_time_s": 5.577570199966431,
  "train_iter_time_s": 3.7678561210632324,
  "init_seed": 204,
  "train_seed": 200,
  "best_reward_so_far": 860.6778216561638
}