{
  "sharpness": 0.8998037459865879,
  "gradient_smoothness": 0.07066751110495137,
  "loss_mean": 0.0,
  "loss_std": 0.0,
  "loss_trend": -1.0241971955896513e-10,
  "parameter_norm": 24.551943263458792,
  "lambda_max_10": 6.347886562347412,
  "hessian_trace_10": 75.49693222045899,
  "fim_trace": 211.57351867854595,
  "step_count": 58,
  "timestamp": 1763779809.8140047,
  "num_steps": 1933312,
  "feature_compute_time_s": 8.299612760543823,
  "train_iter_time_s": 11.759657859802246,
  "init_seed": 204,
  "train_seed": 200,
  "best_reward_so_far": 367.45302269182537
}