{
  "sharpness": 1.4346565544864414,
  "gradient_smoothness": 0.0017774486721256549,
  "loss_mean": 0.0,
  "loss_std": 0.0,
  "loss_trend": -7.362813058069308e-12,
  "parameter_norm": 29.51957501533327,
  "lambda_max_10": 13.222270965576172,
  "hessian_trace_10": 348.81519012451173,
  "fim_trace": 1219.8444917723536,
  "step_count": 120,
  "timestamp": 1763770769.3059824,
  "episode_reward": 1121.290655747488,
  "num_steps": 3964928,
  "feature_compute_time_s": 8.246431350708008,
  "train_iter_time_s": 18.754696369171143,
  "init_seed": 207,
  "train_seed": 200,
  "best_reward_so_far": 1206.3142844063873
}