{
  "sharpness": 1.383411387801074,
  "gradient_smoothness": 0.01726549387456996,
  "loss_mean": 0.0,
  "loss_std": 0.0,
  "loss_trend": -2.6847409432954895e-11,
  "parameter_norm": 30.211174184635293,
  "lambda_max_10": -27.444839477539062,
  "hessian_trace_10": 540.6325592041015,
  "fim_trace": 1725.174661718309,
  "step_count": 138,
  "timestamp": 1763761924.3668494,
  "episode_reward": 1154.4179491981506,
  "num_steps": 4554752,
  "feature_compute_time_s": 6.27556037902832,
  "train_iter_time_s": 17.49246048927307,
  "init_seed": 200,
  "train_seed": 207,
  "best_reward_so_far": 1186.8085548879967
}