{
  "sharpness": 1.7905060298249011,
  "gradient_smoothness": 0.13079831217234852,
  "loss_mean": 0.0,
  "loss_std": 0.0,
  "loss_trend": -2.2349330992947423e-11,
  "parameter_norm": 28.731412177200127,
  "lambda_max_10": -21.539443969726562,
  "hessian_trace_10": 270.44551010131835,
  "fim_trace": 3468.632044196129,
  "step_count": 208,
  "timestamp": 1763783537.5110178,
  "num_steps": 6848512,
  "feature_compute_time_s": 7.395405530929565,
  "train_iter_time_s": 11.268832921981812,
  "init_seed": 205,
  "train_seed": 200,
  "best_reward_so_far": 1455.536138834872
}