{
  "sharpness": 1.2910477637442037,
  "gradient_smoothness": 0.08773764873536387,
  "loss_mean": 0.0,
  "loss_std": 0.0,
  "loss_trend": 4.525838894566255e-11,
  "parameter_norm": 28.286301438883736,
  "lambda_max_10": -3.570690155029297,
  "hessian_trace_10": 227.8181465148926,
  "fim_trace": 1375.5230750888586,
  "step_count": 143,
  "timestamp": 1763778907.0017784,
  "num_steps": 4718592,
  "feature_compute_time_s": 6.996362924575806,
  "train_iter_time_s": 13.996521472930908,
  "init_seed": 201,
  "train_seed": 200,
  "best_reward_so_far": 1034.7179435106987
}