{
  "sharpness": 0.2019134081041446,
  "gradient_smoothness": 0.07354324918803469,
  "loss_mean": 0.0,
  "loss_std": 0.0,
  "loss_trend": -8.70333951085599e-10,
  "parameter_norm": 19.95493943571918,
  "lambda_max_10": -0.9011319875717163,
  "hessian_trace_10": -5.112208992242813,
  "fim_trace": 27.397194726392627,
  "step_count": 5,
  "timestamp": 1763781088.573818,
  "num_steps": 196608,
  "feature_compute_time_s": 7.382158279418945,
  "train_iter_time_s": 13.766687154769897,
  "init_seed": 207,
  "train_seed": 200,
  "best_reward_so_far": -Infinity
}