{
  "sharpness": 1.2047783315892213,
  "gradient_smoothness": 0.04765272307825264,
  "loss_mean": 0.0,
  "loss_std": 0.0,
  "loss_trend": -1.7027872720345385e-09,
  "parameter_norm": 33.05236958681996,
  "lambda_max_10": -30.657512664794922,
  "hessian_trace_10": 464.4698211669922,
  "fim_trace": 1759.4382919743657,
  "step_count": 10,
  "timestamp": 1765439871.1527398,
  "episode_reward": 38.99283981323242,
  "num_steps": 360448,
  "feature_compute_time_s": 6.752197265625,
  "train_iter_time_s": 4.837758541107178,
  "init_seed": 200,
  "train_seed": 201,
  "best_reward_so_far": 177.20370436616955
}