{
  "sharpness": 2.1423423270361788,
  "gradient_smoothness": 0.26902371546037335,
  "loss_mean": 0.0,
  "loss_std": 0.0,
  "loss_trend": 1.2521345693726749e-09,
  "parameter_norm": 29.35222084177162,
  "lambda_max_10": -45.210533142089844,
  "hessian_trace_10": 73.3015697479248,
  "fim_trace": 4582.698207437992,
  "step_count": 11,
  "timestamp": 1764166704.125159,
  "episode_reward": 1523.9150390625,
  "num_steps": 393216,
  "feature_compute_time_s": 7.331724166870117,
  "train_iter_time_s": 4.1293840408325195,
  "init_seed": 200,
  "train_seed": 201,
  "best_reward_so_far": -Infinity
}