{
  "sharpness": 1.3435536223843405,
  "gradient_smoothness": 0.12009695622307352,
  "loss_mean": 0.0,
  "loss_std": 0.0,
  "loss_trend": 2.523468195654269e-09,
  "parameter_norm": 34.47275406585891,
  "lambda_max_10": -36.53164291381836,
  "hessian_trace_10": 472.7607666015625,
  "fim_trace": 2994.5946036726236,
  "step_count": 4,
  "timestamp": 1765469012.1839511,
  "episode_reward": 382.9834289550781,
  "num_steps": 163840,
  "feature_compute_time_s": 8.58000135421753,
  "train_iter_time_s": 4.134244441986084,
  "init_seed": 200,
  "train_seed": 201,
  "best_reward_so_far": 84.61732960912951
}