{
  "sharpness": 2.7359140138819926,
  "gradient_smoothness": 0.0,
  "parameter_norm": 29.653613006909694,
  "lambda_max_10": -37.99432373046875,
  "hessian_trace_10": 495.2539367675781,
  "fim_trace": 1927.866020321846,
  "step_count": 0,
  "timestamp": 1764154759.2147686,
  "episode_reward": 1196.0791015625,
  "num_steps": 32768,
  "feature_compute_time_s": 5.043040037155151,
  "train_iter_time_s": 7.642955780029297,
  "init_seed": 201,
  "train_seed": 200,
  "best_reward_so_far": -Infinity
}