{
  "sharpness": 2.948605009529581,
  "gradient_smoothness": 0.08500825989074262,
  "loss_mean": 0.0,
  "loss_std": 0.0,
  "loss_trend": 3.122750657044076e-11,
  "parameter_norm": 29.43470812904799,
  "lambda_max_10": -39.956722259521484,
  "hessian_trace_10": 422.3160919189453,
  "fim_trace": 2036.196128129959,
  "step_count": 217,
  "timestamp": 1763780439.5345576,
  "num_steps": 7143424,
  "feature_compute_time_s": 7.54489278793335,
  "train_iter_time_s": 13.357320785522461,
  "init_seed": 201,
  "train_seed": 200,
  "best_reward_so_far": 1105.6914288870053
}