{
  "sharpness": 1.9516963612152278,
  "gradient_smoothness": 0.0597194633850115,
  "loss_mean": 0.0,
  "loss_std": 0.0,
  "loss_trend": -5.161918686929721e-11,
  "parameter_norm": 27.573470166832973,
  "lambda_max_10": 11.31090259552002,
  "hessian_trace_10": 261.5939254760742,
  "fim_trace": 413.0820810236037,
  "step_count": 79,
  "timestamp": 1763767492.1740851,
  "episode_reward": 1154.6228883244721,
  "num_steps": 2621440,
  "feature_compute_time_s": 5.388643026351929,
  "train_iter_time_s": 13.389867782592773,
  "init_seed": 202,
  "train_seed": 200,
  "best_reward_so_far": 1266.3784218034439
}