{
  "sharpness": 1.971398159092323,
  "gradient_smoothness": 0.13746146831298922,
  "loss_mean": 0.0,
  "loss_std": 0.0,
  "loss_trend": 1.13947675443508e-09,
  "parameter_norm": 31.918559613213358,
  "lambda_max_10": -41.2127685546875,
  "hessian_trace_10": 332.55736846923827,
  "fim_trace": 4099.096288263798,
  "step_count": 7,
  "timestamp": 1764177485.3319619,
  "episode_reward": 2824.9736328125,
  "num_steps": 262144,
  "feature_compute_time_s": 7.442639589309692,
  "train_iter_time_s": 4.553425312042236,
  "init_seed": 200,
  "train_seed": 207,
  "best_reward_so_far": -Infinity
}