{
  "sharpness": 1.2142072303557334,
  "gradient_smoothness": 0.012734050470319334,
  "loss_mean": 0.0,
  "loss_std": 0.0,
  "loss_trend": -1.9370711903732411e-10,
  "parameter_norm": 34.50260226529991,
  "lambda_max_10": -22.536775588989258,
  "hessian_trace_10": 361.635237121582,
  "fim_trace": 1868.8282159790397,
  "step_count": 34,
  "timestamp": 1765440885.8480723,
  "episode_reward": -5.062892913818359,
  "num_steps": 1146880,
  "feature_compute_time_s": 10.838769674301147,
  "train_iter_time_s": 4.046865940093994,
  "init_seed": 201,
  "train_seed": 200,
  "best_reward_so_far": 839.0227213478097
}