{
  "sharpness": 1.4272253296374344,
  "gradient_smoothness": 0.07788558785635123,
  "loss_mean": 0.0,
  "loss_std": 0.0,
  "loss_trend": 9.91318275682977e-11,
  "parameter_norm": 34.20957787993997,
  "lambda_max_10": -12.960603713989258,
  "hessian_trace_10": 356.2890930175781,
  "fim_trace": 2040.1326903253794,
  "step_count": 43,
  "timestamp": 1765444217.102094,
  "episode_reward": -45.15094757080078,
  "num_steps": 1441792,
  "feature_compute_time_s": 5.3616509437561035,
  "train_iter_time_s": 3.755626678466797,
  "init_seed": 204,
  "train_seed": 200,
  "best_reward_so_far": 789.6692782052779
}