{
  "sharpness": 1.2853993264373846,
  "gradient_smoothness": 0.06850711726909928,
  "loss_mean": 0.0,
  "loss_std": 0.0,
  "loss_trend": -1.6062145471857918e-11,
  "parameter_norm": 33.871876967475984,
  "lambda_max_10": -28.59111785888672,
  "hessian_trace_10": 614.3411468505859,
  "fim_trace": 2302.7990474402905,
  "step_count": 34,
  "timestamp": 1765439388.88199,
  "episode_reward": 1029.64892578125,
  "num_steps": 1146880,
  "feature_compute_time_s": 6.287683486938477,
  "train_iter_time_s": 5.209990501403809,
  "init_seed": 200,
  "train_seed": 201,
  "best_reward_so_far": 712.2337632675496
}