{
  "sharpness": 1.256015473544441,
  "gradient_smoothness": 0.02852821708653703,
  "loss_mean": 0.0,
  "loss_std": 0.0,
  "loss_trend": -1.392383859852954e-11,
  "parameter_norm": 29.222363138086966,
  "lambda_max_10": -9.297659873962402,
  "hessian_trace_10": 250.86366271972656,
  "fim_trace": 619.5238160677254,
  "step_count": 109,
  "timestamp": 1763765207.1006866,
  "episode_reward": 657.5509718981453,
  "num_steps": 3604480,
  "feature_compute_time_s": 5.232119560241699,
  "train_iter_time_s": 9.500423192977905,
  "init_seed": 200,
  "train_seed": 200,
  "best_reward_so_far": 825.5063438058102
}