{
  "sharpness": 1.364419258561827,
  "gradient_smoothness": 0.13310220506038295,
  "loss_mean": 0.0,
  "loss_std": 0.0,
  "loss_trend": 1.5496490852594455e-09,
  "parameter_norm": 34.676241523417346,
  "lambda_max_10": -86.20525360107422,
  "hessian_trace_10": 714.0203277587891,
  "fim_trace": 8154.669600497931,
  "step_count": 4,
  "timestamp": 1765469078.2149732,
  "episode_reward": -10.234317779541016,
  "num_steps": 163840,
  "feature_compute_time_s": 10.548402786254883,
  "train_iter_time_s": 8.059428453445435,
  "init_seed": 200,
  "train_seed": 206,
  "best_reward_so_far": 60.063774684318034
}