{
  "sharpness": 1.4545749778699402,
  "gradient_smoothness": 0.004151230302686796,
  "loss_mean": 0.0,
  "loss_std": 0.0,
  "loss_trend": -3.7522065538168446e-09,
  "parameter_norm": 33.021361993306066,
  "lambda_max_10": -44.0726203918457,
  "hessian_trace_10": 864.7533325195312,
  "fim_trace": 2962.249946642667,
  "step_count": 3,
  "timestamp": 1764117394.3818102,
  "episode_reward": -4.415533541986403,
  "num_steps": 131072,
  "feature_compute_time_s": 50.7983512878418,
  "train_iter_time_s": 43.99483132362366,
  "init_seed": 202,
  "train_seed": 200,
  "best_reward_so_far": 11.258066631550317
}