{
  "sharpness": 1.6787573114768302,
  "gradient_smoothness": 0.00030572389722971965,
  "loss_mean": 0.0,
  "loss_std": 0.0,
  "loss_trend": -7.251663756338747e-13,
  "parameter_norm": 28.84951452403996,
  "lambda_max_10": -53.96409225463867,
  "hessian_trace_10": 511.2499298095703,
  "fim_trace": 4439.967979207635,
  "step_count": 179,
  "timestamp": 1763774287.762681,
  "num_steps": 5898240,
  "feature_compute_time_s": 4.4676220417022705,
  "train_iter_time_s": 7.38467264175415,
  "init_seed": 200,
  "train_seed": 202,
  "best_reward_so_far": 1073.9334355102728
}