{
  "sharpness": 1.1517621587447495,
  "gradient_smoothness": 0.06550341085147116,
  "loss_mean": 0.0,
  "loss_std": 0.0,
  "loss_trend": -1.3766887744429777e-11,
  "parameter_norm": 34.24265255865957,
  "lambda_max_10": -26.60480499267578,
  "hessian_trace_10": 644.0302001953125,
  "fim_trace": 2823.2911783903837,
  "step_count": 48,
  "timestamp": 1765444264.8319411,
  "episode_reward": -8.62340259552002,
  "num_steps": 1605632,
  "feature_compute_time_s": 5.597102165222168,
  "train_iter_time_s": 3.5893778800964355,
  "init_seed": 204,
  "train_seed": 200,
  "best_reward_so_far": 872.9480321723101
}