{
  "sharpness": 1.3800795393561787,
  "gradient_smoothness": 0.0722086551382623,
  "loss_mean": 0.0,
  "loss_std": 0.0,
  "loss_trend": 4.944212693172758e-13,
  "parameter_norm": 30.219403473591438,
  "lambda_max_10": -19.11707878112793,
  "hessian_trace_10": 196.86536674499513,
  "fim_trace": 820.3104318790138,
  "step_count": 134,
  "timestamp": 1763762118.6198685,
  "episode_reward": 1276.5959469059153,
  "num_steps": 4423680,
  "feature_compute_time_s": 7.179259538650513,
  "train_iter_time_s": 16.73798966407776,
  "init_seed": 200,
  "train_seed": 203,
  "best_reward_so_far": 1536.1159088600784
}