{
  "sharpness": 1.3716995776832843,
  "gradient_smoothness": 0.073881155600839,
  "loss_mean": 0.0,
  "loss_std": 0.0,
  "loss_trend": -1.8242589955046616e-10,
  "parameter_norm": 33.82460297504539,
  "lambda_max_10": -29.38616180419922,
  "hessian_trace_10": 483.9965423583984,
  "fim_trace": 2872.203366652131,
  "step_count": 29,
  "timestamp": 1765439725.5957217,
  "episode_reward": -5.549998760223389,
  "num_steps": 983040,
  "feature_compute_time_s": 5.4367592334747314,
  "train_iter_time_s": 3.876288890838623,
  "init_seed": 200,
  "train_seed": 203,
  "best_reward_so_far": 780.2086365515272
}