{
  "sharpness": 1.3090860489475633,
  "gradient_smoothness": 0.625592688751248,
  "loss_mean": 0.0,
  "loss_std": 0.0,
  "loss_trend": 2.1834949290382215e-10,
  "parameter_norm": 34.073230724242705,
  "lambda_max_10": -23.928550720214844,
  "hessian_trace_10": 181.95560989379882,
  "fim_trace": 1493.1842710860074,
  "step_count": 60,
  "timestamp": 1765444659.1931596,
  "episode_reward": 1084.759765625,
  "num_steps": 1998848,
  "feature_compute_time_s": 5.430402040481567,
  "train_iter_time_s": 4.286814212799072,
  "init_seed": 205,
  "train_seed": 200,
  "best_reward_so_far": 971.4222209857471
}