{
  "sharpness": 1.0291363371686617,
  "gradient_smoothness": 0.0036498825712299936,
  "loss_mean": 0.0,
  "loss_std": 0.0,
  "loss_trend": -1.9161318940083783e-11,
  "parameter_norm": 25.84117273928478,
  "lambda_max_10": -3.499689817428589,
  "hessian_trace_10": 58.35808792114258,
  "fim_trace": 119.75673794001341,
  "step_count": 53,
  "timestamp": 1763760058.202403,
  "episode_reward": 760.6226026512597,
  "num_steps": 1769472,
  "feature_compute_time_s": 7.141934633255005,
  "train_iter_time_s": 15.32327151298523,
  "init_seed": 200,
  "train_seed": 207,
  "best_reward_so_far": 760.6226026512597
}