{
  "sharpness": 1.1487206455739702,
  "gradient_smoothness": 0.0,
  "parameter_norm": 33.11979433191995,
  "lambda_max_10": -29.49567413330078,
  "hessian_trace_10": 397.1663421630859,
  "fim_trace": 2059.8994939439,
  "step_count": 0,
  "timestamp": 1765439479.8705463,
  "episode_reward": 143.97564697265625,
  "num_steps": 32768,
  "feature_compute_time_s": 5.647830963134766,
  "train_iter_time_s": 3.935659885406494,
  "init_seed": 200,
  "train_seed": 200,
  "best_reward_so_far": 2.0583693760566835
}