{
  "sharpness": 1.7286628832011581,
  "gradient_smoothness": 0.0,
  "parameter_norm": 31.770678697711208,
  "lambda_max_10": -33.98634338378906,
  "hessian_trace_10": 472.55706481933595,
  "fim_trace": 5541.977165311575,
  "step_count": 0,
  "timestamp": 1764177231.4565732,
  "episode_reward": 1220.407958984375,
  "num_steps": 32768,
  "feature_compute_time_s": 5.237975597381592,
  "train_iter_time_s": 2.873591899871826,
  "init_seed": 200,
  "train_seed": 206,
  "best_reward_so_far": -Infinity
}