{
  "sharpness": 0.3777096444716927,
  "gradient_smoothness": 0.049654263080836654,
  "loss_mean": 0.0,
  "loss_std": 0.0,
  "loss_trend": 1.3853697306704113e-10,
  "parameter_norm": 22.60572138292346,
  "lambda_max_10": 1.5653043985366821,
  "hessian_trace_10": 14.550091242790222,
  "fim_trace": 45.027342492714524,
  "step_count": 17,
  "timestamp": 1763763815.848804,
  "episode_reward": 294.35671442870597,
  "num_steps": 589824,
  "feature_compute_time_s": 5.442505121231079,
  "train_iter_time_s": 9.94112491607666,
  "init_seed": 200,
  "train_seed": 200,
  "best_reward_so_far": 294.35671442870597
}