{
  "sharpness": 1.2223519066190018,
  "gradient_smoothness": 0.010368199614898587,
  "loss_mean": 0.0,
  "loss_std": 0.0,
  "loss_trend": 2.3983469530116086e-09,
  "parameter_norm": 32.97144614941987,
  "lambda_max_10": -16.324254989624023,
  "hessian_trace_10": 480.2893005371094,
  "fim_trace": 1753.1868097372353,
  "step_count": 7,
  "timestamp": 1765441156.3531005,
  "episode_reward": 77.610595703125,
  "num_steps": 262144,
  "feature_compute_time_s": 10.124381303787231,
  "train_iter_time_s": 6.224639177322388,
  "init_seed": 200,
  "train_seed": 200,
  "best_reward_so_far": 213.0337620372536
}