{
  "sharpness": 1.664303718428871,
  "gradient_smoothness": 0.19844342881665059,
  "loss_mean": 0.0,
  "loss_std": 0.0,
  "loss_trend": -2.5543519298519054e-09,
  "parameter_norm": 29.387956133160788,
  "lambda_max_10": 38.10731506347656,
  "hessian_trace_10": 220.11740550994872,
  "fim_trace": 5832.677363276482,
  "step_count": 10,
  "timestamp": 1764167489.067725,
  "episode_reward": 1681.0692138671875,
  "num_steps": 360448,
  "feature_compute_time_s": 5.28750205039978,
  "train_iter_time_s": 4.3235578536987305,
  "init_seed": 200,
  "train_seed": 201,
  "best_reward_so_far": -Infinity
}