{
  "sharpness": 1.836564152122003,
  "gradient_smoothness": 0.0,
  "loss_mean": 0.0,
  "loss_std": 0.0,
  "loss_trend": 0.0,
  "parameter_norm": 29.181640865273803,
  "lambda_max_10": 36.84419250488281,
  "hessian_trace_10": 259.98609619140626,
  "fim_trace": 4545.257718637586,
  "step_count": 1,
  "timestamp": 1764147224.7110002,
  "episode_reward": 1634.0076904296875,
  "num_steps": 65536,
  "feature_compute_time_s": 5.099877595901489,
  "train_iter_time_s": 4.035519123077393,
  "init_seed": 200,
  "train_seed": 201,
  "best_reward_so_far": -Infinity
}