{
  "sharpness": 1.6044021837147626,
  "gradient_smoothness": 0.09722954341654955,
  "loss_mean": 0.0,
  "loss_std": 0.0,
  "loss_trend": -1.697850715265163e-11,
  "parameter_norm": 25.75056214578159,
  "lambda_max_10": -8.945688247680664,
  "hessian_trace_10": 43.61946020126343,
  "fim_trace": 451.98250729963183,
  "step_count": 79,
  "timestamp": 1763769182.8355286,
  "num_steps": 2621440,
  "feature_compute_time_s": 4.5904364585876465,
  "train_iter_time_s": 8.730326414108276,
  "init_seed": 200,
  "train_seed": 200,
  "best_reward_so_far": 744.8785572101158
}