{
  "sharpness": 2.7721340681946454,
  "gradient_smoothness": 0.20220840256967,
  "loss_mean": 0.0,
  "loss_std": 0.0,
  "loss_trend": -1.1446031209775295e-08,
  "parameter_norm": 41.35983841154441,
  "lambda_max_10": -57.212039947509766,
  "hessian_trace_10": 818.025244140625,
  "fim_trace": 9601.53612935543,
  "step_count": 3,
  "timestamp": 1766082786.5152056,
  "episode_reward": 697.2822265625,
  "num_steps": 131072,
  "feature_compute_time_s": 5.135665416717529,
  "train_iter_time_s": 2.803953170776367,
  "init_seed": 201,
  "train_seed": 200,
  "best_reward_so_far": -Infinity
}