{
  "sharpness": 1.9623211834764929,
  "gradient_smoothness": 0.03969773808476414,
  "loss_mean": 0.0,
  "loss_std": 0.0,
  "loss_trend": 4.5129997040158916e-11,
  "parameter_norm": 29.160577134403898,
  "lambda_max_10": -36.99263381958008,
  "hessian_trace_10": 220.95005683898927,
  "fim_trace": 1939.0421788841486,
  "step_count": 205,
  "timestamp": 1763770753.8715668,
  "num_steps": 6750208,
  "feature_compute_time_s": 4.637829542160034,
  "train_iter_time_s": 7.49703311920166,
  "init_seed": 200,
  "train_seed": 200,
  "best_reward_so_far": 1219.6336145402115
}