{
  "sharpness": 1.9630486823239484,
  "gradient_smoothness": 0.06144363441989748,
  "loss_mean": 0.0,
  "loss_std": 0.0,
  "loss_trend": -2.8775218117302647e-12,
  "parameter_norm": 28.64481304389347,
  "lambda_max_10": -12.528477668762207,
  "hessian_trace_10": -14.85888900756836,
  "fim_trace": 1305.6725776344538,
  "step_count": 216,
  "timestamp": 1763782678.6785867,
  "num_steps": 7110656,
  "feature_compute_time_s": 4.339391469955444,
  "train_iter_time_s": 12.061730861663818,
  "init_seed": 204,
  "train_seed": 200,
  "best_reward_so_far": 2156.601253867987
}