{
  "sharpness": 1.2674064328146144,
  "gradient_smoothness": 0.08193094509556131,
  "loss_mean": 0.0,
  "loss_std": 0.0,
  "loss_trend": -2.7071053330338364e-10,
  "parameter_norm": 34.30889843242766,
  "lambda_max_10": 1.7737553119659424,
  "hessian_trace_10": 271.0863693237305,
  "fim_trace": 1939.5421688314527,
  "step_count": 37,
  "timestamp": 1765442256.0397937,
  "episode_reward": 1064.3590087890625,
  "num_steps": 1245184,
  "feature_compute_time_s": 10.620702028274536,
  "train_iter_time_s": 3.931057929992676,
  "init_seed": 200,
  "train_seed": 204,
  "best_reward_so_far": 587.9571455473814
}