{
  "sharpness": 1.6969336032633866,
  "gradient_smoothness": 0.4153451431464163,
  "loss_mean": 0.0,
  "loss_std": 0.0,
  "loss_trend": 4.385257616204511e-11,
  "parameter_norm": 29.40849448524167,
  "lambda_max_10": -27.50646209716797,
  "hessian_trace_10": 174.53654594421386,
  "fim_trace": 2759.973984926939,
  "step_count": 302,
  "timestamp": 1763778318.440637,
  "num_steps": 9928704,
  "feature_compute_time_s": 8.66002869606018,
  "train_iter_time_s": 12.807708263397217,
  "init_seed": 200,
  "train_seed": 203,
  "best_reward_so_far": 1567.2812184475533
}