{
  "sharpness": 1.0843926120350518,
  "gradient_smoothness": 0.08137787777047333,
  "loss_mean": 0.0,
  "loss_std": 0.0,
  "loss_trend": -1.0879814304155994e-11,
  "parameter_norm": 25.735687706145175,
  "lambda_max_10": 8.297039031982422,
  "hessian_trace_10": 114.572705078125,
  "fim_trace": 463.2394187375903,
  "step_count": 80,
  "timestamp": 1763782654.9981704,
  "num_steps": 2654208,
  "feature_compute_time_s": 8.741705179214478,
  "train_iter_time_s": 12.008226156234741,
  "init_seed": 207,
  "train_seed": 200,
  "best_reward_so_far": 1014.3489729279125
}