{
  "sharpness": 1.18332419890415,
  "gradient_smoothness": 0.14321235686386494,
  "loss_mean": 0.0,
  "loss_std": 0.0,
  "loss_trend": 8.645950398537769e-11,
  "parameter_norm": 24.75676772781589,
  "lambda_max_10": 8.827802658081055,
  "hessian_trace_10": 85.77346477508544,
  "fim_trace": 390.6883258000016,
  "step_count": 63,
  "timestamp": 1763772971.1145666,
  "num_steps": 2097152,
  "feature_compute_time_s": 5.432952404022217,
  "train_iter_time_s": 9.728480815887451,
  "init_seed": 200,
  "train_seed": 201,
  "best_reward_so_far": 825.7769059844632
}