{
  "sharpness": 1.787587601500157,
  "gradient_smoothness": 0.0,
  "parameter_norm": 29.13716985612271,
  "lambda_max_10": 37.22599792480469,
  "hessian_trace_10": 338.1561595916748,
  "fim_trace": 5875.179157465696,
  "step_count": 0,
  "timestamp": 1764146413.1908424,
  "episode_reward": 1445.6134033203125,
  "num_steps": 32768,
  "feature_compute_time_s": 5.594578504562378,
  "train_iter_time_s": 4.311405897140503,
  "init_seed": 200,
  "train_seed": 201,
  "best_reward_so_far": -Infinity
}