{
  "sharpness": 1.7215816615802944,
  "gradient_smoothness": 0.4346362053595514,
  "loss_mean": 0.0,
  "loss_std": 0.0,
  "loss_trend": -4.6323391085781536e-10,
  "parameter_norm": 29.71366562134541,
  "lambda_max_10": -73.37223815917969,
  "hessian_trace_10": 653.7129013061524,
  "fim_trace": 7483.920113176107,
  "step_count": 13,
  "timestamp": 1764148011.5637627,
  "episode_reward": 1322.687255859375,
  "num_steps": 458752,
  "feature_compute_time_s": 8.086341857910156,
  "train_iter_time_s": 3.7345991134643555,
  "init_seed": 200,
  "train_seed": 202,
  "best_reward_so_far": -Infinity
}