{
  "sharpness": 1.2318831920120792,
  "gradient_smoothness": 0.0235356953401669,
  "loss_mean": 0.0,
  "loss_std": 0.0,
  "loss_trend": -3.3551113978129337e-09,
  "parameter_norm": 32.89873819403523,
  "lambda_max_10": -21.755109786987305,
  "hessian_trace_10": 240.43204498291016,
  "fim_trace": 1291.039538398385,
  "step_count": 7,
  "timestamp": 1765438240.5951898,
  "episode_reward": 42.73731231689453,
  "num_steps": 262144,
  "feature_compute_time_s": 7.060783863067627,
  "train_iter_time_s": 5.40669322013855,
  "init_seed": 200,
  "train_seed": 201,
  "best_reward_so_far": 160.4920594279064
}