{
  "sharpness": 1.2518974358057071,
  "gradient_smoothness": 0.06956781201584397,
  "loss_mean": 0.0,
  "loss_std": 0.0,
  "loss_trend": -3.9658725465804424e-11,
  "parameter_norm": 34.19026533184285,
  "lambda_max_10": -28.57749366760254,
  "hessian_trace_10": 462.97417907714845,
  "fim_trace": 2567.6630320958793,
  "step_count": 37,
  "timestamp": 1765445280.2767909,
  "episode_reward": -9.175806045532227,
  "num_steps": 1245184,
  "feature_compute_time_s": 5.455054759979248,
  "train_iter_time_s": 3.793998956680298,
  "init_seed": 206,
  "train_seed": 200,
  "best_reward_so_far": 763.553406107239
}