{
  "sharpness": 1.2232724368522767,
  "gradient_smoothness": 0.03276508786377656,
  "loss_mean": 0.0,
  "loss_std": 0.0,
  "loss_trend": 8.291446516338513e-12,
  "parameter_norm": 32.26251465124367,
  "lambda_max_10": -14.847902297973633,
  "hessian_trace_10": 453.8076171875,
  "fim_trace": 2527.237666796893,
  "step_count": 273,
  "timestamp": 1763767687.732307,
  "episode_reward": 787.2471230924727,
  "num_steps": 8978432,
  "feature_compute_time_s": 5.380015134811401,
  "train_iter_time_s": 9.563711643218994,
  "init_seed": 200,
  "train_seed": 200,
  "best_reward_so_far": 838.254302905597
}