{
  "sharpness": 1.134353322251458,
  "gradient_smoothness": 0.000375483848698861,
  "loss_mean": 0.0,
  "loss_std": 0.0,
  "loss_trend": -3.7376088888875285e-11,
  "parameter_norm": 32.57215932279749,
  "lambda_max_10": 21.821434020996094,
  "hessian_trace_10": 475.23157653808596,
  "fim_trace": 1808.7711424306035,
  "step_count": 261,
  "timestamp": 1763765642.6672843,
  "episode_reward": 1816.9569098185277,
  "num_steps": 8585216,
  "feature_compute_time_s": 9.575887203216553,
  "train_iter_time_s": 17.49350595474243,
  "init_seed": 200,
  "train_seed": 204,
  "best_reward_so_far": 1976.2303701410267
}