{
  "sharpness": 3.66028801523261,
  "gradient_smoothness": 0.0,
  "parameter_norm": 32.56248402837884,
  "lambda_max_10": 81.04761505126953,
  "hessian_trace_10": -9.378658008575439,
  "fim_trace": 4228.999313622713,
  "step_count": 0,
  "timestamp": 1766083089.8945062,
  "episode_reward": 1403.295654296875,
  "num_steps": 32768,
  "feature_compute_time_s": 5.283243894577026,
  "train_iter_time_s": 4.133592367172241,
  "init_seed": 207,
  "train_seed": 200,
  "best_reward_so_far": -Infinity
}