{
  "sharpness": 1.3067895160354408,
  "gradient_smoothness": 0.13819930521098692,
  "loss_mean": 0.0,
  "loss_std": 0.0,
  "loss_trend": -3.0224820427359248e-09,
  "parameter_norm": 101.75744364986322,
  "lambda_max_10": -6.391713619232178,
  "hessian_trace_10": -60.427998542785645,
  "fim_trace": 2004.5936378985643,
  "step_count": 6,
  "timestamp": 1764177858.7028067,
  "episode_reward": -522.878662109375,
  "num_steps": 229376,
  "feature_compute_time_s": 6.555696725845337,
  "train_iter_time_s": 4.102702856063843,
  "init_seed": 200,
  "train_seed": 202,
  "best_reward_so_far": -Infinity
}