{
  "sharpness": 1.376477715842693,
  "gradient_smoothness": 0.0078559558724035,
  "loss_mean": 0.0,
  "loss_std": 0.0,
  "loss_trend": -2.244226844698853e-11,
  "parameter_norm": 29.977278224460946,
  "lambda_max_10": -17.529382705688477,
  "hessian_trace_10": 197.25318031311036,
  "fim_trace": 918.6602586880326,
  "step_count": 127,
  "timestamp": 1763770148.1707969,
  "episode_reward": 1210.3544218089214,
  "num_steps": 4194304,
  "feature_compute_time_s": 10.736539602279663,
  "train_iter_time_s": 15.717787742614746,
  "init_seed": 205,
  "train_seed": 200,
  "best_reward_so_far": 1210.3544218089214
}