{
  "sharpness": 1.2243608662311778,
  "gradient_smoothness": 0.09677850079924313,
  "loss_mean": 0.0,
  "loss_std": 0.0,
  "loss_trend": 7.797912372172412e-11,
  "parameter_norm": 34.12184437512301,
  "lambda_max_10": 0.32171016931533813,
  "hessian_trace_10": 396.1639099121094,
  "fim_trace": 1151.9836047105491,
  "step_count": 53,
  "timestamp": 1765441878.7790875,
  "episode_reward": 2015.85693359375,
  "num_steps": 1769472,
  "feature_compute_time_s": 9.864107370376587,
  "train_iter_time_s": 3.8969080448150635,
  "init_seed": 200,
  "train_seed": 200,
  "best_reward_so_far": 827.0780323401822
}