{
  "sharpness": 1.7474148269364869,
  "gradient_smoothness": 0.0,
  "parameter_norm": 29.122443575036822,
  "lambda_max_10": 46.53204345703125,
  "hessian_trace_10": 243.27305603027344,
  "fim_trace": 4645.918994545937,
  "step_count": 0,
  "timestamp": 1764166976.9453325,
  "episode_reward": 1627.8458251953125,
  "num_steps": 32768,
  "feature_compute_time_s": 5.435809850692749,
  "train_iter_time_s": 4.358180999755859,
  "init_seed": 200,
  "train_seed": 201,
  "best_reward_so_far": -Infinity
}