{
  "sharpness": 15.407930559506656,
  "gradient_smoothness": 0.7615941559557649,
  "loss_mean": 0.0,
  "loss_std": 0.0,
  "loss_trend": 2.8737913418576313e-10,
  "parameter_norm": 293.87896114714874,
  "lambda_max_10": -71866392.0,
  "hessian_trace_10": 405024836.0,
  "fim_trace": 6.831099599157888e+16,
  "step_count": 15,
  "timestamp": 1764170446.5362608,
  "episode_reward": -597.8616943359375,
  "num_steps": 524288,
  "feature_compute_time_s": 9.351384162902832,
  "train_iter_time_s": 4.156794309616089,
  "init_seed": 200,
  "train_seed": 204,
  "best_reward_so_far": -602.0733203503007
}