{
  "sharpness": 0.47378847056587087,
  "gradient_smoothness": 0.10178319917897691,
  "loss_mean": 0.0,
  "loss_std": 0.0,
  "loss_trend": 1.236573933045783e-09,
  "parameter_norm": 20.922193804571325,
  "lambda_max_10": -1.4647881984710693,
  "hessian_trace_10": -11.833416938781738,
  "fim_trace": 45.70610875636339,
  "step_count": 16,
  "timestamp": 1763776255.032266,
  "num_steps": 557056,
  "feature_compute_time_s": 7.545635223388672,
  "train_iter_time_s": 14.597189664840698,
  "init_seed": 201,
  "train_seed": 200,
  "best_reward_so_far": -268.61471429214737
}