{
  "sharpness": 1.1456262277753726,
  "gradient_smoothness": 0.08369910707710332,
  "loss_mean": 0.0,
  "loss_std": 0.0,
  "loss_trend": -4.5756147373654245e-09,
  "parameter_norm": 33.50777566263954,
  "lambda_max_10": -26.593421936035156,
  "hessian_trace_10": 316.0593856811523,
  "fim_trace": 1646.3766408115625,
  "step_count": 3,
  "timestamp": 1765440135.501035,
  "episode_reward": -3.7785513401031494,
  "num_steps": 131072,
  "feature_compute_time_s": 5.626190423965454,
  "train_iter_time_s": 4.062296152114868,
  "init_seed": 200,
  "train_seed": 200,
  "best_reward_so_far": 68.76826272250544
}