{
  "sharpness": 1.4161460786501625,
  "gradient_smoothness": 0.07046293488729569,
  "loss_mean": 0.0,
  "loss_std": 0.0,
  "loss_trend": 1.4295839751730379e-11,
  "parameter_norm": 34.28592790326518,
  "lambda_max_10": -11.236345291137695,
  "hessian_trace_10": 273.6623931884766,
  "fim_trace": 1883.4304071106017,
  "step_count": 39,
  "timestamp": 1765441430.7650948,
  "episode_reward": 1377.1094970703125,
  "num_steps": 1310720,
  "feature_compute_time_s": 5.459357500076294,
  "train_iter_time_s": 4.26838755607605,
  "init_seed": 200,
  "train_seed": 204,
  "best_reward_so_far": 869.6202808640787
}