{
  "sharpness": 1.2738974318315937,
  "gradient_smoothness": 0.006217686421271189,
  "loss_mean": 0.0,
  "loss_std": 0.0,
  "loss_trend": -5.824832297798607e-11,
  "parameter_norm": 30.570737010939066,
  "lambda_max_10": -21.522096633911133,
  "hessian_trace_10": 303.3231819152832,
  "fim_trace": 1162.448953025043,
  "step_count": 154,
  "timestamp": 1763763148.871951,
  "episode_reward": 1208.1060821139608,
  "num_steps": 5079040,
  "feature_compute_time_s": 8.545268774032593,
  "train_iter_time_s": 20.469448804855347,
  "init_seed": 200,
  "train_seed": 201,
  "best_reward_so_far": 1208.1060821139608
}