{
  "sharpness": 4.405206103755087,
  "gradient_smoothness": 0.4209420371216985,
  "loss_mean": 0.0,
  "loss_std": 0.0,
  "loss_trend": -6.366640741961587e-10,
  "parameter_norm": 32.87882303873116,
  "lambda_max_10": -87.9020767211914,
  "hessian_trace_10": 658.5396163940429,
  "fim_trace": 8126.216441422701,
  "step_count": 13,
  "timestamp": 1766083333.2859623,
  "episode_reward": 1401.5408935546875,
  "num_steps": 458752,
  "feature_compute_time_s": 5.0252673625946045,
  "train_iter_time_s": 4.554381370544434,
  "init_seed": 207,
  "train_seed": 200,
  "best_reward_so_far": -Infinity
}