{
  "sharpness": 1.3921351782474691,
  "gradient_smoothness": 0.017614227439279845,
  "loss_mean": 0.0,
  "loss_std": 0.0,
  "loss_trend": 3.71206278050307e-12,
  "parameter_norm": 26.681688135314243,
  "lambda_max_10": -5.431750297546387,
  "hessian_trace_10": 75.80193176269532,
  "fim_trace": 182.03276650235057,
  "step_count": 66,
  "timestamp": 1763760694.1409833,
  "episode_reward": 941.436422627623,
  "num_steps": 2195456,
  "feature_compute_time_s": 7.958829164505005,
  "train_iter_time_s": 19.896950483322144,
  "init_seed": 200,
  "train_seed": 201,
  "best_reward_so_far": 943.1509381580047
}