{
  "sharpness": 1.6830910797713188,
  "gradient_smoothness": 0.0,
  "parameter_norm": 45.93793981347469,
  "lambda_max_10": -63.52732849121094,
  "hessian_trace_10": 801.1446716308594,
  "fim_trace": 9874.08156709373,
  "step_count": 0,
  "timestamp": 1765469238.7249289,
  "episode_reward": 6.074217319488525,
  "num_steps": 32768,
  "feature_compute_time_s": 7.920457363128662,
  "train_iter_time_s": 5.764794826507568,
  "init_seed": 200,
  "train_seed": 204,
  "best_reward_so_far": -0.32130901062549466
}