{
  "sharpness": 2.338813555579217,
  "gradient_smoothness": 0.020653615904164563,
  "loss_mean": 0.0,
  "loss_std": 0.0,
  "loss_trend": -1.5597008236691992e-11,
  "parameter_norm": 28.516423173451827,
  "lambda_max_10": -55.47382354736328,
  "hessian_trace_10": 309.2120872497559,
  "fim_trace": 2699.7899739444256,
  "step_count": 226,
  "timestamp": 1763781095.8325648,
  "num_steps": 7438336,
  "feature_compute_time_s": 5.957188606262207,
  "train_iter_time_s": 10.706961393356323,
  "init_seed": 202,
  "train_seed": 200,
  "best_reward_so_far": 1267.6413673376148
}