{
  "sharpness": 1.4866387077196532,
  "gradient_smoothness": 0.021928053589447785,
  "loss_mean": 0.0,
  "loss_std": 0.0,
  "loss_trend": -1.8463064586783252e-11,
  "parameter_norm": 28.18683410362723,
  "lambda_max_10": -13.997888565063477,
  "hessian_trace_10": 200.7487564086914,
  "fim_trace": 445.136922378093,
  "step_count": 91,
  "timestamp": 1763760894.6944144,
  "episode_reward": 772.4276156698182,
  "num_steps": 3014656,
  "feature_compute_time_s": 6.9995667934417725,
  "train_iter_time_s": 18.940655946731567,
  "init_seed": 200,
  "train_seed": 207,
  "best_reward_so_far": 783.7032556449551
}