{
  "sharpness": 1.3707292672796865,
  "gradient_smoothness": 0.042828804885205435,
  "loss_mean": 0.0,
  "loss_std": 0.0,
  "loss_trend": 4.560100610742486e-10,
  "parameter_norm": 33.58729023782946,
  "lambda_max_10": -20.281240463256836,
  "hessian_trace_10": 270.24122619628906,
  "fim_trace": 1945.8492437265813,
  "step_count": 23,
  "timestamp": 1765445012.2946641,
  "episode_reward": 76.48543548583984,
  "num_steps": 786432,
  "feature_compute_time_s": 10.91516900062561,
  "train_iter_time_s": 4.309266090393066,
  "init_seed": 205,
  "train_seed": 200,
  "best_reward_so_far": 311.53615746359435
}