{
  "sharpness": 1.7358844549676145,
  "gradient_smoothness": 0.14709729053175327,
  "loss_mean": 0.0,
  "loss_std": 0.0,
  "loss_trend": 8.034179359589685e-11,
  "parameter_norm": 29.857141257957416,
  "lambda_max_10": -70.75079345703125,
  "hessian_trace_10": 671.7146179199219,
  "fim_trace": 7069.492813169956,
  "step_count": 9,
  "timestamp": 1764177046.9421046,
  "episode_reward": 1239.2255859375,
  "num_steps": 327680,
  "feature_compute_time_s": 6.529996156692505,
  "train_iter_time_s": 4.690847396850586,
  "init_seed": 200,
  "train_seed": 202,
  "best_reward_so_far": -Infinity
}