{
  "sharpness": 1.14768516495118,
  "gradient_smoothness": 0.07477172780594941,
  "loss_mean": 0.0,
  "loss_std": 0.0,
  "loss_trend": 2.051323330582037e-10,
  "parameter_norm": 34.21763582714005,
  "lambda_max_10": -18.940126419067383,
  "hessian_trace_10": 260.45432510375974,
  "fim_trace": 1295.7681326754391,
  "step_count": 20,
  "timestamp": 1765439680.7589302,
  "episode_reward": 214.3944549560547,
  "num_steps": 688128,
  "feature_compute_time_s": 5.586518287658691,
  "train_iter_time_s": 3.9564898014068604,
  "init_seed": 200,
  "train_seed": 200,
  "best_reward_so_far": 363.9515518932476
}