{
  "sharpness": 1.2212192370470714,
  "gradient_smoothness": 0.05459604304314386,
  "loss_mean": 0.0,
  "loss_std": 0.0,
  "loss_trend": 1.2385347929118709e-11,
  "parameter_norm": 32.094797094514796,
  "lambda_max_10": -17.478851318359375,
  "hessian_trace_10": 464.61115112304685,
  "fim_trace": 1543.3840132914484,
  "step_count": 206,
  "timestamp": 1763770801.1283143,
  "episode_reward": 1541.7575298737925,
  "num_steps": 6782976,
  "feature_compute_time_s": 6.961840629577637,
  "train_iter_time_s": 17.53148341178894,
  "init_seed": 204,
  "train_seed": 200,
  "best_reward_so_far": 1974.960899126207
}