{
  "sharpness": 1.2552347309270169,
  "gradient_smoothness": 0.03149786961205985,
  "loss_mean": 0.0,
  "loss_std": 0.0,
  "loss_trend": 1.4181742113967884e-11,
  "parameter_norm": 32.44475667568045,
  "lambda_max_10": -25.33719253540039,
  "hessian_trace_10": 385.794189453125,
  "fim_trace": 2571.6544137001038,
  "step_count": 289,
  "timestamp": 1763774384.983212,
  "episode_reward": 1365.1341032204236,
  "num_steps": 9502720,
  "feature_compute_time_s": 8.73259711265564,
  "train_iter_time_s": 17.230149030685425,
  "init_seed": 205,
  "train_seed": 200,
  "best_reward_so_far": 1687.4804612057496
}