{
  "sharpness": 1.4037558145362312,
  "gradient_smoothness": 0.6345693421312534,
  "loss_mean": 0.0,
  "loss_std": 0.0,
  "loss_trend": -5.129123215577144e-11,
  "parameter_norm": 34.212547577376945,
  "lambda_max_10": -27.251262664794922,
  "hessian_trace_10": 356.542919921875,
  "fim_trace": 2466.576868712902,
  "step_count": 60,
  "timestamp": 1765439041.9687078,
  "episode_reward": 739.2069702148438,
  "num_steps": 1998848,
  "feature_compute_time_s": 5.449198961257935,
  "train_iter_time_s": 4.323761463165283,
  "init_seed": 200,
  "train_seed": 207,
  "best_reward_so_far": 712.0046297068
}