{
  "sharpness": 1.5946240978840927,
  "gradient_smoothness": 0.5100699488051968,
  "loss_mean": 0.0,
  "loss_std": 0.0,
  "loss_trend": -1.2911595333453136e-10,
  "parameter_norm": 29.927646637251843,
  "lambda_max_10": -25.117631912231445,
  "hessian_trace_10": 175.77764587402345,
  "fim_trace": 3318.1834020018578,
  "step_count": 13,
  "timestamp": 1764169355.2532644,
  "episode_reward": 1785.385498046875,
  "num_steps": 458752,
  "feature_compute_time_s": 5.544483661651611,
  "train_iter_time_s": 2.8457014560699463,
  "init_seed": 200,
  "train_seed": 203,
  "best_reward_so_far": -Infinity
}