{
  "sharpness": 1.4256351502329276,
  "gradient_smoothness": 0.028492533499400244,
  "loss_mean": 0.0,
  "loss_std": 0.0,
  "loss_trend": -3.579614071321075e-11,
  "parameter_norm": 30.14143111507368,
  "lambda_max_10": -16.62876319885254,
  "hessian_trace_10": 179.27799606323242,
  "fim_trace": 625.6676816083491,
  "step_count": 132,
  "timestamp": 1763762070.3621087,
  "episode_reward": 1442.3492942975856,
  "num_steps": 4358144,
  "feature_compute_time_s": 5.466998338699341,
  "train_iter_time_s": 15.652265071868896,
  "init_seed": 200,
  "train_seed": 203,
  "best_reward_so_far": 1536.1159088600784
}