{
  "sharpness": 2.0793420764886057,
  "gradient_smoothness": 0.05387046616962604,
  "loss_mean": 0.0,
  "loss_std": 0.0,
  "loss_trend": 3.280447869594996e-11,
  "parameter_norm": 28.639278283131226,
  "lambda_max_10": 7.929149627685547,
  "hessian_trace_10": -18.38154182434082,
  "fim_trace": 1326.8938362821937,
  "step_count": 215,
  "timestamp": 1763782662.268928,
  "num_steps": 7077888,
  "feature_compute_time_s": 6.319500923156738,
  "train_iter_time_s": 12.538976907730103,
  "init_seed": 204,
  "train_seed": 200,
  "best_reward_so_far": 2156.601253867987
}