{
  "sharpness": 1.655332499616264,
  "gradient_smoothness": 0.07830867465202432,
  "loss_mean": 0.0,
  "loss_std": 0.0,
  "loss_trend": -5.304708973159589e-12,
  "parameter_norm": 28.084886202427136,
  "lambda_max_10": -19.01478385925293,
  "hessian_trace_10": 155.09313774108887,
  "fim_trace": 1975.0115258395672,
  "step_count": 149,
  "timestamp": 1763784137.5516632,
  "num_steps": 4915200,
  "feature_compute_time_s": 7.99312949180603,
  "train_iter_time_s": 14.263199806213379,
  "init_seed": 207,
  "train_seed": 200,
  "best_reward_so_far": 1345.9080065730702
}