{
  "sharpness": 1.7938153269401789,
  "gradient_smoothness": 0.19881449601995096,
  "loss_mean": 0.0,
  "loss_std": 0.0,
  "loss_trend": -1.9729385525315268e-11,
  "parameter_norm": 29.735185014276432,
  "lambda_max_10": -15.741044998168945,
  "hessian_trace_10": 83.50088462829589,
  "fim_trace": 3869.663239866495,
  "step_count": 234,
  "timestamp": 1763778820.5072029,
  "episode_reward": 1815.6298365976163,
  "num_steps": 7700480,
  "feature_compute_time_s": 4.397464990615845,
  "train_iter_time_s": 8.66864538192749,
  "init_seed": 200,
  "train_seed": 200,
  "best_reward_so_far": 1815.6298365976163
}