{
  "sharpness": 1.3055452204268403,
  "gradient_smoothness": 0.0007380050763888049,
  "loss_mean": 0.0,
  "loss_std": 0.0,
  "loss_trend": 1.0750145349794334e-10,
  "parameter_norm": 26.133565951148135,
  "lambda_max_10": -4.6336565017700195,
  "hessian_trace_10": 70.63581428527831,
  "fim_trace": 157.65074698999524,
  "step_count": 57,
  "timestamp": 1763760306.9846354,
  "episode_reward": 646.8412167403128,
  "num_steps": 1900544,
  "feature_compute_time_s": 6.186489820480347,
  "train_iter_time_s": 17.328324794769287,
  "init_seed": 200,
  "train_seed": 203,
  "best_reward_so_far": 664.6355641334682
}