{
  "sharpness": 1.2887736171167883,
  "gradient_smoothness": 0.005916903858890319,
  "loss_mean": 0.0,
  "loss_std": 0.0,
  "loss_trend": -6.011515953170474e-11,
  "parameter_norm": 26.045417651729334,
  "lambda_max_10": -5.30723762512207,
  "hessian_trace_10": 43.41881399154663,
  "fim_trace": 144.00691626220942,
  "step_count": 56,
  "timestamp": 1763760418.4641306,
  "episode_reward": 796.7915921741667,
  "num_steps": 1867776,
  "feature_compute_time_s": 7.460468053817749,
  "train_iter_time_s": 20.3751437664032,
  "init_seed": 200,
  "train_seed": 201,
  "best_reward_so_far": 884.0875498218861
}