{
  "sharpness": 0.2166759116154243,
  "gradient_smoothness": 0.07889145930642123,
  "loss_mean": 0.0,
  "loss_std": 0.0,
  "loss_trend": 2.327266130817446e-09,
  "parameter_norm": 20.249472308008084,
  "lambda_max_10": -0.8159263134002686,
  "hessian_trace_10": -4.984545803070068,
  "fim_trace": 29.815249668434262,
  "step_count": 9,
  "timestamp": 1763772157.9328244,
  "num_steps": 327680,
  "feature_compute_time_s": 4.489257097244263,
  "train_iter_time_s": 7.084590196609497,
  "init_seed": 200,
  "train_seed": 202,
  "best_reward_so_far": -Infinity
}