{
  "sharpness": 1.5503570497162151,
  "gradient_smoothness": 0.049990488847770645,
  "loss_mean": 0.0,
  "loss_std": 0.0,
  "loss_trend": -6.585935736052741e-11,
  "parameter_norm": 33.53806661678206,
  "lambda_max_10": 18.259231567382812,
  "hessian_trace_10": 434.1438842773438,
  "fim_trace": 1816.8614900819957,
  "step_count": 34,
  "timestamp": 1765446119.4086425,
  "episode_reward": 1699.83203125,
  "num_steps": 1146880,
  "feature_compute_time_s": 10.59994649887085,
  "train_iter_time_s": 4.024367094039917,
  "init_seed": 207,
  "train_seed": 200,
  "best_reward_so_far": 929.2940660966987
}