{
  "sharpness": 1.2069873439681935,
  "gradient_smoothness": 0.6497501502769207,
  "loss_mean": 0.0,
  "loss_std": 0.0,
  "loss_trend": -2.1604626963392076e-11,
  "parameter_norm": 32.129231742330894,
  "lambda_max_10": -24.198272705078125,
  "hessian_trace_10": 331.155583190918,
  "fim_trace": 2138.6284747570753,
  "step_count": 304,
  "timestamp": 1763767471.3027153,
  "episode_reward": 1603.3512827226905,
  "num_steps": 9994240,
  "feature_compute_time_s": 9.022866487503052,
  "train_iter_time_s": 19.579322338104248,
  "init_seed": 200,
  "train_seed": 201,
  "best_reward_so_far": 1915.9079975744837
}