{
  "sharpness": 1.3822200964011284,
  "gradient_smoothness": 0.08330427083601606,
  "loss_mean": 0.0,
  "loss_std": 0.0,
  "loss_trend": -1.8242670528279252e-10,
  "parameter_norm": 33.644560110076945,
  "lambda_max_10": -15.345039367675781,
  "hessian_trace_10": 179.90535202026368,
  "fim_trace": 1476.0663581863046,
  "step_count": 22,
  "timestamp": 1765442339.8166475,
  "episode_reward": 1441.13525390625,
  "num_steps": 753664,
  "feature_compute_time_s": 5.424144506454468,
  "train_iter_time_s": 4.160492658615112,
  "init_seed": 205,
  "train_seed": 200,
  "best_reward_so_far": 307.0389791990245
}