{
  "sharpness": 2.18519175847648,
  "gradient_smoothness": 0.7615941559557649,
  "loss_mean": 0.0,
  "loss_std": 0.0,
  "loss_trend": 1.1301753220586873e-10,
  "parameter_norm": 41.31091016174241,
  "lambda_max_10": -41.905921936035156,
  "hessian_trace_10": 329.0846145629883,
  "fim_trace": 4200.744781494141,
  "step_count": 15,
  "timestamp": 1766080679.61607,
  "episode_reward": 1092.7269287109375,
  "num_steps": 524288,
  "feature_compute_time_s": 5.669943571090698,
  "train_iter_time_s": 3.5407626628875732,
  "init_seed": 200,
  "train_seed": 206,
  "best_reward_so_far": 617.0799218642071
}