{
  "sharpness": 0.7333547684834563,
  "gradient_smoothness": 0.014170705682860342,
  "loss_mean": 0.0,
  "loss_std": 0.0,
  "loss_trend": 1.2166841030577476e-12,
  "parameter_norm": 24.563137870046766,
  "lambda_max_10": 3.1030168533325195,
  "hessian_trace_10": 19.708870887756348,
  "fim_trace": 90.69761477038264,
  "step_count": 38,
  "timestamp": 1763766375.253366,
  "episode_reward": 547.1436266702557,
  "num_steps": 1277952,
  "feature_compute_time_s": 5.5819737911224365,
  "train_iter_time_s": 14.087835550308228,
  "init_seed": 201,
  "train_seed": 200,
  "best_reward_so_far": 590.3280896116023
}