{
  "sharpness": 2.112872428973139,
  "gradient_smoothness": 0.7615941559557649,
  "loss_mean": 0.0,
  "loss_std": 0.0,
  "loss_trend": -1.3944412341244426e-09,
  "parameter_norm": 29.501071485201297,
  "lambda_max_10": -21.573068618774414,
  "hessian_trace_10": 221.44716186523436,
  "fim_trace": 1412.9175054132938,
  "step_count": 15,
  "timestamp": 1764160456.0620298,
  "episode_reward": 1541.06396484375,
  "num_steps": 524288,
  "feature_compute_time_s": 5.063267707824707,
  "train_iter_time_s": 3.881121873855591,
  "init_seed": 206,
  "train_seed": 200,
  "best_reward_so_far": 1184.3964712220463
}