{
  "sharpness": 1.270160977715403,
  "gradient_smoothness": 0.1314147740164726,
  "loss_mean": 0.0,
  "loss_std": 0.0,
  "loss_trend": -7.84919114584347e-11,
  "parameter_norm": 34.086245631567486,
  "lambda_max_10": -21.726821899414062,
  "hessian_trace_10": 312.98739166259764,
  "fim_trace": 1780.6257126629353,
  "step_count": 53,
  "timestamp": 1765442787.3101742,
  "episode_reward": 1436.53271484375,
  "num_steps": 1769472,
  "feature_compute_time_s": 5.572892427444458,
  "train_iter_time_s": 4.043695449829102,
  "init_seed": 205,
  "train_seed": 200,
  "best_reward_so_far": 964.4841278862857
}