{
  "sharpness": 1.6688049409413426,
  "gradient_smoothness": 0.13760516427362057,
  "loss_mean": 0.0,
  "loss_std": 0.0,
  "loss_trend": -2.9014038750113844e-09,
  "parameter_norm": 29.4994817923315,
  "lambda_max_10": 52.397979736328125,
  "hessian_trace_10": 228.61628341674805,
  "fim_trace": 3723.721763715148,
  "step_count": 3,
  "timestamp": 1764159681.8256361,
  "episode_reward": 1573.635986328125,
  "num_steps": 131072,
  "feature_compute_time_s": 5.111367464065552,
  "train_iter_time_s": 3.2887988090515137,
  "init_seed": 205,
  "train_seed": 200,
  "best_reward_so_far": -Infinity
}