{
  "sharpness": 1.2210167171056203,
  "gradient_smoothness": 0.02273094884464542,
  "loss_mean": 0.0,
  "loss_std": 0.0,
  "loss_trend": -2.5263044345531793e-11,
  "parameter_norm": 32.123435986930076,
  "lambda_max_10": -31.677371978759766,
  "hessian_trace_10": 377.9075729370117,
  "fim_trace": 2171.810974124819,
  "step_count": 280,
  "timestamp": 1763766786.4909315,
  "episode_reward": 1560.006839056779,
  "num_steps": 9207808,
  "feature_compute_time_s": 7.60424542427063,
  "train_iter_time_s": 17.745079040527344,
  "init_seed": 200,
  "train_seed": 201,
  "best_reward_so_far": 1754.2972291488036
}