{
  "sharpness": 1.9514066185173375,
  "gradient_smoothness": 0.0021860253414486184,
  "loss_mean": 0.0,
  "loss_std": 0.0,
  "loss_trend": 2.7267541547860165e-11,
  "parameter_norm": 28.66008739040438,
  "lambda_max_10": -32.26633071899414,
  "hessian_trace_10": 116.60838661193847,
  "fim_trace": 3546.123490154743,
  "step_count": 196,
  "timestamp": 1763775189.121166,
  "num_steps": 6455296,
  "feature_compute_time_s": 4.614908933639526,
  "train_iter_time_s": 11.189553022384644,
  "init_seed": 200,
  "train_seed": 201,
  "best_reward_so_far": 1436.565557255727
}