{
  "sharpness": 9.732877799975242,
  "gradient_smoothness": 0.1839262898334529,
  "loss_mean": 0.0,
  "loss_std": 0.0,
  "loss_trend": 7.422774062595387e-11,
  "parameter_norm": 52.25943470090272,
  "lambda_max_10": 61.88417053222656,
  "hessian_trace_10": 164.57773246765137,
  "fim_trace": 22187.622359991074,
  "step_count": 8,
  "timestamp": 1766083371.0832818,
  "episode_reward": -541.6773681640625,
  "num_steps": 294912,
  "feature_compute_time_s": 7.015609264373779,
  "train_iter_time_s": 4.783189296722412,
  "init_seed": 207,
  "train_seed": 200,
  "best_reward_so_far": -Infinity
}