{
  "sharpness": 1.3046336585521237,
  "gradient_smoothness": 0.00401850404031219,
  "loss_mean": 0.0,
  "loss_std": 0.0,
  "loss_trend": 5.769244735220286e-10,
  "parameter_norm": 33.557042362206005,
  "lambda_max_10": -25.09877586364746,
  "hessian_trace_10": 386.9662567138672,
  "fim_trace": 1812.9316636286676,
  "step_count": 22,
  "timestamp": 1765444091.4543202,
  "episode_reward": 1003.6682739257812,
  "num_steps": 753664,
  "feature_compute_time_s": 5.48937201499939,
  "train_iter_time_s": 4.6341540813446045,
  "init_seed": 205,
  "train_seed": 200,
  "best_reward_so_far": 342.84379053197165
}