{
  "sharpness": 1.3311840848195933,
  "gradient_smoothness": 0.013219107379383562,
  "loss_mean": 0.0,
  "loss_std": 0.0,
  "loss_trend": 5.849362211547352e-10,
  "parameter_norm": 33.763106958641735,
  "lambda_max_10": -23.24068260192871,
  "hessian_trace_10": 479.90056762695315,
  "fim_trace": 2401.565779194236,
  "step_count": 18,
  "timestamp": 1765440142.1275256,
  "episode_reward": 998.6871337890625,
  "num_steps": 622592,
  "feature_compute_time_s": 5.823791265487671,
  "train_iter_time_s": 3.8454203605651855,
  "init_seed": 200,
  "train_seed": 205,
  "best_reward_so_far": 246.07258144217204
}