{
  "sharpness": 1.2959543861005844,
  "gradient_smoothness": 0.17820525053671066,
  "loss_mean": 0.0,
  "loss_std": 0.0,
  "loss_trend": -1.4491230081515804e-13,
  "parameter_norm": 34.120523113843845,
  "lambda_max_10": -10.37999439239502,
  "hessian_trace_10": 605.7130554199218,
  "fim_trace": 2647.00344357267,
  "step_count": 52,
  "timestamp": 1765441862.1521273,
  "episode_reward": 1040.1334228515625,
  "num_steps": 1736704,
  "feature_compute_time_s": 10.397552728652954,
  "train_iter_time_s": 6.953736782073975,
  "init_seed": 200,
  "train_seed": 200,
  "best_reward_so_far": 827.0780323401822
}