{
  "sharpness": 1.5132010228506785,
  "gradient_smoothness": 0.12171185709497559,
  "loss_mean": 0.0,
  "loss_std": 0.0,
  "loss_trend": -1.2780762728609202e-10,
  "parameter_norm": 34.27761589590583,
  "lambda_max_10": -30.31450080871582,
  "hessian_trace_10": 467.1011077880859,
  "fim_trace": 2531.0768346339464,
  "step_count": 48,
  "timestamp": 1765442889.411283,
  "episode_reward": -3.531080722808838,
  "num_steps": 1605632,
  "feature_compute_time_s": 5.556292533874512,
  "train_iter_time_s": 3.7020750045776367,
  "init_seed": 202,
  "train_seed": 200,
  "best_reward_so_far": 761.4677381234666
}