{
  "sharpness": 2.427861811061151,
  "gradient_smoothness": 0.6194648870326406,
  "loss_mean": 0.0,
  "loss_std": 0.0,
  "loss_trend": 7.189065168013968e-10,
  "parameter_norm": 30.421649050009847,
  "lambda_max_10": -19.057472229003906,
  "hessian_trace_10": 278.6758605957031,
  "fim_trace": 5074.050378322601,
  "step_count": 14,
  "timestamp": 1764177210.7236145,
  "episode_reward": 1284.4290771484375,
  "num_steps": 491520,
  "feature_compute_time_s": 5.241035223007202,
  "train_iter_time_s": 2.6189913749694824,
  "init_seed": 200,
  "train_seed": 206,
  "best_reward_so_far": -Infinity
}