{
  "sharpness": 2.570454171860613,
  "gradient_smoothness": 0.0681289114898278,
  "loss_mean": 0.0,
  "loss_std": 0.0,
  "loss_trend": 8.786514898912816e-12,
  "parameter_norm": 28.68449770032302,
  "lambda_max_10": -82.54029846191406,
  "hessian_trace_10": 94.3284252166748,
  "fim_trace": 4728.928379029036,
  "step_count": 261,
  "timestamp": 1763781748.5240078,
  "num_steps": 8585216,
  "feature_compute_time_s": 7.906933784484863,
  "train_iter_time_s": 12.452046632766724,
  "init_seed": 202,
  "train_seed": 200,
  "best_reward_so_far": 1277.2074722248399
}