{
  "sharpness": 1.2811482097348095,
  "gradient_smoothness": 0.057316829561266054,
  "loss_mean": 0.0,
  "loss_std": 0.0,
  "loss_trend": -1.3387060989624576e-10,
  "parameter_norm": 34.410996490694146,
  "lambda_max_10": -55.3145866394043,
  "hessian_trace_10": 504.9979248046875,
  "fim_trace": 4819.443149007857,
  "step_count": 44,
  "timestamp": 1765438683.1423304,
  "episode_reward": -3.0429773330688477,
  "num_steps": 1474560,
  "feature_compute_time_s": 10.813544988632202,
  "train_iter_time_s": 4.377641201019287,
  "init_seed": 200,
  "train_seed": 206,
  "best_reward_so_far": 941.9393010652137
}