{
  "sharpness": 1.7997673054309324,
  "gradient_smoothness": 0.14953323627613194,
  "loss_mean": 0.0,
  "loss_std": 0.0,
  "loss_trend": 4.989525878515392e-11,
  "parameter_norm": 29.135876413493058,
  "lambda_max_10": -40.84407043457031,
  "hessian_trace_10": 293.6679069519043,
  "fim_trace": 5002.622182101011,
  "step_count": 282,
  "timestamp": 1763785043.2510695,
  "num_steps": 9273344,
  "feature_compute_time_s": 6.318661212921143,
  "train_iter_time_s": 11.652320861816406,
  "init_seed": 205,
  "train_seed": 200,
  "best_reward_so_far": 1811.1777947196751
}