{
  "sharpness": 1.2681170056103532,
  "gradient_smoothness": 0.28305989424425204,
  "loss_mean": 0.0,
  "loss_std": 0.0,
  "loss_trend": 4.2171199054367114e-11,
  "parameter_norm": 34.03045827074141,
  "lambda_max_10": -34.57476043701172,
  "hessian_trace_10": 512.6257385253906,
  "fim_trace": 2991.613203279674,
  "step_count": 55,
  "timestamp": 1765438860.3055425,
  "episode_reward": 1024.10400390625,
  "num_steps": 1835008,
  "feature_compute_time_s": 6.365272521972656,
  "train_iter_time_s": 4.973997116088867,
  "init_seed": 200,
  "train_seed": 201,
  "best_reward_so_far": 861.267348274268
}