{
  "sharpness": 1.5683997974359682,
  "gradient_smoothness": 0.030190751670544292,
  "loss_mean": 0.0,
  "loss_std": 0.0,
  "loss_trend": 2.922006408646554e-11,
  "parameter_norm": 31.477005054867554,
  "lambda_max_10": -49.40227508544922,
  "hessian_trace_10": 452.54790649414065,
  "fim_trace": 3003.070781584829,
  "step_count": 178,
  "timestamp": 1763770183.3654501,
  "episode_reward": 1195.5696945193552,
  "num_steps": 5865472,
  "feature_compute_time_s": 6.737508058547974,
  "train_iter_time_s": 16.706152200698853,
  "init_seed": 203,
  "train_seed": 200,
  "best_reward_so_far": 1449.9691037397827
}