{
  "sharpness": 1.6379920055074895,
  "gradient_smoothness": 0.45064732617352077,
  "loss_mean": 0.0,
  "loss_std": 0.0,
  "loss_trend": 1.4348665454710807e-13,
  "parameter_norm": 29.119978093872962,
  "lambda_max_10": -50.70570755004883,
  "hessian_trace_10": 369.719580078125,
  "fim_trace": 3801.5803124010563,
  "step_count": 203,
  "timestamp": 1763774585.0003011,
  "episode_reward": 1116.0691010812811,
  "num_steps": 6684672,
  "feature_compute_time_s": 4.538980722427368,
  "train_iter_time_s": 7.839608192443848,
  "init_seed": 200,
  "train_seed": 202,
  "best_reward_so_far": 1116.0691010812811
}