{
  "sharpness": 1.9332263006488084,
  "gradient_smoothness": 0.12061824123013937,
  "loss_mean": 0.0,
  "loss_std": 0.0,
  "loss_trend": 1.0016624681171951e-09,
  "parameter_norm": 46.108837916876745,
  "lambda_max_10": -50.47349166870117,
  "hessian_trace_10": 767.5658477783203,
  "fim_trace": 7188.507670491934,
  "step_count": 8,
  "timestamp": 1765469290.2598672,
  "episode_reward": -11.175617218017578,
  "num_steps": 294912,
  "feature_compute_time_s": 5.615384340286255,
  "train_iter_time_s": 5.839868068695068,
  "init_seed": 200,
  "train_seed": 205,
  "best_reward_so_far": -7.478870322551028
}