{
  "sharpness": 1.2307682142728247,
  "gradient_smoothness": 0.0,
  "parameter_norm": 34.54153927578854,
  "lambda_max_10": -44.32086944580078,
  "hessian_trace_10": 417.91485290527345,
  "fim_trace": 2172.987061833963,
  "step_count": 0,
  "timestamp": 1765468983.3590405,
  "episode_reward": 99.85076141357422,
  "num_steps": 32768,
  "feature_compute_time_s": 8.673052787780762,
  "train_iter_time_s": 5.451462984085083,
  "init_seed": 200,
  "train_seed": 204,
  "best_reward_so_far": 14.135148761417964
}