{
  "sharpness": 0.9565214579922643,
  "gradient_smoothness": 0.07402402647654172,
  "loss_mean": 0.0,
  "loss_std": 0.0,
  "loss_trend": -1.3598090285295556e-10,
  "parameter_norm": 24.892665862624323,
  "lambda_max_10": 2.8565192222595215,
  "hessian_trace_10": 33.777716636657715,
  "fim_trace": 101.021229904145,
  "step_count": 41,
  "timestamp": 1763768649.1673417,
  "episode_reward": 617.7841809598913,
  "num_steps": 1376256,
  "feature_compute_time_s": 8.407650470733643,
  "train_iter_time_s": 17.56155514717102,
  "init_seed": 207,
  "train_seed": 200,
  "best_reward_so_far": 617.7841809598913
}