{
  "sharpness": 1.8386065116967492,
  "gradient_smoothness": 0.0,
  "parameter_norm": 30.24616104046487,
  "lambda_max_10": -162.53244018554688,
  "hessian_trace_10": 722.6567489624024,
  "fim_trace": 16927.358842119575,
  "step_count": 0,
  "timestamp": 1764177161.926144,
  "episode_reward": 1285.4503173828125,
  "num_steps": 32768,
  "feature_compute_time_s": 6.712906122207642,
  "train_iter_time_s": 4.830341100692749,
  "init_seed": 200,
  "train_seed": 205,
  "best_reward_so_far": -Infinity
}