{
  "sharpness": 1.636042822371049,
  "gradient_smoothness": 0.06556864308306182,
  "loss_mean": 0.0,
  "loss_std": 0.0,
  "loss_trend": 2.9740018529436514e-11,
  "parameter_norm": 27.726533908867278,
  "lambda_max_10": 11.474597930908203,
  "hessian_trace_10": 130.18151664733887,
  "fim_trace": 865.6000672578812,
  "step_count": 143,
  "timestamp": 1763781526.1460493,
  "num_steps": 4718592,
  "feature_compute_time_s": 4.4556872844696045,
  "train_iter_time_s": 8.674795150756836,
  "init_seed": 206,
  "train_seed": 200,
  "best_reward_so_far": 1084.7114232999734
}