{
  "sharpness": 1.2910563970159414,
  "gradient_smoothness": 0.0016071969693618351,
  "loss_mean": 0.0,
  "loss_std": 0.0,
  "loss_trend": -2.5761204073944535e-11,
  "parameter_norm": 32.0000628026674,
  "lambda_max_10": -16.667078018188477,
  "hessian_trace_10": 244.09745178222656,
  "fim_trace": 1183.8800027407706,
  "step_count": 213,
  "timestamp": 1763770050.8764758,
  "episode_reward": 1403.2397751665649,
  "num_steps": 7012352,
  "feature_compute_time_s": 6.004948854446411,
  "train_iter_time_s": 14.333266496658325,
  "init_seed": 201,
  "train_seed": 200,
  "best_reward_so_far": 1426.5629157049095
}