{
  "sharpness": 1.9782565253492115,
  "gradient_smoothness": 0.2760536450831364,
  "loss_mean": 0.0,
  "loss_std": 0.0,
  "loss_trend": -5.640294767633875e-10,
  "parameter_norm": 30.475767324323243,
  "lambda_max_10": -64.921142578125,
  "hessian_trace_10": 496.95540313720704,
  "fim_trace": 8599.195046156645,
  "step_count": 11,
  "timestamp": 1764177954.7818284,
  "episode_reward": 2996.467529296875,
  "num_steps": 393216,
  "feature_compute_time_s": 5.03492283821106,
  "train_iter_time_s": 2.7827370166778564,
  "init_seed": 205,
  "train_seed": 200,
  "best_reward_so_far": -Infinity
}