{
  "sharpness": 1.6853612938012243,
  "gradient_smoothness": 0.14879078327839426,
  "loss_mean": 0.0,
  "loss_std": 0.0,
  "loss_trend": 2.0185891858821922e-10,
  "parameter_norm": 29.525147688120757,
  "lambda_max_10": -11.166443824768066,
  "hessian_trace_10": 117.50894813537597,
  "fim_trace": 2936.06510168314,
  "step_count": 6,
  "timestamp": 1764167524.8652894,
  "episode_reward": 3370.389892578125,
  "num_steps": 229376,
  "feature_compute_time_s": 5.104398250579834,
  "train_iter_time_s": 2.6420257091522217,
  "init_seed": 200,
  "train_seed": 207,
  "best_reward_so_far": -Infinity
}