{
  "sharpness": 1.7523381492298484,
  "gradient_smoothness": 0.034330280009747194,
  "loss_mean": 0.0,
  "loss_std": 0.0,
  "loss_trend": -4.777158596395389e-11,
  "parameter_norm": 29.14031774122354,
  "lambda_max_10": -61.68020248413086,
  "hessian_trace_10": 599.8185516357422,
  "fim_trace": 4328.690842792392,
  "step_count": 240,
  "timestamp": 1763777739.1693258,
  "num_steps": 7897088,
  "feature_compute_time_s": 7.893909692764282,
  "train_iter_time_s": 13.551406621932983,
  "init_seed": 200,
  "train_seed": 204,
  "best_reward_so_far": 1145.9049851280913
}