{
  "sharpness": 1.611440403045233,
  "gradient_smoothness": 0.010181460287434755,
  "loss_mean": 0.0,
  "loss_std": 0.0,
  "loss_trend": -2.164025947906051e-11,
  "parameter_norm": 32.2180372801803,
  "lambda_max_10": -48.777381896972656,
  "hessian_trace_10": 453.20012817382815,
  "fim_trace": 2382.1019932329655,
  "step_count": 229,
  "timestamp": 1763771320.384476,
  "episode_reward": 1193.1305362906662,
  "num_steps": 7536640,
  "feature_compute_time_s": 6.298275470733643,
  "train_iter_time_s": 17.099356174468994,
  "init_seed": 203,
  "train_seed": 200,
  "best_reward_so_far": 1492.668318222472
}