{
  "sharpness": 1.3151801537921248,
  "gradient_smoothness": 0.12638235841363876,
  "loss_mean": 0.0,
  "loss_std": 0.0,
  "loss_trend": -1.8325246470942818e-09,
  "parameter_norm": 33.06838439837044,
  "lambda_max_10": -32.74151611328125,
  "hessian_trace_10": 592.4666351318359,
  "fim_trace": 3515.6935431845486,
  "step_count": 3,
  "timestamp": 1765440660.5906346,
  "episode_reward": 86.84783935546875,
  "num_steps": 131072,
  "feature_compute_time_s": 10.916124105453491,
  "train_iter_time_s": 4.483882665634155,
  "init_seed": 200,
  "train_seed": 206,
  "best_reward_so_far": 64.90489749562748
}