{
  "sharpness": 0.9507703793369443,
  "gradient_smoothness": 0.05694508665847629,
  "loss_mean": 0.0,
  "loss_std": 0.0,
  "loss_trend": -2.8894853335889285e-10,
  "parameter_norm": 22.497393281907538,
  "lambda_max_10": -2.855661630630493,
  "hessian_trace_10": -10.77674525976181,
  "fim_trace": 89.87361079081893,
  "step_count": 32,
  "timestamp": 1763768599.3224673,
  "num_steps": 1081344,
  "feature_compute_time_s": 4.3814537525177,
  "train_iter_time_s": 7.535767555236816,
  "init_seed": 200,
  "train_seed": 200,
  "best_reward_so_far": -83.53779173729427
}