{
  "sharpness": 1.4173014660177667,
  "gradient_smoothness": 0.0282161453737562,
  "loss_mean": 0.0,
  "loss_std": 0.0,
  "loss_trend": 3.491410646041416e-11,
  "parameter_norm": 29.57188117118533,
  "lambda_max_10": -18.569543838500977,
  "hessian_trace_10": 220.85631942749023,
  "fim_trace": 587.6024355255067,
  "step_count": 118,
  "timestamp": 1763761751.722764,
  "episode_reward": 1301.3966775722806,
  "num_steps": 3899392,
  "feature_compute_time_s": 6.334156274795532,
  "train_iter_time_s": 17.470316410064697,
  "init_seed": 200,
  "train_seed": 203,
  "best_reward_so_far": 1346.2710757965028
}