{
  "sharpness": 1.2412743944323559,
  "gradient_smoothness": 0.11829378434778635,
  "loss_mean": 0.0,
  "loss_std": 0.0,
  "loss_trend": -1.0074440938854113e-11,
  "parameter_norm": 34.05986938820793,
  "lambda_max_10": -15.98247241973877,
  "hessian_trace_10": 212.26095733642578,
  "fim_trace": 1417.4851004779339,
  "step_count": 50,
  "timestamp": 1765443614.1850104,
  "episode_reward": 37.13351821899414,
  "num_steps": 1671168,
  "feature_compute_time_s": 10.808282136917114,
  "train_iter_time_s": 4.103600978851318,
  "init_seed": 205,
  "train_seed": 200,
  "best_reward_so_far": 848.6852233875704
}