{
  "sharpness": 1.7827550150067992,
  "gradient_smoothness": 0.13319132300070038,
  "loss_mean": 0.0,
  "loss_std": 0.0,
  "loss_trend": -3.4502288826294017e-11,
  "parameter_norm": 34.00770637478463,
  "lambda_max_10": -26.827882766723633,
  "hessian_trace_10": 335.67906799316404,
  "fim_trace": 2122.8395707998425,
  "step_count": 49,
  "timestamp": 1765439303.5482795,
  "episode_reward": 980.1699829101562,
  "num_steps": 1638400,
  "feature_compute_time_s": 5.579172134399414,
  "train_iter_time_s": 3.766939878463745,
  "init_seed": 200,
  "train_seed": 203,
  "best_reward_so_far": 779.5097937984613
}