{
  "sharpness": 15.025249400998488,
  "gradient_smoothness": 0.7615941559557649,
  "loss_mean": 0.0,
  "loss_std": 0.0,
  "loss_trend": 9.708910920242739e-11,
  "parameter_norm": 52.26130626134472,
  "lambda_max_10": -39.807960510253906,
  "hessian_trace_10": -21.45003433227539,
  "fim_trace": 29282.940068244934,
  "step_count": 15,
  "timestamp": 1766083467.6801872,
  "episode_reward": -244.36842346191406,
  "num_steps": 524288,
  "feature_compute_time_s": 7.29371190071106,
  "train_iter_time_s": 4.405543565750122,
  "init_seed": 207,
  "train_seed": 200,
  "best_reward_so_far": -354.77412963520436
}