{
  "sharpness": 1.1792477830403447,
  "gradient_smoothness": 0.18361512877959585,
  "loss_mean": 0.0,
  "loss_std": 0.0,
  "loss_trend": 1.109462394819588e-11,
  "parameter_norm": 34.67279326435241,
  "lambda_max_10": 32.693702697753906,
  "hessian_trace_10": 659.1725677490234,
  "fim_trace": 3202.03979960829,
  "step_count": 56,
  "timestamp": 1765438754.6296785,
  "episode_reward": 2148.6474609375,
  "num_steps": 1867776,
  "feature_compute_time_s": 5.339922666549683,
  "train_iter_time_s": 3.6296989917755127,
  "init_seed": 200,
  "train_seed": 200,
  "best_reward_so_far": 1055.713795689897
}