{
  "sharpness": 1.2515932293479293,
  "gradient_smoothness": 0.2162651028344442,
  "loss_mean": 0.0,
  "loss_std": 0.0,
  "loss_trend": 1.3460621677869105e-10,
  "parameter_norm": 34.36131279713172,
  "lambda_max_10": -24.85908317565918,
  "hessian_trace_10": 304.3144416809082,
  "fim_trace": 2984.230000630021,
  "step_count": 51,
  "timestamp": 1765441478.6084516,
  "episode_reward": 1458.541748046875,
  "num_steps": 1703936,
  "feature_compute_time_s": 9.505507946014404,
  "train_iter_time_s": 3.821315050125122,
  "init_seed": 200,
  "train_seed": 205,
  "best_reward_so_far": 1118.566121106713
}