{
  "sharpness": 1.6010900853050807,
  "gradient_smoothness": 0.07084171932905683,
  "loss_mean": 0.0,
  "loss_std": 0.0,
  "loss_trend": 7.638207825828647e-12,
  "parameter_norm": 29.656201914184813,
  "lambda_max_10": 31.184795379638672,
  "hessian_trace_10": 143.8977565765381,
  "fim_trace": 3353.3491739928722,
  "step_count": 223,
  "timestamp": 1763778682.6882286,
  "num_steps": 7340032,
  "feature_compute_time_s": 4.443190813064575,
  "train_iter_time_s": 8.317543268203735,
  "init_seed": 200,
  "train_seed": 200,
  "best_reward_so_far": 1649.291064577299
}