{
  "sharpness": 1.1884864844598104,
  "gradient_smoothness": 0.07785445011269251,
  "loss_mean": 0.0,
  "loss_std": 0.0,
  "loss_trend": 8.641729614520916e-10,
  "parameter_norm": 33.2962897176101,
  "lambda_max_10": -26.20880699157715,
  "hessian_trace_10": 627.5048950195312,
  "fim_trace": 3469.9551302194595,
  "step_count": 7,
  "timestamp": 1765468812.5544033,
  "episode_reward": 73.56632995605469,
  "num_steps": 262144,
  "feature_compute_time_s": 5.576897144317627,
  "train_iter_time_s": 7.334812879562378,
  "init_seed": 200,
  "train_seed": 202,
  "best_reward_so_far": 133.17037695708927
}