{
  "sharpness": 1.6873948065848086,
  "gradient_smoothness": 0.7615941559557649,
  "loss_mean": 0.0,
  "loss_std": 0.0,
  "loss_trend": -3.5558229973685434e-10,
  "parameter_norm": 29.71420986034902,
  "lambda_max_10": -72.88256072998047,
  "hessian_trace_10": 783.4912719726562,
  "fim_trace": 5799.65948921442,
  "step_count": 15,
  "timestamp": 1764148037.4295511,
  "episode_reward": 1337.1427001953125,
  "num_steps": 524288,
  "feature_compute_time_s": 7.662008047103882,
  "train_iter_time_s": 3.417322874069214,
  "init_seed": 200,
  "train_seed": 202,
  "best_reward_so_far": 1075.0294219650907
}