{
  "sharpness": 2.1140684234564917,
  "gradient_smoothness": 0.0,
  "loss_mean": 0.0,
  "loss_std": 0.0,
  "loss_trend": 0.0,
  "parameter_norm": 101.78572583715669,
  "lambda_max_10": -10.846327781677246,
  "hessian_trace_10": -18.841116666793823,
  "fim_trace": 3668.390734374523,
  "step_count": 1,
  "timestamp": 1764177826.4088485,
  "episode_reward": -516.4322509765625,
  "num_steps": 65536,
  "feature_compute_time_s": 6.85167932510376,
  "train_iter_time_s": 4.349051237106323,
  "init_seed": 200,
  "train_seed": 200,
  "best_reward_so_far": -Infinity
}