{
  "sharpness": 1.2168239433896928,
  "gradient_smoothness": 0.005584525982858613,
  "loss_mean": 0.0,
  "loss_std": 0.0,
  "loss_trend": 4.1097220987071914e-11,
  "parameter_norm": 31.96854850617331,
  "lambda_max_10": -32.84952926635742,
  "hessian_trace_10": 451.3575973510742,
  "fim_trace": 1936.1184223480523,
  "step_count": 233,
  "timestamp": 1763765436.5498102,
  "episode_reward": 1361.3290627787785,
  "num_steps": 7667712,
  "feature_compute_time_s": 9.354604959487915,
  "train_iter_time_s": 18.76211667060852,
  "init_seed": 200,
  "train_seed": 201,
  "best_reward_so_far": 1581.1597646115545
}