{
  "sharpness": 1.7301408581155866,
  "gradient_smoothness": 0.2285041721033679,
  "loss_mean": 0.0,
  "loss_std": 0.0,
  "loss_trend": 8.109687090741197e-11,
  "parameter_norm": 29.939900736440883,
  "lambda_max_10": -143.3385009765625,
  "hessian_trace_10": 977.7093170166015,
  "fim_trace": 15377.94791406393,
  "step_count": 10,
  "timestamp": 1764166886.2738547,
  "episode_reward": 1447.3026123046875,
  "num_steps": 360448,
  "feature_compute_time_s": 8.298726797103882,
  "train_iter_time_s": 5.70927095413208,
  "init_seed": 200,
  "train_seed": 205,
  "best_reward_so_far": -Infinity
}