{
  "sharpness": 1.3561432088593617,
  "gradient_smoothness": 0.6263003812100301,
  "loss_mean": 0.0,
  "loss_std": 0.0,
  "loss_trend": -7.34599225599518e-11,
  "parameter_norm": 34.410779450522995,
  "lambda_max_10": -43.73397445678711,
  "hessian_trace_10": 521.6946899414063,
  "fim_trace": 3312.1729502752423,
  "step_count": 60,
  "timestamp": 1765439658.040094,
  "episode_reward": -10.246363639831543,
  "num_steps": 1998848,
  "feature_compute_time_s": 5.3207502365112305,
  "train_iter_time_s": 4.4258668422698975,
  "init_seed": 200,
  "train_seed": 206,
  "best_reward_so_far": 1053.4094668626467
}