{
  "sharpness": 1.7595346737897846,
  "gradient_smoothness": 0.46553738943190237,
  "loss_mean": 0.0,
  "loss_std": 0.0,
  "loss_trend": 6.010176209335734e-11,
  "parameter_norm": 29.71173754510641,
  "lambda_max_10": -65.3904800415039,
  "hessian_trace_10": 767.1145324707031,
  "fim_trace": 6551.100896328688,
  "step_count": 13,
  "timestamp": 1764167311.0307386,
  "episode_reward": 1162.33935546875,
  "num_steps": 458752,
  "feature_compute_time_s": 6.049264669418335,
  "train_iter_time_s": 4.783652305603027,
  "init_seed": 200,
  "train_seed": 202,
  "best_reward_so_far": -Infinity
}