{
  "sharpness": 1.2541376762362735,
  "gradient_smoothness": 0.03199292165231358,
  "loss_mean": 0.0,
  "loss_std": 0.0,
  "loss_trend": 3.578809202436573e-09,
  "parameter_norm": 33.262354005256604,
  "lambda_max_10": -24.48299789428711,
  "hessian_trace_10": 367.2536560058594,
  "fim_trace": 1430.35856308043,
  "step_count": 7,
  "timestamp": 1765439779.059152,
  "episode_reward": 22.612764358520508,
  "num_steps": 262144,
  "feature_compute_time_s": 5.509048938751221,
  "train_iter_time_s": 4.488658666610718,
  "init_seed": 200,
  "train_seed": 206,
  "best_reward_so_far": 148.39427872832033
}