{
  "sharpness": 6.125942193121377,
  "gradient_smoothness": 0.7615941559557649,
  "loss_mean": 0.0,
  "loss_std": 0.0,
  "loss_trend": 1.0559832059538288e-09,
  "parameter_norm": 52.57785680270749,
  "lambda_max_10": -73.17048645019531,
  "hessian_trace_10": 310.63626327514646,
  "fim_trace": 18929.39113521576,
  "step_count": 15,
  "timestamp": 1766083068.2773874,
  "episode_reward": 779.748779296875,
  "num_steps": 524288,
  "feature_compute_time_s": 5.084788084030151,
  "train_iter_time_s": 3.397901773452759,
  "init_seed": 201,
  "train_seed": 200,
  "best_reward_so_far": 291.91787958964994
}