{
  "sharpness": 1.2418580517450717,
  "gradient_smoothness": 0.03353750301312111,
  "loss_mean": 0.0,
  "loss_std": 0.0,
  "loss_trend": 2.845047826902882e-11,
  "parameter_norm": 33.82847552368008,
  "lambda_max_10": -31.315725326538086,
  "hessian_trace_10": 425.66575622558594,
  "fim_trace": 1909.4706031791866,
  "step_count": 29,
  "timestamp": 1765441043.6962032,
  "episode_reward": 13.168033599853516,
  "num_steps": 983040,
  "feature_compute_time_s": 5.487285852432251,
  "train_iter_time_s": 4.16349720954895,
  "init_seed": 200,
  "train_seed": 206,
  "best_reward_so_far": 686.4391477031232
}