{
  "sharpness": 1.562761784277253,
  "gradient_smoothness": 0.056265577871191075,
  "loss_mean": 0.0,
  "loss_std": 0.0,
  "loss_trend": -9.037769971192389e-11,
  "parameter_norm": 32.273274121991626,
  "lambda_max_10": -51.50746536254883,
  "hessian_trace_10": 457.9894088745117,
  "fim_trace": 3041.949070505798,
  "step_count": 236,
  "timestamp": 1763771483.8749197,
  "episode_reward": 1357.2404349168892,
  "num_steps": 7766016,
  "feature_compute_time_s": 6.254679203033447,
  "train_iter_time_s": 17.354837894439697,
  "init_seed": 203,
  "train_seed": 200,
  "best_reward_so_far": 1492.668318222472
}