{
  "sharpness": 1.5836764160300656,
  "gradient_smoothness": 0.3174337992606994,
  "loss_mean": 0.0,
  "loss_std": 0.0,
  "loss_trend": 1.8824462818876184e-10,
  "parameter_norm": 29.764280063070743,
  "lambda_max_10": 23.82855224609375,
  "hessian_trace_10": 254.1417266845703,
  "fim_trace": 4086.8039949834347,
  "step_count": 12,
  "timestamp": 1764166689.210141,
  "episode_reward": 1510.41796875,
  "num_steps": 425984,
  "feature_compute_time_s": 5.283950328826904,
  "train_iter_time_s": 4.073421239852905,
  "init_seed": 200,
  "train_seed": 203,
  "best_reward_so_far": -Infinity
}