{
  "sharpness": 1.3142133170076125,
  "gradient_smoothness": 0.004894616263916759,
  "loss_mean": 0.0,
  "loss_std": 0.0,
  "loss_trend": -8.145336310225197e-11,
  "parameter_norm": 33.58003929788176,
  "lambda_max_10": -30.928213119506836,
  "hessian_trace_10": 388.00303955078124,
  "fim_trace": 2099.3131625019014,
  "step_count": 24,
  "timestamp": 1765439366.668308,
  "episode_reward": 476.72711181640625,
  "num_steps": 819200,
  "feature_compute_time_s": 5.531635284423828,
  "train_iter_time_s": 4.091756105422974,
  "init_seed": 200,
  "train_seed": 207,
  "best_reward_so_far": 284.51121570254844
}