{
  "sharpness": 1.3983290962690942,
  "gradient_smoothness": 0.1877942886786542,
  "loss_mean": 0.0,
  "loss_std": 0.0,
  "loss_trend": 3.946038379281809e-11,
  "parameter_norm": 34.28798001051381,
  "lambda_max_10": -44.309844970703125,
  "hessian_trace_10": 503.4054779052734,
  "fim_trace": 3638.0753469653428,
  "step_count": 54,
  "timestamp": 1765442352.2046428,
  "episode_reward": -9.742237091064453,
  "num_steps": 1802240,
  "feature_compute_time_s": 5.617867708206177,
  "train_iter_time_s": 3.5481162071228027,
  "init_seed": 202,
  "train_seed": 200,
  "best_reward_so_far": 1042.1677387044656
}