{
  "sharpness": 1.627248205677877,
  "gradient_smoothness": 0.5855301177873605,
  "loss_mean": 0.0,
  "loss_std": 0.0,
  "loss_trend": 4.230653313260355e-10,
  "parameter_norm": 30.263094734911515,
  "lambda_max_10": 27.756412506103516,
  "hessian_trace_10": 98.57748928070069,
  "fim_trace": 4779.228091672063,
  "step_count": 14,
  "timestamp": 1764167602.9109814,
  "episode_reward": 2387.57861328125,
  "num_steps": 491520,
  "feature_compute_time_s": 5.136318206787109,
  "train_iter_time_s": 2.7241649627685547,
  "init_seed": 200,
  "train_seed": 200,
  "best_reward_so_far": -Infinity
}