{
  "sharpness": 1.2387120964684313,
  "gradient_smoothness": 0.015422277314767785,
  "loss_mean": 0.0,
  "loss_std": 0.0,
  "loss_trend": 1.0469759885860291e-12,
  "parameter_norm": 32.36026031546111,
  "lambda_max_10": -22.110998153686523,
  "hessian_trace_10": 389.1561004638672,
  "fim_trace": 1869.3697201348841,
  "step_count": 247,
  "timestamp": 1763773274.5552757,
  "episode_reward": 1280.4474738379847,
  "num_steps": 8126464,
  "feature_compute_time_s": 10.070357084274292,
  "train_iter_time_s": 16.888618230819702,
  "init_seed": 205,
  "train_seed": 200,
  "best_reward_so_far": 1687.4804612057496
}