{
  "sharpness": 1.9878129979195693,
  "gradient_smoothness": 0.0,
  "loss_mean": 0.0,
  "loss_std": 0.0,
  "loss_trend": 0.0,
  "parameter_norm": 29.338174776707568,
  "lambda_max_10": 44.29159927368164,
  "hessian_trace_10": 221.96216201782227,
  "fim_trace": 3917.3078646957874,
  "step_count": 1,
  "timestamp": 1764161289.769705,
  "episode_reward": 1435.9063720703125,
  "num_steps": 65536,
  "feature_compute_time_s": 5.064015626907349,
  "train_iter_time_s": 4.860857725143433,
  "init_seed": 207,
  "train_seed": 200,
  "best_reward_so_far": -Infinity
}