{
  "sharpness": 0.4520483200413216,
  "gradient_smoothness": 0.03716884583990518,
  "loss_mean": 0.0,
  "loss_std": 0.0,
  "loss_trend": 4.765325197904433e-10,
  "parameter_norm": 22.705713916442214,
  "lambda_max_10": 1.815789818763733,
  "hessian_trace_10": 7.284987926483154,
  "fim_trace": 46.48743681795895,
  "step_count": 18,
  "timestamp": 1763759161.723735,
  "episode_reward": 310.11268792133546,
  "num_steps": 622592,
  "feature_compute_time_s": 4.9634904861450195,
  "train_iter_time_s": 10.95027470588684,
  "init_seed": 200,
  "train_seed": 206,
  "best_reward_so_far": 316.27374754166806
}