{
  "sharpness": 3.0344096486549788,
  "gradient_smoothness": 0.0,
  "parameter_norm": 33.02739571512041,
  "lambda_max_10": -34.29291915893555,
  "hessian_trace_10": 410.6502090454102,
  "fim_trace": 1753.5675396621227,
  "step_count": 0,
  "timestamp": 1766082764.3796995,
  "episode_reward": 1131.8492431640625,
  "num_steps": 32768,
  "feature_compute_time_s": 6.069249868392944,
  "train_iter_time_s": 6.873344659805298,
  "init_seed": 201,
  "train_seed": 200,
  "best_reward_so_far": -Infinity
}