{
  "sharpness": 1.5211957368217928,
  "gradient_smoothness": 0.027666000665710132,
  "loss_mean": 0.0,
  "loss_std": 0.0,
  "loss_trend": 2.3142429888969935e-11,
  "parameter_norm": 27.16631860735732,
  "lambda_max_10": -8.080605506896973,
  "hessian_trace_10": 155.04469604492186,
  "fim_trace": 271.96830988302827,
  "step_count": 73,
  "timestamp": 1763760499.8616514,
  "episode_reward": 699.410507421534,
  "num_steps": 2424832,
  "feature_compute_time_s": 8.446842432022095,
  "train_iter_time_s": 14.638242721557617,
  "init_seed": 200,
  "train_seed": 207,
  "best_reward_so_far": 783.7032556449551
}