{
  "sharpness": 0.9639836016289752,
  "gradient_smoothness": 0.02208776115516369,
  "loss_mean": 0.0,
  "loss_std": 0.0,
  "loss_trend": 2.0827606133888537e-10,
  "parameter_norm": 25.399626628801922,
  "lambda_max_10": -3.151135206222534,
  "hessian_trace_10": 40.40025043487549,
  "fim_trace": 101.52006701380014,
  "step_count": 46,
  "timestamp": 1763767239.5920985,
  "episode_reward": 624.6099430091855,
  "num_steps": 1540096,
  "feature_compute_time_s": 7.793956279754639,
  "train_iter_time_s": 14.545724868774414,
  "init_seed": 204,
  "train_seed": 200,
  "best_reward_so_far": 624.6099430091855
}