{
  "sharpness": 1.5222187656068102,
  "gradient_smoothness": 0.0409085605770023,
  "loss_mean": 0.0,
  "loss_std": 0.0,
  "loss_trend": 3.0940836061494464e-11,
  "parameter_norm": 28.243533708024586,
  "lambda_max_10": 11.266912460327148,
  "hessian_trace_10": 247.43260955810547,
  "fim_trace": 336.7060814611614,
  "step_count": 89,
  "timestamp": 1763764910.182629,
  "episode_reward": 706.1390617941834,
  "num_steps": 2949120,
  "feature_compute_time_s": 5.248285293579102,
  "train_iter_time_s": 9.69445252418518,
  "init_seed": 200,
  "train_seed": 200,
  "best_reward_so_far": 825.5063438058102
}