{
  "sharpness": 1.2563328797552067,
  "gradient_smoothness": 0.07182856557456196,
  "loss_mean": 0.0,
  "loss_std": 0.0,
  "loss_trend": 6.639948132159892e-11,
  "parameter_norm": 32.394647801217886,
  "lambda_max_10": -24.592365264892578,
  "hessian_trace_10": 363.3188995361328,
  "fim_trace": 2504.4695232734084,
  "step_count": 258,
  "timestamp": 1763773574.904941,
  "episode_reward": 1453.8466786175777,
  "num_steps": 8486912,
  "feature_compute_time_s": 7.580923080444336,
  "train_iter_time_s": 16.906288385391235,
  "init_seed": 205,
  "train_seed": 200,
  "best_reward_so_far": 1687.4804612057496
}