{
  "sharpness": 1.3869851107346638,
  "gradient_smoothness": 0.03792454802156096,
  "loss_mean": 0.0,
  "loss_std": 0.0,
  "loss_trend": 9.6621927608672e-11,
  "parameter_norm": 34.226933067587744,
  "lambda_max_10": -35.99797058105469,
  "hessian_trace_10": 770.6608642578125,
  "fim_trace": 3537.6339138038456,
  "step_count": 46,
  "timestamp": 1765443293.1999993,
  "episode_reward": -9.226016998291016,
  "num_steps": 1540096,
  "feature_compute_time_s": 6.063925266265869,
  "train_iter_time_s": 5.010128736495972,
  "init_seed": 206,
  "train_seed": 200,
  "best_reward_so_far": 984.1387087441669
}