{
  "sharpness": 2.494665599627038,
  "gradient_smoothness": 0.40379397298478026,
  "loss_mean": 0.0,
  "loss_std": 0.0,
  "loss_trend": -3.6881885229690384e-11,
  "parameter_norm": 29.885111468910516,
  "lambda_max_10": -29.07018280029297,
  "hessian_trace_10": -17.153123092651366,
  "fim_trace": 4940.53372810781,
  "step_count": 302,
  "timestamp": 1763779665.1139865,
  "num_steps": 9928704,
  "feature_compute_time_s": 4.751471042633057,
  "train_iter_time_s": 7.204098701477051,
  "init_seed": 200,
  "train_seed": 200,
  "best_reward_so_far": 2541.885686888726
}