{
  "sharpness": 21.744558662980108,
  "gradient_smoothness": 0.026716001117065055,
  "loss_mean": 0.0,
  "loss_std": 0.0,
  "loss_trend": -4.830078978019003e-10,
  "parameter_norm": 101.8889500532383,
  "lambda_max_10": -927.5740356445312,
  "hessian_trace_10": -2929.4172302246093,
  "fim_trace": 15500342.83378601,
  "step_count": 3,
  "timestamp": 1764170252.0889704,
  "episode_reward": -452.1802673339844,
  "num_steps": 131072,
  "feature_compute_time_s": 5.424306154251099,
  "train_iter_time_s": 2.635242223739624,
  "init_seed": 200,
  "train_seed": 203,
  "best_reward_so_far": -Infinity
}