{
  "sharpness": 2.257587016782454,
  "gradient_smoothness": 0.0339301699346773,
  "loss_mean": 0.0,
  "loss_std": 0.0,
  "loss_trend": 7.422252901233468e-10,
  "parameter_norm": 102.4054640858392,
  "lambda_max_10": 20.557151794433594,
  "hessian_trace_10": 77.53676681518554,
  "fim_trace": 5921.783807929605,
  "step_count": 5,
  "timestamp": 1765469441.9400978,
  "episode_reward": -10.54661750793457,
  "num_steps": 196608,
  "feature_compute_time_s": 7.005802392959595,
  "train_iter_time_s": 4.735845565795898,
  "init_seed": 200,
  "train_seed": 201,
  "best_reward_so_far": -5.7163920369809915
}