{
  "sharpness": 1.1605366543484354,
  "gradient_smoothness": 0.19040581217378355,
  "loss_mean": 0.0,
  "loss_std": 0.0,
  "loss_trend": 2.2784892212996026e-11,
  "parameter_norm": 34.42154877624195,
  "lambda_max_10": -25.531967163085938,
  "hessian_trace_10": 324.2901870727539,
  "fim_trace": 1390.3383196424693,
  "step_count": 52,
  "timestamp": 1765442465.6920795,
  "episode_reward": 1318.2296142578125,
  "num_steps": 1736704,
  "feature_compute_time_s": 10.598684072494507,
  "train_iter_time_s": 3.9569849967956543,
  "init_seed": 200,
  "train_seed": 204,
  "best_reward_so_far": 834.3966687431189
}