{
  "sharpness": 1.2880933201042162,
  "gradient_smoothness": 0.4535542168849603,
  "loss_mean": 0.0,
  "loss_std": 0.0,
  "loss_trend": -5.72524634297655e-11,
  "parameter_norm": 24.69535006295628,
  "lambda_max_10": 8.149092674255371,
  "hessian_trace_10": 93.84070129394532,
  "fim_trace": 334.9785852432251,
  "step_count": 62,
  "timestamp": 1763772955.9468958,
  "episode_reward": 825.7769059844632,
  "num_steps": 2064384,
  "feature_compute_time_s": 5.44944429397583,
  "train_iter_time_s": 10.289031267166138,
  "init_seed": 200,
  "train_seed": 201,
  "best_reward_so_far": 825.7769059844632
}