{
  "sharpness": 0.575509759537819,
  "gradient_smoothness": 0.002339371488506797,
  "loss_mean": 0.0,
  "loss_std": 0.0,
  "loss_trend": 1.687805135858881e-10,
  "parameter_norm": 22.098011398544468,
  "lambda_max_10": 1.7642898559570312,
  "hessian_trace_10": 3.934802198410034,
  "fim_trace": 67.06171127036214,
  "step_count": 28,
  "timestamp": 1763778954.756866,
  "num_steps": 950272,
  "feature_compute_time_s": 10.018752098083496,
  "train_iter_time_s": 11.922921895980835,
  "init_seed": 203,
  "train_seed": 200,
  "best_reward_so_far": -270.60232984748893
}