{
  "sharpness": 1.678829553885716,
  "gradient_smoothness": 0.06585634723572013,
  "loss_mean": 0.0,
  "loss_std": 0.0,
  "loss_trend": 3.056872672643845e-09,
  "parameter_norm": 29.473004859979593,
  "lambda_max_10": -25.76683807373047,
  "hessian_trace_10": 247.94134826660155,
  "fim_trace": 2151.535905122757,
  "step_count": 3,
  "timestamp": 1764167950.4087481,
  "episode_reward": 3412.0556640625,
  "num_steps": 131072,
  "feature_compute_time_s": 5.1689605712890625,
  "train_iter_time_s": 2.662235975265503,
  "init_seed": 200,
  "train_seed": 207,
  "best_reward_so_far": -Infinity
}