{
  "sharpness": 1.3586485647012385,
  "gradient_smoothness": 0.015548085693585663,
  "loss_mean": 0.0,
  "loss_std": 0.0,
  "loss_trend": -1.9203319959145034e-12,
  "parameter_norm": 30.398210870515246,
  "lambda_max_10": -8.683097839355469,
  "hessian_trace_10": 158.06237106323243,
  "fim_trace": 957.6813021786511,
  "step_count": 148,
  "timestamp": 1763762969.9993343,
  "episode_reward": 1099.295897193221,
  "num_steps": 4882432,
  "feature_compute_time_s": 10.307372331619263,
  "train_iter_time_s": 17.47910451889038,
  "init_seed": 200,
  "train_seed": 201,
  "best_reward_so_far": 1201.8159454557813
}