{
  "sharpness": 1.2547143780718288,
  "gradient_smoothness": 0.01538452104821507,
  "loss_mean": 0.0,
  "loss_std": 0.0,
  "loss_trend": -1.5368518779415701e-12,
  "parameter_norm": 31.69289883362199,
  "lambda_max_10": -17.078723907470703,
  "hessian_trace_10": 317.4467239379883,
  "fim_trace": 1367.3511560074985,
  "step_count": 187,
  "timestamp": 1763771725.1316662,
  "episode_reward": 1143.8982513740898,
  "num_steps": 6160384,
  "feature_compute_time_s": 9.505068302154541,
  "train_iter_time_s": 18.735913276672363,
  "init_seed": 205,
  "train_seed": 200,
  "best_reward_so_far": 1658.3194934058913
}