{
  "sharpness": 1.246083685352055,
  "gradient_smoothness": 0.08513854542716447,
  "loss_mean": 0.0,
  "loss_std": 0.0,
  "loss_trend": -8.17314712501358e-11,
  "parameter_norm": 34.34451087409526,
  "lambda_max_10": -24.138587951660156,
  "hessian_trace_10": 506.38698120117186,
  "fim_trace": 3957.6174559742212,
  "step_count": 45,
  "timestamp": 1765439909.0926554,
  "episode_reward": 33.75117492675781,
  "num_steps": 1507328,
  "feature_compute_time_s": 5.558963775634766,
  "train_iter_time_s": 3.808439016342163,
  "init_seed": 200,
  "train_seed": 202,
  "best_reward_so_far": 1057.4152997908818
}