{
  "sharpness": 1.3206224230830104,
  "gradient_smoothness": 0.001269340986972893,
  "loss_mean": 0.0,
  "loss_std": 0.0,
  "loss_trend": 6.303734161974443e-11,
  "parameter_norm": 34.20979217999988,
  "lambda_max_10": -49.232627868652344,
  "hessian_trace_10": 623.6143981933594,
  "fim_trace": 4358.018284462392,
  "step_count": 35,
  "timestamp": 1765439340.072956,
  "episode_reward": -5.354951858520508,
  "num_steps": 1179648,
  "feature_compute_time_s": 5.483440160751343,
  "train_iter_time_s": 5.048924207687378,
  "init_seed": 200,
  "train_seed": 206,
  "best_reward_so_far": 840.474797530685
}