{
  "sharpness": 1.792253646219016,
  "gradient_smoothness": 0.17045458136450686,
  "loss_mean": 0.0,
  "loss_std": 0.0,
  "loss_trend": -1.4438008864110166e-11,
  "parameter_norm": 27.699259715352227,
  "lambda_max_10": -15.999638557434082,
  "hessian_trace_10": 202.74529037475585,
  "fim_trace": 1856.127165734768,
  "step_count": 141,
  "timestamp": 1763782133.1398766,
  "num_steps": 4653056,
  "feature_compute_time_s": 8.312374830245972,
  "train_iter_time_s": 12.809911012649536,
  "init_seed": 205,
  "train_seed": 200,
  "best_reward_so_far": 1346.855417986935
}