{
  "sharpness": 2.9569168754340565,
  "gradient_smoothness": 0.18181243311136516,
  "loss_mean": 0.0,
  "loss_std": 0.0,
  "loss_trend": -1.0525080868617724e-09,
  "parameter_norm": 41.13912882635662,
  "lambda_max_10": 88.07271575927734,
  "hessian_trace_10": 557.8048645019531,
  "fim_trace": 6363.307346403599,
  "step_count": 8,
  "timestamp": 1766083329.4461505,
  "episode_reward": 1209.6893310546875,
  "num_steps": 294912,
  "feature_compute_time_s": 5.086687803268433,
  "train_iter_time_s": 2.8201091289520264,
  "init_seed": 207,
  "train_seed": 200,
  "best_reward_so_far": -Infinity
}