{
  "sharpness": 1.796959547534854,
  "gradient_smoothness": 0.09756284783193514,
  "loss_mean": 0.0,
  "loss_std": 0.0,
  "loss_trend": 1.272092497841525e-11,
  "parameter_norm": 29.42445260867005,
  "lambda_max_10": -36.24675750732422,
  "hessian_trace_10": 119.41099472045899,
  "fim_trace": 3194.5019353330135,
  "step_count": 245,
  "timestamp": 1763771258.3499205,
  "num_steps": 8060928,
  "feature_compute_time_s": 4.456026792526245,
  "train_iter_time_s": 8.717920303344727,
  "init_seed": 200,
  "train_seed": 200,
  "best_reward_so_far": 1269.1137796691619
}