{
  "sharpness": 2.798640115291458,
  "gradient_smoothness": 0.23041416596305167,
  "loss_mean": 0.0,
  "loss_std": 0.0,
  "loss_trend": 5.350602734328565e-10,
  "parameter_norm": 44.100194222750766,
  "lambda_max_10": -215.0772705078125,
  "hessian_trace_10": 3020.6343627929687,
  "fim_trace": 40994.36462700367,
  "step_count": 11,
  "timestamp": 1764177747.850118,
  "episode_reward": 698.5949096679688,
  "num_steps": 393216,
  "feature_compute_time_s": 8.930811405181885,
  "train_iter_time_s": 3.179226875305176,
  "init_seed": 200,
  "train_seed": 200,
  "best_reward_so_far": -Infinity
}