{
  "sharpness": 0.6825435549458136,
  "gradient_smoothness": 0.025709000453164526,
  "loss_mean": 0.0,
  "loss_std": 0.0,
  "loss_trend": 2.4884667611412454e-11,
  "parameter_norm": 23.843619691248882,
  "lambda_max_10": 3.4623708724975586,
  "hessian_trace_10": 38.66322422027588,
  "fim_trace": 143.0245090574026,
  "step_count": 45,
  "timestamp": 1763776457.4964144,
  "num_steps": 1507328,
  "feature_compute_time_s": 4.458083629608154,
  "train_iter_time_s": 8.43465256690979,
  "init_seed": 200,
  "train_seed": 200,
  "best_reward_so_far": -48.168024713546636
}