{
  "sharpness": 1.3299453819870375,
  "gradient_smoothness": 0.02307987218302278,
  "loss_mean": 0.0,
  "loss_std": 0.0,
  "loss_trend": -1.5278050778083262e-11,
  "parameter_norm": 31.98140443949472,
  "lambda_max_10": -23.748043060302734,
  "hessian_trace_10": 252.96228637695313,
  "fim_trace": 1325.6219634003937,
  "step_count": 240,
  "timestamp": 1763764170.951271,
  "episode_reward": 1319.072229762432,
  "num_steps": 7897088,
  "feature_compute_time_s": 6.926614761352539,
  "train_iter_time_s": 14.710757970809937,
  "init_seed": 200,
  "train_seed": 207,
  "best_reward_so_far": 1548.0433036672314
}