{
  "sharpness": 1.2263925410792744,
  "gradient_smoothness": 0.036371519614844715,
  "loss_mean": 0.0,
  "loss_std": 0.0,
  "loss_trend": 1.5470449264062817e-10,
  "parameter_norm": 33.57320555227272,
  "lambda_max_10": -23.189687728881836,
  "hessian_trace_10": 439.1276885986328,
  "fim_trace": 1604.9218262322247,
  "step_count": 22,
  "timestamp": 1765443223.5369096,
  "episode_reward": 101.13309478759766,
  "num_steps": 753664,
  "feature_compute_time_s": 9.343047618865967,
  "train_iter_time_s": 4.341034650802612,
  "init_seed": 205,
  "train_seed": 200,
  "best_reward_so_far": 375.5934418990798
}