{
  "sharpness": 1.5077470265608524,
  "gradient_smoothness": 0.027204972902396558,
  "loss_mean": 0.0,
  "loss_std": 0.0,
  "loss_trend": -5.5667518572422557e-11,
  "parameter_norm": 33.575731558169835,
  "lambda_max_10": 30.198455810546875,
  "hessian_trace_10": 644.1127105712891,
  "fim_trace": 2743.380618482828,
  "step_count": 37,
  "timestamp": 1765446174.164196,
  "episode_reward": 1678.00146484375,
  "num_steps": 1245184,
  "feature_compute_time_s": 10.798691034317017,
  "train_iter_time_s": 3.8816919326782227,
  "init_seed": 207,
  "train_seed": 200,
  "best_reward_so_far": 929.2940660966987
}