{
  "sharpness": 1.2556668032369769,
  "gradient_smoothness": 0.0023967826594014684,
  "loss_mean": 0.0,
  "loss_std": 0.0,
  "loss_trend": -5.400383052835656e-12,
  "parameter_norm": 26.448978128870408,
  "lambda_max_10": -4.9186248779296875,
  "hessian_trace_10": 94.3182011604309,
  "fim_trace": 198.3523693252355,
  "step_count": 58,
  "timestamp": 1763764437.0209782,
  "episode_reward": 754.7485630637112,
  "num_steps": 1933312,
  "feature_compute_time_s": 4.9713075160980225,
  "train_iter_time_s": 10.128428936004639,
  "init_seed": 200,
  "train_seed": 200,
  "best_reward_so_far": 825.5063438058102
}