{
  "sharpness": 1.2138218959899851,
  "gradient_smoothness": 0.5078117440414269,
  "loss_mean": 0.0,
  "loss_std": 0.0,
  "loss_trend": -2.670411213477585e-12,
  "parameter_norm": 32.12923175272941,
  "lambda_max_10": -26.696557998657227,
  "hessian_trace_10": 371.0518432617188,
  "fim_trace": 1767.2976150289178,
  "step_count": 303,
  "timestamp": 1763767442.6948628,
  "episode_reward": 1620.3766343676946,
  "num_steps": 9961472,
  "feature_compute_time_s": 9.078664779663086,
  "train_iter_time_s": 19.977487325668335,
  "init_seed": 200,
  "train_seed": 201,
  "best_reward_so_far": 1915.9079975744837
}