{
  "sharpness": 1.2410289734496167,
  "gradient_smoothness": 0.029604654979634146,
  "loss_mean": 0.0,
  "loss_std": 0.0,
  "loss_trend": -4.6935175690048455e-12,
  "parameter_norm": 34.35872952802252,
  "lambda_max_10": -22.783353805541992,
  "hessian_trace_10": 472.8650756835938,
  "fim_trace": 1405.8069638554007,
  "step_count": 34,
  "timestamp": 1765441670.8602095,
  "episode_reward": -5.04279088973999,
  "num_steps": 1146880,
  "feature_compute_time_s": 8.471457242965698,
  "train_iter_time_s": 4.382376432418823,
  "init_seed": 201,
  "train_seed": 200,
  "best_reward_so_far": 867.0278001602918
}