{
  "sharpness": 1.1726414349384442,
  "gradient_smoothness": 0.37705499370305456,
  "loss_mean": 0.0,
  "loss_std": 0.0,
  "loss_trend": 6.462847640271896e-12,
  "parameter_norm": 32.879148328793335,
  "lambda_max_10": -23.6044921875,
  "hessian_trace_10": 380.30186462402344,
  "fim_trace": 1530.9952887948602,
  "step_count": 302,
  "timestamp": 1763765443.310943,
  "episode_reward": 1552.9319383663767,
  "num_steps": 9928704,
  "feature_compute_time_s": 9.413360118865967,
  "train_iter_time_s": 15.923709869384766,
  "init_seed": 200,
  "train_seed": 200,
  "best_reward_so_far": 2012.0771851666414
}