{
  "sharpness": 1.5782756013638894,
  "gradient_smoothness": 0.10815134462628188,
  "loss_mean": 0.0,
  "loss_std": 0.0,
  "loss_trend": 8.742497432204198e-11,
  "parameter_norm": 33.83569425829305,
  "lambda_max_10": -54.355010986328125,
  "hessian_trace_10": 312.2623374938965,
  "fim_trace": 3275.9927690401673,
  "step_count": 42,
  "timestamp": 1765441851.7849624,
  "episode_reward": 1071.9732666015625,
  "num_steps": 1409024,
  "feature_compute_time_s": 5.561240196228027,
  "train_iter_time_s": 3.7426164150238037,
  "init_seed": 203,
  "train_seed": 200,
  "best_reward_so_far": 870.0792417097664
}