{
  "sharpness": 1.2335750095614124,
  "gradient_smoothness": 0.09443132745989241,
  "loss_mean": 0.0,
  "loss_std": 0.0,
  "loss_trend": -1.5672542787890397e-10,
  "parameter_norm": 34.253746745486524,
  "lambda_max_10": -32.59410858154297,
  "hessian_trace_10": 430.8876220703125,
  "fim_trace": 2700.0050622597337,
  "step_count": 43,
  "timestamp": 1765444663.7674763,
  "episode_reward": -48.4711799621582,
  "num_steps": 1441792,
  "feature_compute_time_s": 6.101605176925659,
  "train_iter_time_s": 4.59891939163208,
  "init_seed": 206,
  "train_seed": 200,
  "best_reward_so_far": 746.3884472409665
}