{
  "sharpness": 1.0658025931229163,
  "gradient_smoothness": 0.028390075133878846,
  "loss_mean": 0.0,
  "loss_std": 0.0,
  "loss_trend": 1.3752906820769285e-10,
  "parameter_norm": 24.83079975144574,
  "lambda_max_10": 4.818163871765137,
  "hessian_trace_10": 29.793358898162843,
  "fim_trace": 290.645726531744,
  "step_count": 68,
  "timestamp": 1763780578.7006352,
  "num_steps": 2260992,
  "feature_compute_time_s": 4.60956335067749,
  "train_iter_time_s": 7.964755535125732,
  "init_seed": 206,
  "train_seed": 200,
  "best_reward_so_far": 626.9817619607213
}