{
  "sharpness": 0.3299680315410435,
  "gradient_smoothness": 0.08333357547775512,
  "loss_mean": 0.0,
  "loss_std": 0.0,
  "loss_trend": 4.2996039021705924e-10,
  "parameter_norm": 21.319896546775656,
  "lambda_max_10": 1.2989721298217773,
  "hessian_trace_10": 2.8366497278213503,
  "fim_trace": 32.84698496945202,
  "step_count": 7,
  "timestamp": 1763765841.1025407,
  "episode_reward": 144.88784805538722,
  "num_steps": 262144,
  "feature_compute_time_s": 8.510741949081421,
  "train_iter_time_s": 15.693100214004517,
  "init_seed": 202,
  "train_seed": 200,
  "best_reward_so_far": 144.88784805538722
}