{
  "sharpness": 0.5354797865970816,
  "gradient_smoothness": 0.050899995332737674,
  "loss_mean": 0.0,
  "loss_std": 0.0,
  "loss_trend": 3.9212596372325534e-10,
  "parameter_norm": 21.722784463727585,
  "lambda_max_10": -1.5809656381607056,
  "hessian_trace_10": -5.282270336151123,
  "fim_trace": 54.10980265028775,
  "step_count": 23,
  "timestamp": 1763776181.0806456,
  "num_steps": 786432,
  "feature_compute_time_s": 4.4262590408325195,
  "train_iter_time_s": 7.915156841278076,
  "init_seed": 200,
  "train_seed": 200,
  "best_reward_so_far": -277.2317090789319
}