{
  "sharpness": 1.294597604173229,
  "gradient_smoothness": 0.010812351299949747,
  "loss_mean": 0.0,
  "loss_std": 0.0,
  "loss_trend": -4.274586621561098e-10,
  "parameter_norm": 33.686456748905734,
  "lambda_max_10": -30.983858108520508,
  "hessian_trace_10": 485.80137023925784,
  "fim_trace": 1961.4278689585626,
  "step_count": 27,
  "timestamp": 1765438444.0979762,
  "episode_reward": 1588.273193359375,
  "num_steps": 917504,
  "feature_compute_time_s": 5.591508865356445,
  "train_iter_time_s": 3.621901750564575,
  "init_seed": 200,
  "train_seed": 203,
  "best_reward_so_far": 694.4806046019521
}