{
  "sharpness": 1.6621282880002275,
  "gradient_smoothness": 0.6045962928726808,
  "loss_mean": 0.0,
  "loss_std": 0.0,
  "loss_trend": 7.644387058449385e-10,
  "parameter_norm": 29.65273076412486,
  "lambda_max_10": -70.98462677001953,
  "hessian_trace_10": 559.8357159614563,
  "fim_trace": 6666.943138688803,
  "step_count": 14,
  "timestamp": 1764148442.9810555,
  "episode_reward": 1316.872314453125,
  "num_steps": 491520,
  "feature_compute_time_s": 7.826807022094727,
  "train_iter_time_s": 3.2812228202819824,
  "init_seed": 200,
  "train_seed": 202,
  "best_reward_so_far": -Infinity
}