{
  "sharpness": 3.221329694785448,
  "gradient_smoothness": 0.15891165719185985,
  "loss_mean": 0.0,
  "loss_std": 0.0,
  "loss_trend": 1.5074434247593517e-08,
  "parameter_norm": 44.03643859438296,
  "lambda_max_10": -178.6510467529297,
  "hessian_trace_10": 1385.9976135253905,
  "fim_trace": 22878.532854691148,
  "step_count": 2,
  "timestamp": 1764177627.2027824,
  "episode_reward": 978.8073120117188,
  "num_steps": 98304,
  "feature_compute_time_s": 8.95958924293518,
  "train_iter_time_s": 3.0173532962799072,
  "init_seed": 200,
  "train_seed": 200,
  "best_reward_so_far": -Infinity
}