{
  "sharpness": 1.4063477170928063,
  "gradient_smoothness": 0.010923931643934529,
  "loss_mean": 0.0,
  "loss_std": 0.0,
  "loss_trend": -1.5016032510047686e-11,
  "parameter_norm": 28.64583778092483,
  "lambda_max_10": -12.119481086730957,
  "hessian_trace_10": 194.31366653442382,
  "fim_trace": 692.1425036638975,
  "step_count": 102,
  "timestamp": 1763761654.369193,
  "episode_reward": 992.8890355027221,
  "num_steps": 3375104,
  "feature_compute_time_s": 9.13181447982788,
  "train_iter_time_s": 19.447129249572754,
  "init_seed": 200,
  "train_seed": 201,
  "best_reward_so_far": 1199.4311176756057
}