{
  "sharpness": 2.154108115404724,
  "gradient_smoothness": 0.08418734132877044,
  "loss_mean": 0.0,
  "loss_std": 0.0,
  "loss_trend": 8.187097857721857e-12,
  "parameter_norm": 28.944387470992453,
  "lambda_max_10": -49.734092712402344,
  "hessian_trace_10": 280.5742446899414,
  "fim_trace": 2984.3429422676563,
  "step_count": 257,
  "timestamp": 1763783218.6244094,
  "num_steps": 8454144,
  "feature_compute_time_s": 5.154866933822632,
  "train_iter_time_s": 12.409985303878784,
  "init_seed": 203,
  "train_seed": 200,
  "best_reward_so_far": 1425.3898347977038
}