{
  "sharpness": 1.2629097506488143,
  "gradient_smoothness": 0.021892729185382917,
  "loss_mean": 0.0,
  "loss_std": 0.0,
  "loss_trend": -2.4470161290486085e-11,
  "parameter_norm": 31.313805411082406,
  "lambda_max_10": -29.044700622558594,
  "hessian_trace_10": 378.8001434326172,
  "fim_trace": 1559.656284853816,
  "step_count": 182,
  "timestamp": 1763763962.059953,
  "episode_reward": 1187.1806219296311,
  "num_steps": 5996544,
  "feature_compute_time_s": 8.935462713241577,
  "train_iter_time_s": 19.25584864616394,
  "init_seed": 200,
  "train_seed": 201,
  "best_reward_so_far": 1340.0506331506665
}