{
  "sharpness": 2.1132662962273403,
  "gradient_smoothness": 0.2519373215998362,
  "loss_mean": 0.0,
  "loss_std": 0.0,
  "loss_trend": -1.437741306785042e-09,
  "parameter_norm": 29.863742492682917,
  "lambda_max_10": -40.29315185546875,
  "hessian_trace_10": 274.63255004882814,
  "fim_trace": 2692.8483646810055,
  "step_count": 10,
  "timestamp": 1764166955.209871,
  "episode_reward": 821.38720703125,
  "num_steps": 360448,
  "feature_compute_time_s": 9.397142887115479,
  "train_iter_time_s": 3.2340776920318604,
  "init_seed": 200,
  "train_seed": 200,
  "best_reward_so_far": -Infinity
}