{
  "sharpness": 1.2819917005141952,
  "gradient_smoothness": 0.02659196953977551,
  "loss_mean": 0.0,
  "loss_std": 0.0,
  "loss_trend": -6.638428158324795e-11,
  "parameter_norm": 33.675725801601885,
  "lambda_max_10": -38.0699577331543,
  "hessian_trace_10": 507.7091339111328,
  "fim_trace": 3304.5136255491525,
  "step_count": 26,
  "timestamp": 1765440885.707932,
  "episode_reward": -10.568755149841309,
  "num_steps": 884736,
  "feature_compute_time_s": 5.281440019607544,
  "train_iter_time_s": 3.9952328205108643,
  "init_seed": 200,
  "train_seed": 203,
  "best_reward_so_far": 594.0716619492931
}