{
  "sharpness": 1.4201176776409117,
  "gradient_smoothness": 0.01318087975289517,
  "loss_mean": 0.0,
  "loss_std": 0.0,
  "loss_trend": 5.253995540958446e-11,
  "parameter_norm": 30.178812257025964,
  "lambda_max_10": -22.564916610717773,
  "hessian_trace_10": 271.1503601074219,
  "fim_trace": 1161.9013465940952,
  "step_count": 137,
  "timestamp": 1763761900.592739,
  "episode_reward": 1006.9701345777795,
  "num_steps": 4521984,
  "feature_compute_time_s": 6.638429403305054,
  "train_iter_time_s": 17.26708483695984,
  "init_seed": 200,
  "train_seed": 207,
  "best_reward_so_far": 1186.8085548879967
}