{
  "sharpness": 3.656037663256859,
  "gradient_smoothness": 0.19077502592466788,
  "loss_mean": 0.0,
  "loss_std": 0.0,
  "loss_trend": 1.8494677559148932e-10,
  "parameter_norm": 41.48386556999437,
  "lambda_max_10": -66.94628143310547,
  "hessian_trace_10": 578.0739990234375,
  "fim_trace": 10460.173930227757,
  "step_count": 9,
  "timestamp": 1766082897.4712677,
  "episode_reward": 583.5007934570312,
  "num_steps": 327680,
  "feature_compute_time_s": 6.646024227142334,
  "train_iter_time_s": 3.880476236343384,
  "init_seed": 201,
  "train_seed": 200,
  "best_reward_so_far": -Infinity
}