{
  "sharpness": 1.1954938433845768,
  "gradient_smoothness": 0.02355017879583014,
  "loss_mean": 0.0,
  "loss_std": 0.0,
  "loss_trend": -2.546166153436766e-10,
  "parameter_norm": 33.95852930436924,
  "lambda_max_10": -22.221588134765625,
  "hessian_trace_10": 433.5157470703125,
  "fim_trace": 2212.920529603958,
  "step_count": 24,
  "timestamp": 1765438541.346118,
  "episode_reward": 1313.51416015625,
  "num_steps": 819200,
  "feature_compute_time_s": 5.41914701461792,
  "train_iter_time_s": 3.9440677165985107,
  "init_seed": 200,
  "train_seed": 204,
  "best_reward_so_far": 316.80065453127247
}