{
  "sharpness": 2.5279673059475893,
  "gradient_smoothness": 0.6191943472045788,
  "loss_mean": 0.0,
  "loss_std": 0.0,
  "loss_trend": 2.5606732740520853e-10,
  "parameter_norm": 29.838350117573974,
  "lambda_max_10": -75.18253326416016,
  "hessian_trace_10": 665.9310852050781,
  "fim_trace": 5621.169695794582,
  "step_count": 14,
  "timestamp": 1764177212.2052622,
  "episode_reward": 1539.832275390625,
  "num_steps": 491520,
  "feature_compute_time_s": 4.9987030029296875,
  "train_iter_time_s": 2.753235101699829,
  "init_seed": 202,
  "train_seed": 200,
  "best_reward_so_far": -Infinity
}