{
  "sharpness": 1.6124088416058127,
  "gradient_smoothness": 0.21630896066816027,
  "loss_mean": 0.0,
  "loss_std": 0.0,
  "loss_trend": -1.992605511364769e-10,
  "parameter_norm": 29.77833275862542,
  "lambda_max_10": -11.561549186706543,
  "hessian_trace_10": 299.86800689697264,
  "fim_trace": 3390.160857319832,
  "step_count": 9,
  "timestamp": 1764166856.221258,
  "episode_reward": 1664.89208984375,
  "num_steps": 327680,
  "feature_compute_time_s": 5.7602667808532715,
  "train_iter_time_s": 3.2834432125091553,
  "init_seed": 200,
  "train_seed": 203,
  "best_reward_so_far": -Infinity
}