{
  "sharpness": 2.538316384115072,
  "gradient_smoothness": 0.22792134221181926,
  "loss_mean": 0.0,
  "loss_std": 0.0,
  "loss_trend": 9.201558337869283e-09,
  "parameter_norm": 41.29874234443017,
  "lambda_max_10": -9.566383361816406,
  "hessian_trace_10": 197.65504035949706,
  "fim_trace": 4128.252704203129,
  "step_count": 3,
  "timestamp": 1766080566.8181994,
  "episode_reward": 626.5238647460938,
  "num_steps": 131072,
  "feature_compute_time_s": 5.2576398849487305,
  "train_iter_time_s": 2.635784387588501,
  "init_seed": 200,
  "train_seed": 206,
  "best_reward_so_far": -Infinity
}