{
  "sharpness": 2.053723896544293,
  "gradient_smoothness": 0.004379559348985901,
  "loss_mean": 0.0,
  "loss_std": 0.0,
  "loss_trend": -4.592551592115934e-11,
  "parameter_norm": 28.160199362062915,
  "lambda_max_10": 12.17540168762207,
  "hessian_trace_10": -57.9023097038269,
  "fim_trace": 1015.854985460639,
  "step_count": 172,
  "timestamp": 1763781872.2828102,
  "episode_reward": 1546.3342849830033,
  "num_steps": 5668864,
  "feature_compute_time_s": 6.554440975189209,
  "train_iter_time_s": 11.140919923782349,
  "init_seed": 204,
  "train_seed": 200,
  "best_reward_so_far": 1546.3342849830033
}