{
  "sharpness": 1.3752160542743146,
  "gradient_smoothness": 0.057271560662082194,
  "loss_mean": 0.0,
  "loss_std": 0.0,
  "loss_trend": -5.1150394506359556e-11,
  "parameter_norm": 27.508492108425873,
  "lambda_max_10": 13.623858451843262,
  "hessian_trace_10": 301.6151382446289,
  "fim_trace": 533.5710813775659,
  "step_count": 77,
  "timestamp": 1763760761.6335082,
  "episode_reward": 955.7870825224942,
  "num_steps": 2555904,
  "feature_compute_time_s": 7.237596750259399,
  "train_iter_time_s": 18.620948791503906,
  "init_seed": 200,
  "train_seed": 202,
  "best_reward_so_far": 955.7870825224942
}