{
  "sharpness": 1.163470853447948,
  "gradient_smoothness": 0.03309053408786816,
  "loss_mean": 0.0,
  "loss_std": 0.0,
  "loss_trend": -1.3295541213437345e-11,
  "parameter_norm": 25.998774899346518,
  "lambda_max_10": 9.481316566467285,
  "hessian_trace_10": 55.267522144317624,
  "fim_trace": 479.7425669878721,
  "step_count": 83,
  "timestamp": 1763774215.9758425,
  "num_steps": 2752512,
  "feature_compute_time_s": 7.729496240615845,
  "train_iter_time_s": 13.063288688659668,
  "init_seed": 200,
  "train_seed": 203,
  "best_reward_so_far": 973.9057749447795
}