{
  "sharpness": 1.3541137862199215,
  "gradient_smoothness": 0.012477777106803823,
  "loss_mean": 0.0,
  "loss_std": 0.0,
  "loss_trend": 2.1675018228276517e-10,
  "parameter_norm": 33.50826068440753,
  "lambda_max_10": -17.873348236083984,
  "hessian_trace_10": 347.70333404541014,
  "fim_trace": 1752.4282597638667,
  "step_count": 25,
  "timestamp": 1765444284.7299316,
  "episode_reward": -3.6636219024658203,
  "num_steps": 851968,
  "feature_compute_time_s": 10.79985785484314,
  "train_iter_time_s": 4.056000471115112,
  "init_seed": 207,
  "train_seed": 200,
  "best_reward_so_far": 810.4635193759215
}