{
  "sharpness": 1.6011495353643608,
  "gradient_smoothness": 0.13363506898481073,
  "loss_mean": 0.0,
  "loss_std": 0.0,
  "loss_trend": -1.216336748807364e-10,
  "parameter_norm": 33.0234129739916,
  "lambda_max_10": -42.728179931640625,
  "hessian_trace_10": 359.0598617553711,
  "fim_trace": 2044.866829752922,
  "step_count": 5,
  "timestamp": 1765442787.1801777,
  "episode_reward": -17.282217025756836,
  "num_steps": 196608,
  "feature_compute_time_s": 5.467013597488403,
  "train_iter_time_s": 3.754154682159424,
  "init_seed": 203,
  "train_seed": 200,
  "best_reward_so_far": 37.52812872800479
}