{
  "sharpness": 1.2228616847910934,
  "gradient_smoothness": 0.7615941559557649,
  "loss_mean": 0.0,
  "loss_std": 0.0,
  "loss_trend": 5.988727258826552e-11,
  "parameter_norm": 34.15843334447805,
  "lambda_max_10": -22.157310485839844,
  "hessian_trace_10": 379.0964645385742,
  "fim_trace": 1665.1836529113352,
  "step_count": 61,
  "timestamp": 1765442600.7834396,
  "episode_reward": -1.3653802871704102,
  "num_steps": 2031616,
  "feature_compute_time_s": 5.521135330200195,
  "train_iter_time_s": 3.762982130050659,
  "init_seed": 204,
  "train_seed": 200,
  "best_reward_so_far": 891.311114684619
}