{
  "sharpness": 1.7220985150572767,
  "gradient_smoothness": 0.7615941559557649,
  "loss_mean": 0.0,
  "loss_std": 0.0,
  "loss_trend": -1.9298619523656852e-10,
  "parameter_norm": 29.694075957753864,
  "lambda_max_10": -79.23365783691406,
  "hessian_trace_10": 731.6066009521485,
  "fim_trace": 7752.023994743824,
  "step_count": 15,
  "timestamp": 1764166735.8454905,
  "episode_reward": 1278.3692626953125,
  "num_steps": 524288,
  "feature_compute_time_s": 6.518309831619263,
  "train_iter_time_s": 4.335303783416748,
  "init_seed": 200,
  "train_seed": 202,
  "best_reward_so_far": 1077.756165416168
}