{
  "sharpness": 1.4075795253959775,
  "gradient_smoothness": 0.04548954415732997,
  "loss_mean": 0.0,
  "loss_std": 0.0,
  "loss_trend": -4.398898829566745e-11,
  "parameter_norm": 32.527895703286646,
  "lambda_max_10": -53.83129119873047,
  "hessian_trace_10": 687.5154846191406,
  "fim_trace": 3737.3759987428784,
  "step_count": 262,
  "timestamp": 1763771625.9565842,
  "episode_reward": 2097.9944524443954,
  "num_steps": 8617984,
  "feature_compute_time_s": 5.442899942398071,
  "train_iter_time_s": 15.277190923690796,
  "init_seed": 202,
  "train_seed": 200,
  "best_reward_so_far": 2436.750246933793
}