{
  "sharpness": 1.3247734310461126,
  "gradient_smoothness": 0.09681327481665386,
  "loss_mean": 0.0,
  "loss_std": 0.0,
  "loss_trend": 1.308329875566648e-10,
  "parameter_norm": 33.775659889964736,
  "lambda_max_10": -21.442623138427734,
  "hessian_trace_10": 415.45848388671874,
  "fim_trace": 2424.341336622834,
  "step_count": 18,
  "timestamp": 1765442286.803635,
  "episode_reward": -11.618770599365234,
  "num_steps": 622592,
  "feature_compute_time_s": 6.560064077377319,
  "train_iter_time_s": 6.27217960357666,
  "init_seed": 206,
  "train_seed": 200,
  "best_reward_so_far": 384.57860445851026
}