{
  "sharpness": 1.2672076207062728,
  "gradient_smoothness": 0.2029463290403906,
  "loss_mean": 0.0,
  "loss_std": 0.0,
  "loss_trend": -1.510298612542837e-09,
  "parameter_norm": 33.043074537249716,
  "lambda_max_10": -24.341432571411133,
  "hessian_trace_10": 486.3102630615234,
  "fim_trace": 1992.75096969679,
  "step_count": 3,
  "timestamp": 1765469322.6473966,
  "episode_reward": 149.2044677734375,
  "num_steps": 131072,
  "feature_compute_time_s": 4.622758626937866,
  "train_iter_time_s": 3.8271398544311523,
  "init_seed": 205,
  "train_seed": 200,
  "best_reward_so_far": 88.15726914581879
}