{
  "sharpness": 1.6792064011417747,
  "gradient_smoothness": 0.0,
  "parameter_norm": 29.270516836277064,
  "lambda_max_10": -31.045259475708008,
  "hessian_trace_10": 247.40316314697264,
  "fim_trace": 2506.1070253551006,
  "step_count": 0,
  "timestamp": 1764153510.2403946,
  "episode_reward": 1435.715576171875,
  "num_steps": 32768,
  "feature_compute_time_s": 5.120672941207886,
  "train_iter_time_s": 3.4277799129486084,
  "init_seed": 200,
  "train_seed": 207,
  "best_reward_so_far": -Infinity
}