{
  "sharpness": 1.1165550685082812,
  "gradient_smoothness": 0.12548899053261822,
  "loss_mean": 0.0,
  "loss_std": 0.0,
  "loss_trend": -3.0967453168070674e-11,
  "parameter_norm": 34.02627310866973,
  "lambda_max_10": -14.147841453552246,
  "hessian_trace_10": 294.4740051269531,
  "fim_trace": 1570.969308014959,
  "step_count": 47,
  "timestamp": 1765440823.7046046,
  "episode_reward": 684.2882690429688,
  "num_steps": 1572864,
  "feature_compute_time_s": 10.141948938369751,
  "train_iter_time_s": 3.9756577014923096,
  "init_seed": 200,
  "train_seed": 200,
  "best_reward_so_far": 766.2326117149235
}