{
  "sharpness": 1.2094526199874678,
  "gradient_smoothness": 0.036038689451985,
  "loss_mean": 0.0,
  "loss_std": 0.0,
  "loss_trend": 3.27875016138693e-11,
  "parameter_norm": 32.34406605632505,
  "lambda_max_10": -24.788406372070312,
  "hessian_trace_10": 546.396450805664,
  "fim_trace": 2463.2695283144712,
  "step_count": 228,
  "timestamp": 1763771297.2182384,
  "episode_reward": 1864.1419211510247,
  "num_steps": 7503872,
  "feature_compute_time_s": 9.145050764083862,
  "train_iter_time_s": 15.561496019363403,
  "init_seed": 204,
  "train_seed": 200,
  "best_reward_so_far": 2075.634608421236
}