{
  "sharpness": 7.2519774069905605,
  "gradient_smoothness": 0.7615941559557649,
  "loss_mean": 0.0,
  "loss_std": 0.0,
  "loss_trend": -3.645666603408474e-11,
  "parameter_norm": 52.37565840789731,
  "lambda_max_10": 82.51236724853516,
  "hessian_trace_10": -224.99792098999023,
  "fim_trace": 19136.65709412098,
  "step_count": 15,
  "timestamp": 1766083605.8085697,
  "episode_reward": -77.91088104248047,
  "num_steps": 524288,
  "feature_compute_time_s": 5.9179582595825195,
  "train_iter_time_s": 4.652578353881836,
  "init_seed": 207,
  "train_seed": 200,
  "best_reward_so_far": -337.2809611292
}