{
  "sharpness": 1.8052869928247355,
  "gradient_smoothness": 0.006030533756621219,
  "loss_mean": 0.0,
  "loss_std": 0.0,
  "loss_trend": -1.3086756040265205e-11,
  "parameter_norm": 29.1295460643009,
  "lambda_max_10": -37.48479461669922,
  "hessian_trace_10": 211.7628978729248,
  "fim_trace": 4228.308995306492,
  "step_count": 275,
  "timestamp": 1763784903.3631058,
  "num_steps": 9043968,
  "feature_compute_time_s": 7.156050205230713,
  "train_iter_time_s": 12.251366138458252,
  "init_seed": 205,
  "train_seed": 200,
  "best_reward_so_far": 1687.7534719563664
}