{
  "sharpness": 1.2827683113819826,
  "gradient_smoothness": 0.03708644946358044,
  "loss_mean": 0.0,
  "loss_std": 0.0,
  "loss_trend": 9.529118252975737e-12,
  "parameter_norm": 31.675814797715216,
  "lambda_max_10": -15.872774124145508,
  "hessian_trace_10": 283.06909332275393,
  "fim_trace": 1182.7820977270603,
  "step_count": 186,
  "timestamp": 1763771696.8863,
  "episode_reward": 1386.192637343623,
  "num_steps": 6127616,
  "feature_compute_time_s": 9.425395250320435,
  "train_iter_time_s": 17.899874925613403,
  "init_seed": 205,
  "train_seed": 200,
  "best_reward_so_far": 1658.3194934058913
}