{
  "sharpness": 1.6259291625060968,
  "gradient_smoothness": 0.006421753546931297,
  "loss_mean": 0.0,
  "loss_std": 0.0,
  "loss_trend": -1.5932449395953822e-11,
  "parameter_norm": 27.26360791306714,
  "lambda_max_10": -8.012456893920898,
  "hessian_trace_10": 156.18218307495118,
  "fim_trace": 809.9254918396473,
  "step_count": 128,
  "timestamp": 1763781080.870447,
  "num_steps": 4227072,
  "feature_compute_time_s": 8.686301946640015,
  "train_iter_time_s": 11.64941143989563,
  "init_seed": 204,
  "train_seed": 200,
  "best_reward_so_far": 1171.1158403845616
}