{
  "sharpness": 0.25983783027587115,
  "gradient_smoothness": 0.010754366985511703,
  "loss_mean": 0.0,
  "loss_std": 0.0,
  "loss_trend": 1.3564645207885504e-09,
  "parameter_norm": 20.021141823215338,
  "lambda_max_10": -1.1368927955627441,
  "hessian_trace_10": -8.112018537521362,
  "fim_trace": 29.353401908650994,
  "step_count": 6,
  "timestamp": 1763778537.5459213,
  "num_steps": 229376,
  "feature_compute_time_s": 7.924849033355713,
  "train_iter_time_s": 12.589569330215454,
  "init_seed": 203,
  "train_seed": 200,
  "best_reward_so_far": -Infinity
}