{
  "sharpness": 1.464465216614623,
  "gradient_smoothness": 0.5859917391645101,
  "loss_mean": 0.0,
  "loss_std": 0.0,
  "loss_trend": 1.1099905189086002e-09,
  "parameter_norm": 33.05310772311714,
  "lambda_max_10": 5.5857648849487305,
  "hessian_trace_10": 294.5903915405273,
  "fim_trace": 3587.5293231010437,
  "step_count": 14,
  "timestamp": 1766080559.8873801,
  "episode_reward": 1259.25634765625,
  "num_steps": 491520,
  "feature_compute_time_s": 6.315790176391602,
  "train_iter_time_s": 4.940783739089966,
  "init_seed": 200,
  "train_seed": 206,
  "best_reward_so_far": -Infinity
}