{
  "sharpness": 1.6173254239958643,
  "gradient_smoothness": 0.0,
  "parameter_norm": 29.283020730213522,
  "lambda_max_10": 7.255825042724609,
  "hessian_trace_10": 177.68316116333008,
  "fim_trace": 4254.497918188572,
  "step_count": 0,
  "timestamp": 1764158790.3642874,
  "episode_reward": 1416.266357421875,
  "num_steps": 32768,
  "feature_compute_time_s": 5.096745491027832,
  "train_iter_time_s": 3.530095100402832,
  "init_seed": 205,
  "train_seed": 200,
  "best_reward_so_far": -Infinity
}