{
  "sharpness": 1.2986392145632861,
  "gradient_smoothness": 0.021118465226137997,
  "loss_mean": 0.0,
  "loss_std": 0.0,
  "loss_trend": 8.931912343232226e-11,
  "parameter_norm": 30.190201975177438,
  "lambda_max_10": -16.789844512939453,
  "hessian_trace_10": 312.6586166381836,
  "fim_trace": 985.5937305539846,
  "step_count": 133,
  "timestamp": 1763765575.772758,
  "episode_reward": 686.076896109869,
  "num_steps": 4390912,
  "feature_compute_time_s": 5.28447151184082,
  "train_iter_time_s": 9.140636682510376,
  "init_seed": 200,
  "train_seed": 200,
  "best_reward_so_far": 825.5063438058102
}