{
  "sharpness": 1.8312679912086471,
  "gradient_smoothness": 0.036430969991587965,
  "loss_mean": 0.0,
  "loss_std": 0.0,
  "loss_trend": 5.168934497763138e-09,
  "parameter_norm": 29.408246798870195,
  "lambda_max_10": -63.050174713134766,
  "hessian_trace_10": 715.1528900146484,
  "fim_trace": 7516.302816063166,
  "step_count": 4,
  "timestamp": 1764150259.389115,
  "episode_reward": 1335.7445068359375,
  "num_steps": 163840,
  "feature_compute_time_s": 5.0758445262908936,
  "train_iter_time_s": 4.224615097045898,
  "init_seed": 200,
  "train_seed": 204,
  "best_reward_so_far": -Infinity
}