{
  "sharpness": 1.4425758336945678,
  "gradient_smoothness": 0.09315856267430793,
  "loss_mean": 0.0,
  "loss_std": 0.0,
  "loss_trend": 1.5777388398156894e-11,
  "parameter_norm": 29.52197900113249,
  "lambda_max_10": -18.929590225219727,
  "hessian_trace_10": 349.46356506347655,
  "fim_trace": 4596.157048344612,
  "step_count": 263,
  "timestamp": 1763780099.7659488,
  "num_steps": 8650752,
  "feature_compute_time_s": 8.374284267425537,
  "train_iter_time_s": 12.002605199813843,
  "init_seed": 200,
  "train_seed": 206,
  "best_reward_so_far": 1164.9239018444264
}