{
  "sharpness": 1.4742698159640781,
  "gradient_smoothness": 0.027900479087734298,
  "loss_mean": 0.0,
  "loss_std": 0.0,
  "loss_trend": -1.0184236571551455e-10,
  "parameter_norm": 33.61355642403185,
  "lambda_max_10": 30.438213348388672,
  "hessian_trace_10": 524.2362762451172,
  "fim_trace": 2331.9297558236867,
  "step_count": 41,
  "timestamp": 1765446233.908101,
  "episode_reward": 1790.678955078125,
  "num_steps": 1376256,
  "feature_compute_time_s": 10.172559976577759,
  "train_iter_time_s": 4.0819501876831055,
  "init_seed": 207,
  "train_seed": 200,
  "best_reward_so_far": 970.7328006116965
}