{
  "sharpness": 1.7364696435058338,
  "gradient_smoothness": 0.14775260313340574,
  "loss_mean": 0.0,
  "loss_std": 0.0,
  "loss_trend": 3.3226626078891125e-11,
  "parameter_norm": 29.204191004893236,
  "lambda_max_10": -29.304290771484375,
  "hessian_trace_10": 128.65600032806395,
  "fim_trace": 2963.4799143075943,
  "step_count": 220,
  "timestamp": 1763776789.3640196,
  "num_steps": 7241728,
  "feature_compute_time_s": 4.754944562911987,
  "train_iter_time_s": 12.752346992492676,
  "init_seed": 200,
  "train_seed": 203,
  "best_reward_so_far": 1534.8037856220446
}