{
  "sharpness": 1.2645711132457549,
  "gradient_smoothness": 0.20409194947141118,
  "loss_mean": 0.0,
  "loss_std": 0.0,
  "loss_trend": -4.1546231832313614e-11,
  "parameter_norm": 34.26265719314526,
  "lambda_max_10": -27.18362045288086,
  "hessian_trace_10": 462.76544494628905,
  "fim_trace": 2175.1335512138903,
  "step_count": 54,
  "timestamp": 1765443391.7145617,
  "episode_reward": -7.051241874694824,
  "num_steps": 1802240,
  "feature_compute_time_s": 5.891124248504639,
  "train_iter_time_s": 5.224098205566406,
  "init_seed": 206,
  "train_seed": 200,
  "best_reward_so_far": 992.6351464752311
}