{
  "sharpness": 0.9837842626062646,
  "gradient_smoothness": 0.07666915627553252,
  "loss_mean": 0.0,
  "loss_std": 0.0,
  "loss_trend": -4.856617283921139e-11,
  "parameter_norm": 26.444132379327886,
  "lambda_max_10": 8.131579399108887,
  "hessian_trace_10": 94.77083320617676,
  "fim_trace": 391.0291211232543,
  "step_count": 95,
  "timestamp": 1763776939.246668,
  "num_steps": 3145728,
  "feature_compute_time_s": 8.019006729125977,
  "train_iter_time_s": 13.567517280578613,
  "init_seed": 200,
  "train_seed": 207,
  "best_reward_so_far": 991.8210150538857
}