{
  "sharpness": 1.3317511829404727,
  "gradient_smoothness": 0.045485948722379294,
  "loss_mean": 0.0,
  "loss_std": 0.0,
  "loss_trend": -6.831606644092689e-09,
  "parameter_norm": 32.944795604332,
  "lambda_max_10": -33.883453369140625,
  "hessian_trace_10": 501.5477600097656,
  "fim_trace": 2197.808115553111,
  "step_count": 6,
  "timestamp": 1765439504.6655529,
  "episode_reward": -8.172698974609375,
  "num_steps": 229376,
  "feature_compute_time_s": 5.6224541664123535,
  "train_iter_time_s": 4.261877775192261,
  "init_seed": 200,
  "train_seed": 203,
  "best_reward_so_far": 108.5355865454619
}