{
  "sharpness": 1.6812458905403203,
  "gradient_smoothness": 0.13098293920073428,
  "loss_mean": 0.0,
  "loss_std": 0.0,
  "loss_trend": 8.808593115861972e-12,
  "parameter_norm": 28.720292502139635,
  "lambda_max_10": 16.036151885986328,
  "hessian_trace_10": 120.07453727722168,
  "fim_trace": 1161.4031914770603,
  "step_count": 204,
  "timestamp": 1763782290.189662,
  "num_steps": 6717440,
  "feature_compute_time_s": 4.606680631637573,
  "train_iter_time_s": 8.079269409179688,
  "init_seed": 206,
  "train_seed": 200,
  "best_reward_so_far": 1198.242897207857
}