{
  "sharpness": 1.4002057821304357,
  "gradient_smoothness": 0.07093216562273974,
  "loss_mean": 0.0,
  "loss_std": 0.0,
  "loss_trend": -1.6352232493312243e-10,
  "parameter_norm": 33.98232073363763,
  "lambda_max_10": -44.71346664428711,
  "hessian_trace_10": 467.18658752441405,
  "fim_trace": 2625.200816396624,
  "step_count": 40,
  "timestamp": 1765440466.8909712,
  "episode_reward": 1010.6758422851562,
  "num_steps": 1343488,
  "feature_compute_time_s": 10.636383056640625,
  "train_iter_time_s": 3.945240020751953,
  "init_seed": 200,
  "train_seed": 207,
  "best_reward_so_far": 683.4815849013177
}