{
  "sharpness": 1.6392107837973358,
  "gradient_smoothness": 0.016506873334251687,
  "loss_mean": 0.0,
  "loss_std": 0.0,
  "loss_trend": -1.1388207852395877e-11,
  "parameter_norm": 27.005624225164755,
  "lambda_max_10": -14.175098419189453,
  "hessian_trace_10": 97.70204677581788,
  "fim_trace": 1202.1833965703845,
  "step_count": 118,
  "timestamp": 1763773884.152765,
  "num_steps": 3899392,
  "feature_compute_time_s": 5.123542308807373,
  "train_iter_time_s": 9.135953664779663,
  "init_seed": 200,
  "train_seed": 201,
  "best_reward_so_far": 1145.4803054026634
}