{
  "sharpness": 1.2941490488076772,
  "gradient_smoothness": 0.025266429270898238,
  "loss_mean": 0.0,
  "loss_std": 0.0,
  "loss_trend": -1.7770634363161318e-10,
  "parameter_norm": 34.03486620224355,
  "lambda_max_10": -52.03289794921875,
  "hessian_trace_10": 526.2604919433594,
  "fim_trace": 4223.009332224727,
  "step_count": 38,
  "timestamp": 1765441168.9578154,
  "episode_reward": -2.4649908542633057,
  "num_steps": 1277952,
  "feature_compute_time_s": 10.796388387680054,
  "train_iter_time_s": 4.578255653381348,
  "init_seed": 200,
  "train_seed": 206,
  "best_reward_so_far": 951.856993605756
}