{
  "sharpness": 1.1667480707856668,
  "gradient_smoothness": 0.0648408115308501,
  "loss_mean": 0.0,
  "loss_std": 0.0,
  "loss_trend": -5.866993759533232e-11,
  "parameter_norm": 32.098155699769585,
  "lambda_max_10": -26.822837829589844,
  "hessian_trace_10": 428.0381774902344,
  "fim_trace": 1923.0011852793396,
  "step_count": 205,
  "timestamp": 1763763889.1532955,
  "episode_reward": 1317.1842054633764,
  "num_steps": 6750208,
  "feature_compute_time_s": 8.579160213470459,
  "train_iter_time_s": 19.075462579727173,
  "init_seed": 200,
  "train_seed": 202,
  "best_reward_so_far": 1407.3828985638045
}