{
  "sharpness": 1.2026990224973104,
  "gradient_smoothness": 0.11341880817699271,
  "loss_mean": 0.0,
  "loss_std": 0.0,
  "loss_trend": -2.7501636151475932e-12,
  "parameter_norm": 32.565163356800035,
  "lambda_max_10": -27.67144012451172,
  "hessian_trace_10": 615.6436798095704,
  "fim_trace": 2033.643815021962,
  "step_count": 282,
  "timestamp": 1763772569.8744051,
  "episode_reward": 2062.8126409684714,
  "num_steps": 9273344,
  "feature_compute_time_s": 10.949301719665527,
  "train_iter_time_s": 16.318546056747437,
  "init_seed": 204,
  "train_seed": 200,
  "best_reward_so_far": 2623.2780433143894
}