{
  "sharpness": 3.3061025081185185,
  "gradient_smoothness": 0.644885804554158,
  "loss_mean": 0.0,
  "loss_std": 0.0,
  "loss_trend": -3.243076826791428e-10,
  "parameter_norm": 33.21544481821458,
  "lambda_max_10": -42.723915100097656,
  "hessian_trace_10": 483.6582229614258,
  "fim_trace": 2034.6978650987148,
  "step_count": 14,
  "timestamp": 1766082890.1442468,
  "episode_reward": 1375.06884765625,
  "num_steps": 491520,
  "feature_compute_time_s": 5.464938640594482,
  "train_iter_time_s": 2.620065212249756,
  "init_seed": 201,
  "train_seed": 200,
  "best_reward_so_far": -Infinity
}