{
  "sharpness": 1.2261833565668532,
  "gradient_smoothness": 0.13033637669876466,
  "loss_mean": 0.0,
  "loss_std": 0.0,
  "loss_trend": -5.417277305778221e-09,
  "parameter_norm": 32.95882633370914,
  "lambda_max_10": -29.168109893798828,
  "hessian_trace_10": 636.9632415771484,
  "fim_trace": 2141.665344938636,
  "step_count": 2,
  "timestamp": 1765468656.0088747,
  "episode_reward": 826.5270385742188,
  "num_steps": 98304,
  "feature_compute_time_s": 5.298488616943359,
  "train_iter_time_s": 3.9193570613861084,
  "init_seed": 200,
  "train_seed": 200,
  "best_reward_so_far": 80.73239044906919
}