{
  "sharpness": 1.8029668474213751,
  "gradient_smoothness": 0.08988552499462497,
  "loss_mean": 0.0,
  "loss_std": 0.0,
  "loss_trend": 1.7817013978923656e-11,
  "parameter_norm": 28.405977401679024,
  "lambda_max_10": -69.85612487792969,
  "hessian_trace_10": 631.6521697998047,
  "fim_trace": 5992.559444308281,
  "step_count": 144,
  "timestamp": 1763775844.8536682,
  "num_steps": 4751360,
  "feature_compute_time_s": 8.921587467193604,
  "train_iter_time_s": 11.95557975769043,
  "init_seed": 200,
  "train_seed": 205,
  "best_reward_so_far": 1103.5237621539807
}