{
  "sharpness": 1.737068195330733,
  "gradient_smoothness": 0.2332264323385305,
  "loss_mean": 0.0,
  "loss_std": 0.0,
  "loss_trend": 4.7217724983293496e-11,
  "parameter_norm": 29.408332452506837,
  "lambda_max_10": -33.51842498779297,
  "hessian_trace_10": 165.89473304748535,
  "fim_trace": 3466.103820502758,
  "step_count": 297,
  "timestamp": 1763778223.9791486,
  "episode_reward": 1561.9342784250027,
  "num_steps": 9764864,
  "feature_compute_time_s": 7.787436246871948,
  "train_iter_time_s": 13.449015617370605,
  "init_seed": 200,
  "train_seed": 203,
  "best_reward_so_far": 1567.2812184475533
}