{
  "sharpness": 1.2189783582797769,
  "gradient_smoothness": 0.01736425397251692,
  "loss_mean": 0.0,
  "loss_std": 0.0,
  "loss_trend": -2.755284209943103e-11,
  "parameter_norm": 32.30604123200357,
  "lambda_max_10": -14.345654487609863,
  "hessian_trace_10": 297.7882049560547,
  "fim_trace": 1048.7293609902263,
  "step_count": 253,
  "timestamp": 1763770847.8103318,
  "episode_reward": 1369.793251967984,
  "num_steps": 8323072,
  "feature_compute_time_s": 5.947687387466431,
  "train_iter_time_s": 13.498230218887329,
  "init_seed": 201,
  "train_seed": 200,
  "best_reward_so_far": 1473.7350484719511
}