{
  "sharpness": 1.1526584488442355,
  "gradient_smoothness": 0.03848553686548977,
  "loss_mean": 0.0,
  "loss_std": 0.0,
  "loss_trend": -3.4844274079239383e-11,
  "parameter_norm": 32.49820650999821,
  "lambda_max_10": -31.93008804321289,
  "hessian_trace_10": 600.2903381347656,
  "fim_trace": 3774.1612067632377,
  "step_count": 271,
  "timestamp": 1763765479.3549764,
  "episode_reward": 1412.0300654979521,
  "num_steps": 8912896,
  "feature_compute_time_s": 6.2741920948028564,
  "train_iter_time_s": 13.005441665649414,
  "init_seed": 200,
  "train_seed": 202,
  "best_reward_so_far": 1515.000424593784
}