{
  "sharpness": 1.4829593533313015,
  "gradient_smoothness": 0.0025836732695314548,
  "loss_mean": 0.0,
  "loss_std": 0.0,
  "loss_trend": 6.397482709984505e-13,
  "parameter_norm": 29.82796908313619,
  "lambda_max_10": -16.124042510986328,
  "hessian_trace_10": 377.0392730712891,
  "fim_trace": 933.8738822788,
  "step_count": 118,
  "timestamp": 1763761891.5101404,
  "episode_reward": 1192.6427749060606,
  "num_steps": 3899392,
  "feature_compute_time_s": 9.441520690917969,
  "train_iter_time_s": 17.30795931816101,
  "init_seed": 200,
  "train_seed": 205,
  "best_reward_so_far": 1192.6427749060606
}