{
  "sharpness": 1.9480078641816743,
  "gradient_smoothness": 0.0,
  "parameter_norm": 29.015196817715722,
  "lambda_max_10": -25.032251358032227,
  "hessian_trace_10": 186.98694763183593,
  "fim_trace": 3059.784334138036,
  "step_count": 0,
  "timestamp": 1764157205.027119,
  "episode_reward": 1591.18701171875,
  "num_steps": 32768,
  "feature_compute_time_s": 5.950929164886475,
  "train_iter_time_s": 3.223370313644409,
  "init_seed": 203,
  "train_seed": 200,
  "best_reward_so_far": -Infinity
}