{
  "sharpness": 1.2496290184498662,
  "gradient_smoothness": 0.05610408660061078,
  "loss_mean": 0.0,
  "loss_std": 0.0,
  "loss_trend": -9.559968587848127e-12,
  "parameter_norm": 27.513926783515803,
  "lambda_max_10": 7.630743980407715,
  "hessian_trace_10": 98.55511093139648,
  "fim_trace": 884.9076352193952,
  "step_count": 116,
  "timestamp": 1763778352.789522,
  "num_steps": 3833856,
  "feature_compute_time_s": 7.122988224029541,
  "train_iter_time_s": 14.130010604858398,
  "init_seed": 201,
  "train_seed": 200,
  "best_reward_so_far": 917.083857969849
}