{
  "sharpness": 1.2848456899439222,
  "gradient_smoothness": 0.05108253184675949,
  "loss_mean": 0.0,
  "loss_std": 0.0,
  "loss_trend": -4.214875662925671e-11,
  "parameter_norm": 32.47721140866942,
  "lambda_max_10": -30.11102867126465,
  "hessian_trace_10": 426.0620086669922,
  "fim_trace": 1917.3857048600912,
  "step_count": 255,
  "timestamp": 1763764874.0767107,
  "episode_reward": 1892.7452701908805,
  "num_steps": 8388608,
  "feature_compute_time_s": 8.352824211120605,
  "train_iter_time_s": 14.95513916015625,
  "init_seed": 200,
  "train_seed": 203,
  "best_reward_so_far": 2246.502645363276
}