{
  "sharpness": 0.25683634120387555,
  "gradient_smoothness": 0.03082626911978831,
  "loss_mean": 0.0,
  "loss_std": 0.0,
  "loss_trend": -3.3203112543842215e-10,
  "parameter_norm": 20.02035045468849,
  "lambda_max_10": -0.8303414583206177,
  "hessian_trace_10": -4.651583081483841,
  "fim_trace": 26.483658280223608,
  "step_count": 7,
  "timestamp": 1763777199.729344,
  "num_steps": 262144,
  "feature_compute_time_s": 4.9554283618927,
  "train_iter_time_s": 11.729634284973145,
  "init_seed": 202,
  "train_seed": 200,
  "best_reward_so_far": -Infinity
}