{
  "sharpness": 1.2490403077495715,
  "gradient_smoothness": 0.05855854561205103,
  "loss_mean": 0.0,
  "loss_std": 0.0,
  "loss_trend": -2.946740946198283e-10,
  "parameter_norm": 34.02834935753085,
  "lambda_max_10": -21.338232040405273,
  "hessian_trace_10": 186.02337341308595,
  "fim_trace": 1165.4217553324997,
  "step_count": 44,
  "timestamp": 1765443532.3176427,
  "episode_reward": 1465.9779052734375,
  "num_steps": 1474560,
  "feature_compute_time_s": 5.4320478439331055,
  "train_iter_time_s": 4.52971339225769,
  "init_seed": 205,
  "train_seed": 200,
  "best_reward_so_far": 783.3782120624235
}