{
  "sharpness": 1.0546449088945362,
  "gradient_smoothness": 0.01659226846860338,
  "loss_mean": 0.0,
  "loss_std": 0.0,
  "loss_trend": -1.9762288330288537e-11,
  "parameter_norm": 25.44623922798846,
  "lambda_max_10": 8.08436393737793,
  "hessian_trace_10": 71.19480323791504,
  "fim_trace": 445.1475629918277,
  "step_count": 73,
  "timestamp": 1763782507.739522,
  "num_steps": 2424832,
  "feature_compute_time_s": 8.368961572647095,
  "train_iter_time_s": 12.755415439605713,
  "init_seed": 207,
  "train_seed": 200,
  "best_reward_so_far": 810.2374889578368
}