{
  "sharpness": 1.1860073783923606,
  "gradient_smoothness": 0.004893549910447072,
  "loss_mean": 0.0,
  "loss_std": 0.0,
  "loss_trend": 4.894322777790083e-11,
  "parameter_norm": 33.99499338387909,
  "lambda_max_10": -21.45618438720703,
  "hessian_trace_10": 396.08355407714845,
  "fim_trace": 1452.5328581407666,
  "step_count": 28,
  "timestamp": 1765445186.8475468,
  "episode_reward": -20.76974868774414,
  "num_steps": 950272,
  "feature_compute_time_s": 5.937654972076416,
  "train_iter_time_s": 4.698851108551025,
  "init_seed": 206,
  "train_seed": 200,
  "best_reward_so_far": 757.2447244108537
}