{
  "sharpness": 2.1399320669456396,
  "gradient_smoothness": 0.08910665038661152,
  "loss_mean": 0.0,
  "loss_std": 0.0,
  "loss_trend": 9.106885128684943e-09,
  "parameter_norm": 29.005045336209715,
  "lambda_max_10": -45.26158905029297,
  "hessian_trace_10": 274.40038604736327,
  "fim_trace": 2980.3425997793674,
  "step_count": 4,
  "timestamp": 1764167802.490186,
  "episode_reward": 1401.824951171875,
  "num_steps": 163840,
  "feature_compute_time_s": 6.687313795089722,
  "train_iter_time_s": 3.999314069747925,
  "init_seed": 202,
  "train_seed": 200,
  "best_reward_so_far": -Infinity
}