{
  "sharpness": 1.2161545816330237,
  "gradient_smoothness": 0.29214543999068326,
  "loss_mean": 0.0,
  "loss_std": 0.0,
  "loss_trend": 1.2308442673924905e-10,
  "parameter_norm": 34.10181777496414,
  "lambda_max_10": -25.772483825683594,
  "hessian_trace_10": 369.4305023193359,
  "fim_trace": 2184.200687535107,
  "step_count": 57,
  "timestamp": 1765442014.6295476,
  "episode_reward": 1313.7080078125,
  "num_steps": 1900544,
  "feature_compute_time_s": 6.105433702468872,
  "train_iter_time_s": 4.339006662368774,
  "init_seed": 200,
  "train_seed": 201,
  "best_reward_so_far": 932.488843395469
}