{
  "sharpness": 1.7254642336820227,
  "gradient_smoothness": 0.04633070014603212,
  "loss_mean": 0.0,
  "loss_std": 0.0,
  "loss_trend": 1.6105986291838192e-11,
  "parameter_norm": 33.864012036978124,
  "lambda_max_10": -46.93785858154297,
  "hessian_trace_10": 331.3988861083984,
  "fim_trace": 3431.1922272592783,
  "step_count": 48,
  "timestamp": 1765443919.0520916,
  "episode_reward": 120.50049591064453,
  "num_steps": 1605632,
  "feature_compute_time_s": 5.643795728683472,
  "train_iter_time_s": 3.918323516845703,
  "init_seed": 203,
  "train_seed": 200,
  "best_reward_so_far": 688.7897642083251
}