{
  "sharpness": 1.2781814852625788,
  "gradient_smoothness": 0.05449706659880086,
  "loss_mean": 0.0,
  "loss_std": 0.0,
  "loss_trend": -3.1519672761712533e-11,
  "parameter_norm": 32.51604344024426,
  "lambda_max_10": -46.121829986572266,
  "hessian_trace_10": 565.7015838623047,
  "fim_trace": 3845.6861693635583,
  "step_count": 280,
  "timestamp": 1763763149.4922366,
  "episode_reward": 1513.2652975574792,
  "num_steps": 9207808,
  "feature_compute_time_s": 4.7614123821258545,
  "train_iter_time_s": 10.62926197052002,
  "init_seed": 200,
  "train_seed": 206,
  "best_reward_so_far": 1554.331183258043
}