{
  "sharpness": 1.8407033163703983,
  "gradient_smoothness": 0.11864398504077615,
  "loss_mean": 0.0,
  "loss_std": 0.0,
  "loss_trend": -3.3330466273010587e-11,
  "parameter_norm": 28.957240995823188,
  "lambda_max_10": -34.393035888671875,
  "hessian_trace_10": 212.77247734069823,
  "fim_trace": 3357.8432179689407,
  "step_count": 261,
  "timestamp": 1763783294.748553,
  "num_steps": 8585216,
  "feature_compute_time_s": 6.4349775314331055,
  "train_iter_time_s": 11.837493658065796,
  "init_seed": 203,
  "train_seed": 200,
  "best_reward_so_far": 1425.3898347977038
}