{
  "sharpness": 1.775965962707504,
  "gradient_smoothness": 0.7615941559557649,
  "loss_mean": 0.0,
  "loss_std": 0.0,
  "loss_trend": 1.6597720361982455e-10,
  "parameter_norm": 29.51851707401024,
  "lambda_max_10": -4.456953525543213,
  "hessian_trace_10": 151.19915046691895,
  "fim_trace": 1166.0259415507317,
  "step_count": 15,
  "timestamp": 1764168542.851758,
  "episode_reward": 1492.471923828125,
  "num_steps": 524288,
  "feature_compute_time_s": 5.078939914703369,
  "train_iter_time_s": 3.334376811981201,
  "init_seed": 206,
  "train_seed": 200,
  "best_reward_so_far": 1183.1074944141296
}