{
  "sharpness": 1.7375762786175326,
  "gradient_smoothness": 0.19747604845144864,
  "loss_mean": 0.0,
  "loss_std": 0.0,
  "loss_trend": 2.140112214384244e-11,
  "parameter_norm": 28.34399836571136,
  "lambda_max_10": -16.675472259521484,
  "hessian_trace_10": 200.90052185058593,
  "fim_trace": 2274.001548588276,
  "step_count": 181,
  "timestamp": 1763781808.3011193,
  "num_steps": 5963776,
  "feature_compute_time_s": 6.280933380126953,
  "train_iter_time_s": 12.88723635673523,
  "init_seed": 203,
  "train_seed": 200,
  "best_reward_so_far": 1315.7771624867432
}