{
  "sharpness": 1.1985248833973245,
  "gradient_smoothness": 0.036713634557850615,
  "loss_mean": 0.0,
  "loss_std": 0.0,
  "loss_trend": 8.550473696859875e-12,
  "parameter_norm": 32.53708625378509,
  "lambda_max_10": -26.957563400268555,
  "hessian_trace_10": 660.0394470214844,
  "fim_trace": 3212.7981645055115,
  "step_count": 264,
  "timestamp": 1763772139.6601355,
  "episode_reward": 2081.0982727206388,
  "num_steps": 8683520,
  "feature_compute_time_s": 6.314699411392212,
  "train_iter_time_s": 16.30166721343994,
  "init_seed": 204,
  "train_seed": 200,
  "best_reward_so_far": 2623.2780433143894
}