{
  "sharpness": 2.020809044816672,
  "gradient_smoothness": 0.32194798423548837,
  "loss_mean": 0.0,
  "loss_std": 0.0,
  "loss_trend": -6.30178626199246e-10,
  "parameter_norm": 30.04767932703159,
  "lambda_max_10": -69.2783432006836,
  "hessian_trace_10": 645.3596130371094,
  "fim_trace": 8151.03150498867,
  "step_count": 12,
  "timestamp": 1764177308.5588975,
  "episode_reward": 950.2581787109375,
  "num_steps": 425984,
  "feature_compute_time_s": 6.977315902709961,
  "train_iter_time_s": 4.312474012374878,
  "init_seed": 200,
  "train_seed": 204,
  "best_reward_so_far": -Infinity
}