{
  "sharpness": 1.8384299012699956,
  "gradient_smoothness": 0.13742130862991692,
  "loss_mean": 0.0,
  "loss_std": 0.0,
  "loss_trend": -1.1137548436632122e-10,
  "parameter_norm": 34.011431314004284,
  "lambda_max_10": 36.11831283569336,
  "hessian_trace_10": 481.4861999511719,
  "fim_trace": 3506.1095047444105,
  "step_count": 50,
  "timestamp": 1765439314.7314765,
  "episode_reward": 962.0759887695312,
  "num_steps": 1671168,
  "feature_compute_time_s": 5.5430121421813965,
  "train_iter_time_s": 4.086324214935303,
  "init_seed": 200,
  "train_seed": 203,
  "best_reward_so_far": 779.5097937984613
}