{
  "sharpness": 2.3672557049699976,
  "gradient_smoothness": 0.08247721949913538,
  "loss_mean": 0.0,
  "loss_std": 0.0,
  "loss_trend": -3.808578249084912e-11,
  "parameter_norm": 28.64692210683423,
  "lambda_max_10": -56.884674072265625,
  "hessian_trace_10": 207.3387367248535,
  "fim_trace": 3183.512462556362,
  "step_count": 248,
  "timestamp": 1763781508.6346166,
  "num_steps": 8159232,
  "feature_compute_time_s": 8.300708055496216,
  "train_iter_time_s": 12.417812824249268,
  "init_seed": 202,
  "train_seed": 200,
  "best_reward_so_far": 1277.2074722248399
}