{
  "sharpness": 1.667607672149394,
  "gradient_smoothness": 0.047957720729484433,
  "loss_mean": 0.0,
  "loss_std": 0.0,
  "loss_trend": 3.3772855068562284e-11,
  "parameter_norm": 29.10458185785849,
  "lambda_max_10": -15.488009452819824,
  "hessian_trace_10": 185.3239990234375,
  "fim_trace": 2720.3522953391075,
  "step_count": 192,
  "timestamp": 1763778660.3392038,
  "num_steps": 6324224,
  "feature_compute_time_s": 4.723560333251953,
  "train_iter_time_s": 12.019247055053711,
  "init_seed": 200,
  "train_seed": 206,
  "best_reward_so_far": 1100.6991600558704
}