{
  "sharpness": 1.77505131741045,
  "gradient_smoothness": 0.22270152558704576,
  "loss_mean": 0.0,
  "loss_std": 0.0,
  "loss_trend": 5.45405645881815e-10,
  "parameter_norm": 29.615996739703185,
  "lambda_max_10": 37.95583724975586,
  "hessian_trace_10": 240.21634979248046,
  "fim_trace": 3776.8516460582614,
  "step_count": 9,
  "timestamp": 1764168102.5568082,
  "episode_reward": 2864.67041015625,
  "num_steps": 327680,
  "feature_compute_time_s": 5.118941783905029,
  "train_iter_time_s": 5.628810882568359,
  "init_seed": 205,
  "train_seed": 200,
  "best_reward_so_far": -Infinity
}