{
  "sharpness": 1.3187979168186839,
  "gradient_smoothness": 0.05833225094643384,
  "loss_mean": 0.0,
  "loss_std": 0.0,
  "loss_trend": -3.6408098210463396e-11,
  "parameter_norm": 27.0714621408211,
  "lambda_max_10": 11.70495891571045,
  "hessian_trace_10": 71.19870557785035,
  "fim_trace": 708.3344304859638,
  "step_count": 120,
  "timestamp": 1763780936.3459225,
  "num_steps": 3964928,
  "feature_compute_time_s": 5.0464184284210205,
  "train_iter_time_s": 13.439406871795654,
  "init_seed": 204,
  "train_seed": 200,
  "best_reward_so_far": 1103.182722522204
}