{
  "sharpness": 1.1493458520287225,
  "gradient_smoothness": 0.051276010618537954,
  "loss_mean": 0.0,
  "loss_std": 0.0,
  "loss_trend": 5.5908279281899236e-11,
  "parameter_norm": 32.403341267566525,
  "lambda_max_10": -29.851367950439453,
  "hessian_trace_10": 525.0411071777344,
  "fim_trace": 3191.251125924289,
  "step_count": 241,
  "timestamp": 1763764740.8125446,
  "episode_reward": 1289.9322819243764,
  "num_steps": 7929856,
  "feature_compute_time_s": 8.65040922164917,
  "train_iter_time_s": 18.288244009017944,
  "init_seed": 200,
  "train_seed": 202,
  "best_reward_so_far": 1478.7569193074428
}