{
  "sharpness": 1.0862399664019577,
  "gradient_smoothness": 0.4843760601802594,
  "loss_mean": 0.0,
  "loss_std": 0.0,
  "loss_trend": 2.2217339123321455e-10,
  "parameter_norm": 101.75034039792536,
  "lambda_max_10": -2.138371467590332,
  "hessian_trace_10": -3.8527419090271,
  "fim_trace": 1906.969418078661,
  "step_count": 13,
  "timestamp": 1764177952.1264143,
  "episode_reward": -441.16363525390625,
  "num_steps": 458752,
  "feature_compute_time_s": 9.56609058380127,
  "train_iter_time_s": 3.7596633434295654,
  "init_seed": 200,
  "train_seed": 202,
  "best_reward_so_far": -Infinity
}