{
  "sharpness": 1.4495990231183953,
  "gradient_smoothness": 0.06409766284133135,
  "loss_mean": 0.0,
  "loss_std": 0.0,
  "loss_trend": 6.7297555685963e-11,
  "parameter_norm": 27.517713575385766,
  "lambda_max_10": -13.714445114135742,
  "hessian_trace_10": 120.16940536499024,
  "fim_trace": 1494.69210331887,
  "step_count": 112,
  "timestamp": 1763777057.946403,
  "num_steps": 3702784,
  "feature_compute_time_s": 5.410550117492676,
  "train_iter_time_s": 11.867945432662964,
  "init_seed": 200,
  "train_seed": 206,
  "best_reward_so_far": 986.0568822888088
}