{
  "sharpness": 1.229933046920671,
  "gradient_smoothness": 0.20187239537241985,
  "loss_mean": 0.0,
  "loss_std": 0.0,
  "loss_trend": -5.249486039175134e-11,
  "parameter_norm": 34.05651268789055,
  "lambda_max_10": -33.87706756591797,
  "hessian_trace_10": 466.6811462402344,
  "fim_trace": 2467.6837984733284,
  "step_count": 51,
  "timestamp": 1765441161.906484,
  "episode_reward": 1078.4730224609375,
  "num_steps": 1703936,
  "feature_compute_time_s": 5.592051267623901,
  "train_iter_time_s": 4.693596839904785,
  "init_seed": 200,
  "train_seed": 201,
  "best_reward_so_far": 872.1113324206784
}