{
  "sharpness": 1.6658318274942308,
  "gradient_smoothness": 0.21326625577290853,
  "loss_mean": 0.0,
  "loss_std": 0.0,
  "loss_trend": 4.374927684711909e-11,
  "parameter_norm": 34.05178470776234,
  "lambda_max_10": -33.358097076416016,
  "hessian_trace_10": 510.4165100097656,
  "fim_trace": 3015.4664293415844,
  "step_count": 52,
  "timestamp": 1765439757.487186,
  "episode_reward": 382.8820495605469,
  "num_steps": 1736704,
  "feature_compute_time_s": 10.683885097503662,
  "train_iter_time_s": 4.291696786880493,
  "init_seed": 200,
  "train_seed": 207,
  "best_reward_so_far": 796.4374078466474
}