{
  "sharpness": 1.5589847373685253,
  "gradient_smoothness": 0.055479719250818696,
  "loss_mean": 0.0,
  "loss_std": 0.0,
  "loss_trend": -6.158537749471208e-11,
  "parameter_norm": 29.28715405243308,
  "lambda_max_10": 23.11626625061035,
  "hessian_trace_10": 184.73923110961914,
  "fim_trace": 3613.94026710093,
  "step_count": 186,
  "timestamp": 1763778221.1953485,
  "num_steps": 6127616,
  "feature_compute_time_s": 4.2752416133880615,
  "train_iter_time_s": 7.273116111755371,
  "init_seed": 200,
  "train_seed": 200,
  "best_reward_so_far": 1449.780723261386
}