{
  "sharpness": 1.6931547260278301,
  "gradient_smoothness": 0.17994351497917976,
  "loss_mean": 0.0,
  "loss_std": 0.0,
  "loss_trend": -1.1142939809557315e-09,
  "parameter_norm": 30.279648110764942,
  "lambda_max_10": 31.71417236328125,
  "hessian_trace_10": 144.24978981018066,
  "fim_trace": 4983.746254533529,
  "step_count": 9,
  "timestamp": 1764168007.7689536,
  "episode_reward": 3322.146728515625,
  "num_steps": 327680,
  "feature_compute_time_s": 5.137231349945068,
  "train_iter_time_s": 3.0396642684936523,
  "init_seed": 200,
  "train_seed": 200,
  "best_reward_so_far": -Infinity
}