{
  "sharpness": 1.5576396814950526,
  "gradient_smoothness": 0.6284072242280817,
  "loss_mean": 0.0,
  "loss_std": 0.0,
  "loss_trend": 7.119543167893703e-10,
  "parameter_norm": 29.89085071015214,
  "lambda_max_10": -19.394651412963867,
  "hessian_trace_10": 307.37400207519534,
  "fim_trace": 5578.718643978238,
  "step_count": 14,
  "timestamp": 1764166679.2018719,
  "episode_reward": 1323.6353759765625,
  "num_steps": 491520,
  "feature_compute_time_s": 5.095027208328247,
  "train_iter_time_s": 3.015772581100464,
  "init_seed": 200,
  "train_seed": 206,
  "best_reward_so_far": -Infinity
}