{
  "sharpness": 0.3278309304917779,
  "gradient_smoothness": 0.042851911195998606,
  "loss_mean": 0.0,
  "loss_std": 0.0,
  "loss_trend": -4.971714497858317e-10,
  "parameter_norm": 22.257592952305455,
  "lambda_max_10": 1.6058375835418701,
  "hessian_trace_10": 14.872442150115967,
  "fim_trace": 40.74263268895447,
  "step_count": 13,
  "timestamp": 1763766347.366009,
  "episode_reward": 288.58042560886884,
  "num_steps": 458752,
  "feature_compute_time_s": 5.511804580688477,
  "train_iter_time_s": 16.524635076522827,
  "init_seed": 203,
  "train_seed": 200,
  "best_reward_so_far": 290.850851038366
}