{
  "sharpness": 1.2787154323360077,
  "gradient_smoothness": 0.05735887046300675,
  "loss_mean": 0.0,
  "loss_std": 0.0,
  "loss_trend": 2.1318522497152091e-10,
  "parameter_norm": 33.575982143781374,
  "lambda_max_10": -23.164091110229492,
  "hessian_trace_10": 397.80640869140626,
  "fim_trace": 2580.89368506521,
  "step_count": 21,
  "timestamp": 1765445884.5016599,
  "episode_reward": 106.3125228881836,
  "num_steps": 720896,
  "feature_compute_time_s": 5.478391647338867,
  "train_iter_time_s": 4.187139272689819,
  "init_seed": 205,
  "train_seed": 200,
  "best_reward_so_far": 268.78180711284654
}