{
  "sharpness": 2.87614804222079,
  "gradient_smoothness": 0.062154928344094126,
  "loss_mean": 0.0,
  "loss_std": 0.0,
  "loss_trend": 2.6609278237672063e-11,
  "parameter_norm": 28.436997275821618,
  "lambda_max_10": -41.955162048339844,
  "hessian_trace_10": 172.9393180847168,
  "fim_trace": 3005.2702506631613,
  "step_count": 169,
  "timestamp": 1763784579.4907017,
  "num_steps": 5570560,
  "feature_compute_time_s": 9.36253309249878,
  "train_iter_time_s": 13.17198133468628,
  "init_seed": 207,
  "train_seed": 200,
  "best_reward_so_far": 1346.032295252524
}