{
  "sharpness": 2.5693170627273867,
  "gradient_smoothness": 0.17971662408485622,
  "loss_mean": 0.0,
  "loss_std": 0.0,
  "loss_trend": 4.352843358124654e-11,
  "parameter_norm": 43.852617930551794,
  "lambda_max_10": 51.671993255615234,
  "hessian_trace_10": 499.23767242431643,
  "fim_trace": 19076.43758970499,
  "step_count": 9,
  "timestamp": 1764170335.8812659,
  "episode_reward": 984.3361206054688,
  "num_steps": 327680,
  "feature_compute_time_s": 6.603069305419922,
  "train_iter_time_s": 4.909191131591797,
  "init_seed": 200,
  "train_seed": 202,
  "best_reward_so_far": -Infinity
}