{
  "sharpness": 0.5205357661203447,
  "gradient_smoothness": 0.06831547429888787,
  "loss_mean": 0.0,
  "loss_std": 0.0,
  "loss_trend": 2.6066747551329903e-10,
  "parameter_norm": 21.6050784719097,
  "lambda_max_10": -1.4893319606781006,
  "hessian_trace_10": -6.5560259342193605,
  "fim_trace": 49.66570316627622,
  "step_count": 22,
  "timestamp": 1763776168.7338836,
  "num_steps": 753664,
  "feature_compute_time_s": 4.4687018394470215,
  "train_iter_time_s": 7.660673379898071,
  "init_seed": 200,
  "train_seed": 200,
  "best_reward_so_far": -277.2317090789319
}