{
  "sharpness": 1.2925122605739756,
  "gradient_smoothness": 0.3105578548042708,
  "loss_mean": 0.0,
  "loss_std": 0.0,
  "loss_trend": 3.4730629322389476e-11,
  "parameter_norm": 32.52101414418895,
  "lambda_max_10": -32.2857780456543,
  "hessian_trace_10": 534.0806701660156,
  "fim_trace": 2418.8523753732443,
  "step_count": 301,
  "timestamp": 1763763466.4883707,
  "episode_reward": 1298.3604965102622,
  "num_steps": 9895936,
  "feature_compute_time_s": 5.441915988922119,
  "train_iter_time_s": 10.213238000869751,
  "init_seed": 200,
  "train_seed": 206,
  "best_reward_so_far": 1614.8789285930945
}