{
  "sharpness": 1.2770416537335207,
  "gradient_smoothness": 0.06851096954992349,
  "loss_mean": 0.0,
  "loss_std": 0.0,
  "loss_trend": -2.5906638265328843e-11,
  "parameter_norm": 34.3410510289514,
  "lambda_max_10": -34.19671630859375,
  "hessian_trace_10": 509.08666076660154,
  "fim_trace": 3334.9950789138675,
  "step_count": 41,
  "timestamp": 1765442207.1792367,
  "episode_reward": 417.168701171875,
  "num_steps": 1376256,
  "feature_compute_time_s": 6.577791213989258,
  "train_iter_time_s": 3.9063799381256104,
  "init_seed": 200,
  "train_seed": 205,
  "best_reward_so_far": 808.240541969242
}