{
  "sharpness": 1.2631609916657072,
  "gradient_smoothness": 0.010680243274825248,
  "loss_mean": 0.0,
  "loss_std": 0.0,
  "loss_trend": -5.747422139253756e-11,
  "parameter_norm": 31.856103543251947,
  "lambda_max_10": -12.901498794555664,
  "hessian_trace_10": 217.89808349609376,
  "fim_trace": 570.7845349125564,
  "step_count": 201,
  "timestamp": 1763769796.7185452,
  "episode_reward": 1294.1980772908325,
  "num_steps": 6619136,
  "feature_compute_time_s": 9.836538553237915,
  "train_iter_time_s": 15.270245552062988,
  "init_seed": 201,
  "train_seed": 200,
  "best_reward_so_far": 1426.5629157049095
}