{
  "sharpness": 1.5098417840437317,
  "gradient_smoothness": 0.7615941559557649,
  "loss_mean": 0.0,
  "loss_std": 0.0,
  "loss_trend": -1.0748282104228368e-10,
  "parameter_norm": 29.91030444986897,
  "lambda_max_10": -8.518692016601562,
  "hessian_trace_10": 301.85042572021484,
  "fim_trace": 4205.725814983249,
  "step_count": 15,
  "timestamp": 1764167147.9447293,
  "episode_reward": 1319.3123779296875,
  "num_steps": 524288,
  "feature_compute_time_s": 5.565352201461792,
  "train_iter_time_s": 3.1888318061828613,
  "init_seed": 200,
  "train_seed": 206,
  "best_reward_so_far": 1108.6856527277134
}