{
  "sharpness": 1.6304037908813405,
  "gradient_smoothness": 0.11771003486201323,
  "loss_mean": 0.0,
  "loss_std": 0.0,
  "loss_trend": -5.592409302737628e-10,
  "parameter_norm": 101.55796340762957,
  "lambda_max_10": -9.12826156616211,
  "hessian_trace_10": -57.43727626800537,
  "fim_trace": 2656.4218949228525,
  "step_count": 7,
  "timestamp": 1764177623.7190516,
  "episode_reward": -533.9900512695312,
  "num_steps": 262144,
  "feature_compute_time_s": 5.083015441894531,
  "train_iter_time_s": 3.7028515338897705,
  "init_seed": 202,
  "train_seed": 200,
  "best_reward_so_far": -Infinity
}