{
  "sharpness": 1.5878393182022705,
  "gradient_smoothness": 0.2843505591979302,
  "loss_mean": 0.0,
  "loss_std": 0.0,
  "loss_trend": 1.5511522358551254e-08,
  "parameter_norm": 29.633444328749917,
  "lambda_max_10": -19.33722686767578,
  "hessian_trace_10": 224.76728439331055,
  "fim_trace": 3725.9727506935596,
  "step_count": 3,
  "timestamp": 1764166779.1443841,
  "episode_reward": 1535.53076171875,
  "num_steps": 131072,
  "feature_compute_time_s": 7.772436618804932,
  "train_iter_time_s": 4.182725429534912,
  "init_seed": 200,
  "train_seed": 203,
  "best_reward_so_far": -Infinity
}