{
  "sharpness": 1.2684882158463535,
  "gradient_smoothness": 0.033061155627012465,
  "loss_mean": 0.0,
  "loss_std": 0.0,
  "loss_trend": 3.571140892392501e-10,
  "parameter_norm": 34.303909317639935,
  "lambda_max_10": -21.779340744018555,
  "hessian_trace_10": 465.9400360107422,
  "fim_trace": 3042.097787987441,
  "step_count": 22,
  "timestamp": 1765439048.0288346,
  "episode_reward": 571.48828125,
  "num_steps": 753664,
  "feature_compute_time_s": 5.606698751449585,
  "train_iter_time_s": 3.9959537982940674,
  "init_seed": 200,
  "train_seed": 200,
  "best_reward_so_far": 573.1779144342524
}