{
  "sharpness": 1.5503068194699763,
  "gradient_smoothness": 0.0,
  "parameter_norm": 29.594138732224273,
  "lambda_max_10": -19.309375762939453,
  "hessian_trace_10": 301.72898559570314,
  "fim_trace": 4131.418382272124,
  "step_count": 0,
  "timestamp": 1764167159.6183462,
  "episode_reward": 1346.991455078125,
  "num_steps": 32768,
  "feature_compute_time_s": 5.593341588973999,
  "train_iter_time_s": 2.9271342754364014,
  "init_seed": 200,
  "train_seed": 206,
  "best_reward_so_far": -Infinity
}