{
  "sharpness": 1.3208483259543156,
  "gradient_smoothness": 0.04471753754870997,
  "loss_mean": 0.0,
  "loss_std": 0.0,
  "loss_trend": 9.017507421575701e-11,
  "parameter_norm": 34.20722301004677,
  "lambda_max_10": -23.13109016418457,
  "hessian_trace_10": 385.4117797851562,
  "fim_trace": 3217.188927013427,
  "step_count": 27,
  "timestamp": 1765441588.725557,
  "episode_reward": -6.663294315338135,
  "num_steps": 917504,
  "feature_compute_time_s": 10.183645725250244,
  "train_iter_time_s": 4.237884283065796,
  "init_seed": 201,
  "train_seed": 200,
  "best_reward_so_far": 718.0125118337605
}