{
  "sharpness": 2.0017751702758844,
  "gradient_smoothness": 0.0030070339274235144,
  "loss_mean": 0.0,
  "loss_std": 0.0,
  "loss_trend": 1.5709603113567785e-11,
  "parameter_norm": 28.272530063311063,
  "lambda_max_10": -21.631032943725586,
  "hessian_trace_10": 54.5289966583252,
  "fim_trace": 2509.1589601635933,
  "step_count": 168,
  "timestamp": 1763774729.9117122,
  "num_steps": 5537792,
  "feature_compute_time_s": 5.884899616241455,
  "train_iter_time_s": 9.989138126373291,
  "init_seed": 200,
  "train_seed": 201,
  "best_reward_so_far": 1340.4432152878926
}