{
  "sharpness": 2.5944301464753856,
  "gradient_smoothness": 0.24265485008611173,
  "loss_mean": 0.0,
  "loss_std": 0.0,
  "loss_trend": -2.6765073503221454e-09,
  "parameter_norm": 43.90303104912743,
  "lambda_max_10": -33.71204376220703,
  "hessian_trace_10": 93.58835659027099,
  "fim_trace": 4288.309015750885,
  "step_count": 10,
  "timestamp": 1764177475.5783463,
  "episode_reward": 906.6405639648438,
  "num_steps": 360448,
  "feature_compute_time_s": 5.113234758377075,
  "train_iter_time_s": 2.680872917175293,
  "init_seed": 200,
  "train_seed": 206,
  "best_reward_so_far": -Infinity
}