{
  "sharpness": 1.4330063142125613,
  "gradient_smoothness": 0.11812159517191231,
  "loss_mean": 0.0,
  "loss_std": 0.0,
  "loss_trend": 4.954501164927678e-12,
  "parameter_norm": 28.469419639540128,
  "lambda_max_10": 19.7508602142334,
  "hessian_trace_10": 120.44505386352539,
  "fim_trace": 1581.7802031934261,
  "step_count": 143,
  "timestamp": 1763777682.4470446,
  "num_steps": 4718592,
  "feature_compute_time_s": 4.400309324264526,
  "train_iter_time_s": 8.065162658691406,
  "init_seed": 200,
  "train_seed": 200,
  "best_reward_so_far": 1345.312492734442
}