{
  "sharpness": 1.669591095087491,
  "gradient_smoothness": 0.0,
  "parameter_norm": 29.420443335563355,
  "lambda_max_10": -68.80042266845703,
  "hessian_trace_10": 797.5049224853516,
  "fim_trace": 5011.77251803875,
  "step_count": 0,
  "timestamp": 1764147834.8119483,
  "episode_reward": 1309.864990234375,
  "num_steps": 32768,
  "feature_compute_time_s": 7.408472776412964,
  "train_iter_time_s": 4.464274644851685,
  "init_seed": 200,
  "train_seed": 202,
  "best_reward_so_far": -Infinity
}