{
  "sharpness": 1.5435331438289075,
  "gradient_smoothness": 0.09877986261594972,
  "loss_mean": 0.0,
  "loss_std": 0.0,
  "loss_trend": 4.111724374589165e-09,
  "parameter_norm": 29.42423115982781,
  "lambda_max_10": 20.26614761352539,
  "hessian_trace_10": 154.61123046875,
  "fim_trace": 1381.6867788136005,
  "step_count": 7,
  "timestamp": 1764168314.7214227,
  "episode_reward": 1502.04443359375,
  "num_steps": 262144,
  "feature_compute_time_s": 5.577193975448608,
  "train_iter_time_s": 3.5677311420440674,
  "init_seed": 206,
  "train_seed": 200,
  "best_reward_so_far": -Infinity
}