{
  "sharpness": 1.7623351388502815,
  "gradient_smoothness": 0.0,
  "parameter_norm": 29.85849906383764,
  "lambda_max_10": 21.80386734008789,
  "hessian_trace_10": 177.7580821990967,
  "fim_trace": 3717.214393109083,
  "step_count": 0,
  "timestamp": 1764176935.3698123,
  "episode_reward": 1591.065185546875,
  "num_steps": 32768,
  "feature_compute_time_s": 8.96463942527771,
  "train_iter_time_s": 6.62812352180481,
  "init_seed": 200,
  "train_seed": 203,
  "best_reward_so_far": -Infinity
}