{
  "sharpness": 1.1972325274607718,
  "gradient_smoothness": 0.2760216091257074,
  "loss_mean": 0.0,
  "loss_std": 0.0,
  "loss_trend": 8.936146592148618e-11,
  "parameter_norm": 34.12301496899063,
  "lambda_max_10": 22.878427505493164,
  "hessian_trace_10": 442.49268035888673,
  "fim_trace": 1132.8931790105999,
  "step_count": 56,
  "timestamp": 1765441925.5306616,
  "episode_reward": 732.3030395507812,
  "num_steps": 1867776,
  "feature_compute_time_s": 9.990339994430542,
  "train_iter_time_s": 6.871253490447998,
  "init_seed": 200,
  "train_seed": 200,
  "best_reward_so_far": 827.0780323401822
}