{
  "sharpness": 1.8048932365839303,
  "gradient_smoothness": 0.06488717659952935,
  "loss_mean": 0.0,
  "loss_std": 0.0,
  "loss_trend": 7.302039206605292e-12,
  "parameter_norm": 29.2117773173054,
  "lambda_max_10": -58.27098083496094,
  "hessian_trace_10": 470.21900939941406,
  "fim_trace": 6582.647639527917,
  "step_count": 272,
  "timestamp": 1763778427.201743,
  "num_steps": 8945664,
  "feature_compute_time_s": 7.54127836227417,
  "train_iter_time_s": 14.947048664093018,
  "init_seed": 200,
  "train_seed": 204,
  "best_reward_so_far": 1174.414130566628
}