{
  "sharpness": 1.3367311499574759,
  "gradient_smoothness": 0.05220139988966668,
  "loss_mean": 0.0,
  "loss_std": 0.0,
  "loss_trend": -8.530494572962993e-11,
  "parameter_norm": 33.89593874444066,
  "lambda_max_10": -21.092716217041016,
  "hessian_trace_10": 254.6555206298828,
  "fim_trace": 2578.412466865033,
  "step_count": 29,
  "timestamp": 1765440321.0602446,
  "episode_reward": -14.353909492492676,
  "num_steps": 983040,
  "feature_compute_time_s": 5.5112175941467285,
  "train_iter_time_s": 3.703568458557129,
  "init_seed": 200,
  "train_seed": 203,
  "best_reward_so_far": 722.1659966523249
}