{
  "sharpness": 0.9082638379989827,
  "gradient_smoothness": 0.0031834677628717572,
  "loss_mean": 0.0,
  "loss_std": 0.0,
  "loss_trend": 1.3773650506668898e-11,
  "parameter_norm": 22.335302436092096,
  "lambda_max_10": -3.109498977661133,
  "hessian_trace_10": 1.7212267875671388,
  "fim_trace": 79.61905390024185,
  "step_count": 33,
  "timestamp": 1763777654.6968083,
  "num_steps": 1114112,
  "feature_compute_time_s": 10.087336540222168,
  "train_iter_time_s": 12.30150318145752,
  "init_seed": 202,
  "train_seed": 200,
  "best_reward_so_far": -123.92373958756534
}