{
  "sharpness": 1.5985825373972284,
  "gradient_smoothness": 0.11393411622728752,
  "loss_mean": 0.0,
  "loss_std": 0.0,
  "loss_trend": -2.2813527812996356e-12,
  "parameter_norm": 26.126563890966153,
  "lambda_max_10": -13.38229751586914,
  "hessian_trace_10": 152.31703567504883,
  "fim_trace": 900.5147541314363,
  "step_count": 79,
  "timestamp": 1763774612.5238805,
  "num_steps": 2621440,
  "feature_compute_time_s": 5.165085792541504,
  "train_iter_time_s": 12.540976524353027,
  "init_seed": 200,
  "train_seed": 205,
  "best_reward_so_far": 792.2592727642127
}