{
  "sharpness": 1.7670309615485391,
  "gradient_smoothness": 0.31520589490273243,
  "loss_mean": 0.0,
  "loss_std": 0.0,
  "loss_trend": -2.5263196270465533e-10,
  "parameter_norm": 29.664214102365147,
  "lambda_max_10": -46.72090530395508,
  "hessian_trace_10": 438.4475524902344,
  "fim_trace": 4494.87028606236,
  "step_count": 12,
  "timestamp": 1764168797.7836776,
  "episode_reward": 2441.87109375,
  "num_steps": 425984,
  "feature_compute_time_s": 5.0327863693237305,
  "train_iter_time_s": 5.42538046836853,
  "init_seed": 205,
  "train_seed": 200,
  "best_reward_so_far": -Infinity
}