{
  "sharpness": 1.3465534924241882,
  "gradient_smoothness": 0.009696926850444841,
  "loss_mean": 0.0,
  "loss_std": 0.0,
  "loss_trend": 4.894297642868182e-11,
  "parameter_norm": 30.515899047323444,
  "lambda_max_10": -19.772586822509766,
  "hessian_trace_10": 220.2204391479492,
  "fim_trace": 938.174059998244,
  "step_count": 142,
  "timestamp": 1763762304.9538047,
  "episode_reward": 1590.9801043798561,
  "num_steps": 4685824,
  "feature_compute_time_s": 8.05444884300232,
  "train_iter_time_s": 16.928054809570312,
  "init_seed": 200,
  "train_seed": 203,
  "best_reward_so_far": 1701.110142261253
}