{
  "sharpness": 0.38024261006988447,
  "gradient_smoothness": 0.033185770450133184,
  "loss_mean": 0.0,
  "loss_std": 0.0,
  "loss_trend": 5.653630047428204e-10,
  "parameter_norm": 22.168462597949357,
  "lambda_max_10": 1.5587983131408691,
  "hessian_trace_10": 17.01452693939209,
  "fim_trace": 43.54458435066044,
  "step_count": 13,
  "timestamp": 1763759212.6206326,
  "episode_reward": 265.54263561833443,
  "num_steps": 458752,
  "feature_compute_time_s": 8.602190494537354,
  "train_iter_time_s": 16.563904285430908,
  "init_seed": 200,
  "train_seed": 202,
  "best_reward_so_far": 265.54263561833443
}