{
  "sharpness": 1.88828866994997,
  "gradient_smoothness": 0.0,
  "loss_mean": 0.0,
  "loss_std": 0.0,
  "loss_trend": 0.0,
  "parameter_norm": 30.066560165054483,
  "lambda_max_10": 0.6834917068481445,
  "hessian_trace_10": 464.797371673584,
  "fim_trace": 5695.780438661575,
  "step_count": 1,
  "timestamp": 1764177710.8109975,
  "episode_reward": 2460.103271484375,
  "num_steps": 65536,
  "feature_compute_time_s": 4.8076512813568115,
  "train_iter_time_s": 3.0728654861450195,
  "init_seed": 205,
  "train_seed": 200,
  "best_reward_so_far": -Infinity
}