{
  "sharpness": 1.3260176852306582,
  "gradient_smoothness": 0.13769311532069203,
  "loss_mean": 0.0,
  "loss_std": 0.0,
  "loss_trend": -1.9703048285848412e-11,
  "parameter_norm": 34.06357021209869,
  "lambda_max_10": -22.021320343017578,
  "hessian_trace_10": 401.0050811767578,
  "fim_trace": 2293.7351712808013,
  "step_count": 47,
  "timestamp": 1765442709.1140554,
  "episode_reward": 1444.794677734375,
  "num_steps": 1572864,
  "feature_compute_time_s": 10.658908128738403,
  "train_iter_time_s": 4.32518196105957,
  "init_seed": 205,
  "train_seed": 200,
  "best_reward_so_far": 876.010625448063
}