{
  "sharpness": 3.8389622123896547,
  "gradient_smoothness": 0.6366589387879902,
  "loss_mean": 0.0,
  "loss_std": 0.0,
  "loss_trend": 3.5123983690641526e-10,
  "parameter_norm": 30.024701704006482,
  "lambda_max_10": -43.53638458251953,
  "hessian_trace_10": 292.9075527191162,
  "fim_trace": 2009.09475068748,
  "step_count": 14,
  "timestamp": 1764155137.0203538,
  "episode_reward": 1278.0333251953125,
  "num_steps": 491520,
  "feature_compute_time_s": 5.0620362758636475,
  "train_iter_time_s": 3.2848947048187256,
  "init_seed": 201,
  "train_seed": 200,
  "best_reward_so_far": -Infinity
}