{
  "sharpness": 2.5410181709900863,
  "gradient_smoothness": 0.376332473792756,
  "loss_mean": 0.0,
  "loss_std": 0.0,
  "loss_trend": 6.576301346017267e-11,
  "parameter_norm": 28.184490859951946,
  "lambda_max_10": -33.84549331665039,
  "hessian_trace_10": 223.49551696777343,
  "fim_trace": 2121.6371176987886,
  "step_count": 172,
  "timestamp": 1763781637.3924851,
  "episode_reward": 1315.7771624867432,
  "num_steps": 5668864,
  "feature_compute_time_s": 8.320464611053467,
  "train_iter_time_s": 12.201049566268921,
  "init_seed": 203,
  "train_seed": 200,
  "best_reward_so_far": 1315.7771624867432
}