{
  "sharpness": 1.680482493322737,
  "gradient_smoothness": 0.08183062385248771,
  "loss_mean": 0.0,
  "loss_std": 0.0,
  "loss_trend": -1.3094568215195575e-09,
  "parameter_norm": 102.24757810774798,
  "lambda_max_10": 9.768392562866211,
  "hessian_trace_10": -17.537586450576782,
  "fim_trace": 2312.684532565996,
  "step_count": 5,
  "timestamp": 1765469172.953506,
  "episode_reward": -0.9423424005508423,
  "num_steps": 196608,
  "feature_compute_time_s": 5.2413036823272705,
  "train_iter_time_s": 4.187856435775757,
  "init_seed": 200,
  "train_seed": 200,
  "best_reward_so_far": -6.093767861423644
}