{
  "sharpness": 1.613390418382888,
  "gradient_smoothness": 0.06496145063527664,
  "loss_mean": 0.0,
  "loss_std": 0.0,
  "loss_trend": -4.417698045399072e-11,
  "parameter_norm": 32.376507327462775,
  "lambda_max_10": -68.06476593017578,
  "hessian_trace_10": 505.2389434814453,
  "fim_trace": 3883.299624040723,
  "step_count": 257,
  "timestamp": 1763771937.9132433,
  "episode_reward": 1330.3136632991445,
  "num_steps": 8454144,
  "feature_compute_time_s": 6.879558801651001,
  "train_iter_time_s": 14.652458906173706,
  "init_seed": 203,
  "train_seed": 200,
  "best_reward_so_far": 1667.9849476248298
}