{
  "sharpness": 1.8369764086085236,
  "gradient_smoothness": 0.0,
  "loss_mean": 0.0,
  "loss_std": 0.0,
  "loss_trend": 0.0,
  "parameter_norm": 29.30290112062024,
  "lambda_max_10": -69.67262268066406,
  "hessian_trace_10": 652.5108215332032,
  "fim_trace": 6485.353981941938,
  "step_count": 1,
  "timestamp": 1764150228.2332954,
  "episode_reward": 1209.2454833984375,
  "num_steps": 65536,
  "feature_compute_time_s": 7.0846641063690186,
  "train_iter_time_s": 3.0212643146514893,
  "init_seed": 200,
  "train_seed": 204,
  "best_reward_so_far": -Infinity
}