{
  "sharpness": 1.4353687688631969,
  "gradient_smoothness": 0.0,
  "loss_mean": 0.0,
  "loss_std": 0.0,
  "loss_trend": 0.0,
  "parameter_norm": 29.914260263476926,
  "lambda_max_10": 15.893667221069336,
  "hessian_trace_10": 340.3588096618652,
  "fim_trace": 3107.9778539538383,
  "step_count": 1,
  "timestamp": 1764169700.0255973,
  "episode_reward": 915.4256591796875,
  "num_steps": 65536,
  "feature_compute_time_s": 5.328970670700073,
  "train_iter_time_s": 2.667788028717041,
  "init_seed": 200,
  "train_seed": 206,
  "best_reward_so_far": -Infinity
}