{
  "sharpness": 1.4117688662750465,
  "gradient_smoothness": 0.016220840553042962,
  "loss_mean": 0.0,
  "loss_std": 0.0,
  "loss_trend": 1.2609925308950986e-11,
  "parameter_norm": 29.29375358823158,
  "lambda_max_10": -17.34556007385254,
  "hessian_trace_10": 224.60747680664062,
  "fim_trace": 796.2977799400687,
  "step_count": 111,
  "timestamp": 1763761591.1417124,
  "episode_reward": 1059.7954534241528,
  "num_steps": 3670016,
  "feature_compute_time_s": 5.402850389480591,
  "train_iter_time_s": 15.638116836547852,
  "init_seed": 200,
  "train_seed": 203,
  "best_reward_so_far": 1177.3686169777998
}