{
  "sharpness": 1.4017606930466155,
  "gradient_smoothness": 0.0,
  "parameter_norm": 32.790844752773324,
  "lambda_max_10": -56.67207717895508,
  "hessian_trace_10": 759.0234451293945,
  "fim_trace": 3894.31811035797,
  "step_count": 0,
  "timestamp": 1764128640.0465806,
  "episode_reward": -8.641938957846248,
  "num_steps": 32768,
  "feature_compute_time_s": 11.776866674423218,
  "train_iter_time_s": 42.57024335861206,
  "init_seed": 202,
  "train_seed": 200,
  "best_reward_so_far": -8.641938957846248
}