{
  "sharpness": 1.127267270461789,
  "gradient_smoothness": 0.007316323094008983,
  "loss_mean": 0.0,
  "loss_std": 0.0,
  "loss_trend": 1.3381352992445921e-10,
  "parameter_norm": 33.38054248662932,
  "lambda_max_10": -24.459245681762695,
  "hessian_trace_10": 404.57841796875,
  "fim_trace": 2347.453584931791,
  "step_count": 11,
  "timestamp": 1765440137.5075555,
  "episode_reward": 383.0343322753906,
  "num_steps": 393216,
  "feature_compute_time_s": 5.520210266113281,
  "train_iter_time_s": 4.047727584838867,
  "init_seed": 200,
  "train_seed": 204,
  "best_reward_so_far": 175.67056899499485
}