{
  "sharpness": 1.415605324896625,
  "gradient_smoothness": 0.040025265381067404,
  "loss_mean": 0.0,
  "loss_std": 0.0,
  "loss_trend": -4.663689872582212e-10,
  "parameter_norm": 33.54803609609624,
  "lambda_max_10": -37.64902114868164,
  "hessian_trace_10": 539.0681655883789,
  "fim_trace": 2797.090624704957,
  "step_count": 12,
  "timestamp": 1765442544.1253467,
  "episode_reward": -17.56344223022461,
  "num_steps": 425984,
  "feature_compute_time_s": 5.340275287628174,
  "train_iter_time_s": 3.9086873531341553,
  "init_seed": 202,
  "train_seed": 200,
  "best_reward_so_far": 12.405945698025876
}