{
  "sharpness": 1.99533134694099,
  "gradient_smoothness": 0.4002297249761886,
  "loss_mean": 0.0,
  "loss_std": 0.0,
  "loss_trend": 1.220998359663881e-09,
  "parameter_norm": 102.22807649558082,
  "lambda_max_10": -7.867049217224121,
  "hessian_trace_10": -46.74567356109619,
  "fim_trace": 2190.4237504974008,
  "step_count": 12,
  "timestamp": 1765469241.7864838,
  "episode_reward": -28.803342819213867,
  "num_steps": 425984,
  "feature_compute_time_s": 5.758462429046631,
  "train_iter_time_s": 3.9859232902526855,
  "init_seed": 200,
  "train_seed": 200,
  "best_reward_so_far": -2.85203145310554
}