{
  "sharpness": 1.3762091569965824,
  "gradient_smoothness": 0.0950181130520556,
  "loss_mean": 0.0,
  "loss_std": 0.0,
  "loss_trend": -2.0215043106576126e-12,
  "parameter_norm": 28.63924544216247,
  "lambda_max_10": 13.356496810913086,
  "hessian_trace_10": 126.2589557647705,
  "fim_trace": 1093.8997320532799,
  "step_count": 196,
  "timestamp": 1763782190.815098,
  "num_steps": 6455296,
  "feature_compute_time_s": 4.84509015083313,
  "train_iter_time_s": 8.01052188873291,
  "init_seed": 206,
  "train_seed": 200,
  "best_reward_so_far": 1193.862891318508
}