{
  "sharpness": 1.2416931535599518,
  "gradient_smoothness": 0.0,
  "parameter_norm": 32.67208648130335,
  "lambda_max_10": -24.752092361450195,
  "hessian_trace_10": 362.5805389404297,
  "fim_trace": 1956.6914852261543,
  "step_count": 0,
  "timestamp": 1765469292.9101357,
  "episode_reward": 156.3481903076172,
  "num_steps": 32768,
  "feature_compute_time_s": 5.789999485015869,
  "train_iter_time_s": 5.1900951862335205,
  "init_seed": 205,
  "train_seed": 200,
  "best_reward_so_far": 16.780877559937192
}