{
  "sharpness": 1.7527505785115598,
  "gradient_smoothness": 0.057041449252026664,
  "loss_mean": 0.0,
  "loss_std": 0.0,
  "loss_trend": 2.3188515690771633e-09,
  "parameter_norm": 29.901585142580526,
  "lambda_max_10": -130.4127197265625,
  "hessian_trace_10": 1042.1722442626954,
  "fim_trace": 18282.10831898451,
  "step_count": 6,
  "timestamp": 1764166831.8426676,
  "episode_reward": 1470.6474609375,
  "num_steps": 229376,
  "feature_compute_time_s": 7.888709306716919,
  "train_iter_time_s": 3.479152202606201,
  "init_seed": 200,
  "train_seed": 205,
  "best_reward_so_far": -Infinity
}