{
  "sharpness": 1.3517788168852791,
  "gradient_smoothness": 0.00448241522444565,
  "loss_mean": 0.0,
  "loss_std": 0.0,
  "loss_trend": -3.9026926853137225e-10,
  "parameter_norm": 33.92132630793096,
  "lambda_max_10": -16.382844924926758,
  "hessian_trace_10": 300.86525573730466,
  "fim_trace": 1664.22904695943,
  "step_count": 24,
  "timestamp": 1765441091.7777588,
  "episode_reward": 632.63232421875,
  "num_steps": 819200,
  "feature_compute_time_s": 10.366682052612305,
  "train_iter_time_s": 3.73830246925354,
  "init_seed": 200,
  "train_seed": 205,
  "best_reward_so_far": 431.539797916234
}