{
  "sharpness": 1.4616930047072547,
  "gradient_smoothness": 0.009612059519658081,
  "loss_mean": 0.0,
  "loss_std": 0.0,
  "loss_trend": -7.151554510199845e-11,
  "parameter_norm": 27.009826272642094,
  "lambda_max_10": 3.3147988319396973,
  "hessian_trace_10": 157.80214920043946,
  "fim_trace": 256.1518300510943,
  "step_count": 67,
  "timestamp": 1763767692.7669706,
  "episode_reward": 1108.3468838325145,
  "num_steps": 2228224,
  "feature_compute_time_s": 11.767717123031616,
  "train_iter_time_s": 14.400186538696289,
  "init_seed": 204,
  "train_seed": 200,
  "best_reward_so_far": 1108.3468838325145
}