{
  "sharpness": 1.3440825278246227,
  "gradient_smoothness": 0.019132005991011707,
  "loss_mean": 0.0,
  "loss_std": 0.0,
  "loss_trend": 3.466233476899328e-11,
  "parameter_norm": 25.573683668033176,
  "lambda_max_10": -1.614866852760315,
  "hessian_trace_10": 112.43829650878907,
  "fim_trace": 671.7826105952263,
  "step_count": 69,
  "timestamp": 1763774437.9302387,
  "num_steps": 2293760,
  "feature_compute_time_s": 7.112954616546631,
  "train_iter_time_s": 11.610253095626831,
  "init_seed": 200,
  "train_seed": 205,
  "best_reward_so_far": 580.0237833245353
}