{
  "sharpness": 1.9007121019766537,
  "gradient_smoothness": 0.273422142139,
  "loss_mean": 0.0,
  "loss_std": 0.0,
  "loss_trend": 5.901934753645217e-10,
  "parameter_norm": 30.036548488661715,
  "lambda_max_10": -44.587223052978516,
  "hessian_trace_10": 413.6679290771484,
  "fim_trace": 6726.69435697794,
  "step_count": 10,
  "timestamp": 1764177284.675954,
  "episode_reward": 1226.7904052734375,
  "num_steps": 360448,
  "feature_compute_time_s": 6.91264009475708,
  "train_iter_time_s": 4.666230201721191,
  "init_seed": 200,
  "train_seed": 204,
  "best_reward_so_far": -Infinity
}