{
  "sharpness": 1.7585342653910778,
  "gradient_smoothness": 0.0254454288317371,
  "loss_mean": 0.0,
  "loss_std": 0.0,
  "loss_trend": 2.1244256280447092e-11,
  "parameter_norm": 28.900911958722997,
  "lambda_max_10": -64.4978256225586,
  "hessian_trace_10": 542.2130821228027,
  "fim_trace": 4830.982577547431,
  "step_count": 171,
  "timestamp": 1763776355.7556636,
  "num_steps": 5636096,
  "feature_compute_time_s": 8.230844497680664,
  "train_iter_time_s": 12.76499605178833,
  "init_seed": 200,
  "train_seed": 205,
  "best_reward_so_far": 1154.6560324337615
}