{
  "sharpness": 1.3628777536763994,
  "gradient_smoothness": 0.017009143556387187,
  "loss_mean": 0.0,
  "loss_std": 0.0,
  "loss_trend": -3.396256076093337e-12,
  "parameter_norm": 29.274984962684112,
  "lambda_max_10": -9.342235565185547,
  "hessian_trace_10": 228.42955474853517,
  "fim_trace": 446.0767905153334,
  "step_count": 108,
  "timestamp": 1763768608.4463203,
  "episode_reward": 1561.2246826866144,
  "num_steps": 3571712,
  "feature_compute_time_s": 10.415430784225464,
  "train_iter_time_s": 13.766149759292603,
  "init_seed": 204,
  "train_seed": 200,
  "best_reward_so_far": 1583.253664193215
}