{
  "sharpness": 1.0974386776339462,
  "gradient_smoothness": 0.03751602861958335,
  "loss_mean": 0.0,
  "loss_std": 0.0,
  "loss_trend": 8.034942171004708e-10,
  "parameter_norm": 33.621404984782764,
  "lambda_max_10": -22.866395950317383,
  "hessian_trace_10": 448.79114990234376,
  "fim_trace": 2735.974988859147,
  "step_count": 15,
  "timestamp": 1765438413.5932417,
  "episode_reward": 1230.81787109375,
  "num_steps": 524288,
  "feature_compute_time_s": 10.738480806350708,
  "train_iter_time_s": 4.063172101974487,
  "init_seed": 200,
  "train_seed": 204,
  "best_reward_so_far": 222.56388709575907
}