{
  "sharpness": 2.2548234910013383,
  "gradient_smoothness": 0.03169532170548549,
  "loss_mean": 0.0,
  "loss_std": 0.0,
  "loss_trend": -2.088380494506813e-11,
  "parameter_norm": 29.508405630369957,
  "lambda_max_10": -40.463321685791016,
  "hessian_trace_10": 298.14642333984375,
  "fim_trace": 3234.7455850839615,
  "step_count": 290,
  "timestamp": 1763771819.0593572,
  "num_steps": 9535488,
  "feature_compute_time_s": 4.403209686279297,
  "train_iter_time_s": 8.523478984832764,
  "init_seed": 200,
  "train_seed": 200,
  "best_reward_so_far": 1269.1137796691619
}