{
  "sharpness": 1.3068836369176422,
  "gradient_smoothness": 0.016449284678420852,
  "loss_mean": 0.0,
  "loss_std": 0.0,
  "loss_trend": 5.947276404285341e-09,
  "parameter_norm": 32.979704464614535,
  "lambda_max_10": -17.5649356842041,
  "hessian_trace_10": 300.72987976074216,
  "fim_trace": 1397.6147941574454,
  "step_count": 3,
  "timestamp": 1765440496.2000523,
  "episode_reward": -16.353275299072266,
  "num_steps": 131072,
  "feature_compute_time_s": 10.806735515594482,
  "train_iter_time_s": 4.069186449050903,
  "init_seed": 201,
  "train_seed": 200,
  "best_reward_so_far": 41.21011216805124
}