{
  "sharpness": 1.181034978653437,
  "gradient_smoothness": 0.03410758590286011,
  "loss_mean": 0.0,
  "loss_std": 0.0,
  "loss_trend": 2.8552407266349606e-11,
  "parameter_norm": 25.82435784205032,
  "lambda_max_10": -0.8968670964241028,
  "hessian_trace_10": 77.90517673492431,
  "fim_trace": 635.7573826238513,
  "step_count": 85,
  "timestamp": 1763773344.2095876,
  "num_steps": 2818048,
  "feature_compute_time_s": 6.271905422210693,
  "train_iter_time_s": 12.069673538208008,
  "init_seed": 200,
  "train_seed": 201,
  "best_reward_so_far": 1007.3367003596059
}