{
  "sharpness": 2.1640086000233083,
  "gradient_smoothness": 0.08720642542260379,
  "loss_mean": 0.0,
  "loss_std": 0.0,
  "loss_trend": -1.8412817177341506e-09,
  "parameter_norm": 29.2530318796543,
  "lambda_max_10": -26.329082489013672,
  "hessian_trace_10": 28.880973434448244,
  "fim_trace": 2260.889789879322,
  "step_count": 8,
  "timestamp": 1764158681.8840094,
  "episode_reward": 819.6596069335938,
  "num_steps": 294912,
  "feature_compute_time_s": 5.063028573989868,
  "train_iter_time_s": 4.274412155151367,
  "init_seed": 204,
  "train_seed": 200,
  "best_reward_so_far": -Infinity
}