{
  "sharpness": 1.3280339704407986,
  "gradient_smoothness": 0.10974839802837964,
  "loss_mean": 0.0,
  "loss_std": 0.0,
  "loss_trend": 9.576500742519226e-10,
  "parameter_norm": 33.42124674391318,
  "lambda_max_10": -42.548709869384766,
  "hessian_trace_10": 714.341015625,
  "fim_trace": 3185.733598139137,
  "step_count": 9,
  "timestamp": 1765439025.278419,
  "episode_reward": -7.803101539611816,
  "num_steps": 327680,
  "feature_compute_time_s": 5.530383110046387,
  "train_iter_time_s": 4.8157737255096436,
  "init_seed": 200,
  "train_seed": 206,
  "best_reward_so_far": 168.4789315939385
}