{
  "sharpness": 1.5640665941412497,
  "gradient_smoothness": 0.006716597196829525,
  "loss_mean": 0.0,
  "loss_std": 0.0,
  "loss_trend": 2.9171092098472534e-12,
  "parameter_norm": 29.12009516687652,
  "lambda_max_10": -9.517021179199219,
  "hessian_trace_10": 219.72162094116212,
  "fim_trace": 488.7000847905874,
  "step_count": 105,
  "timestamp": 1763768542.240191,
  "episode_reward": 1311.7153877325973,
  "num_steps": 3473408,
  "feature_compute_time_s": 7.127004384994507,
  "train_iter_time_s": 13.658277034759521,
  "init_seed": 204,
  "train_seed": 200,
  "best_reward_so_far": 1583.253664193215
}