{
  "sharpness": 1.8929875117741746,
  "gradient_smoothness": 0.14054300726053076,
  "loss_mean": 0.0,
  "loss_std": 0.0,
  "loss_trend": 3.1210307534796364e-10,
  "parameter_norm": 46.30608542965389,
  "lambda_max_10": -68.63664245605469,
  "hessian_trace_10": 865.4112365722656,
  "fim_trace": 12146.012398704886,
  "step_count": 9,
  "timestamp": 1765469480.0071015,
  "episode_reward": 139.01876831054688,
  "num_steps": 327680,
  "feature_compute_time_s": 9.939965009689331,
  "train_iter_time_s": 6.889058589935303,
  "init_seed": 200,
  "train_seed": 200,
  "best_reward_so_far": 33.48736089570471
}