{
  "sharpness": 1.1488776442508253,
  "gradient_smoothness": 0.015382916834443977,
  "loss_mean": 0.0,
  "loss_std": 0.0,
  "loss_trend": 1.730247243937569e-10,
  "parameter_norm": 33.8488367702624,
  "lambda_max_10": -26.241195678710938,
  "hessian_trace_10": 513.6086120605469,
  "fim_trace": 3547.669796410948,
  "step_count": 21,
  "timestamp": 1765440940.363375,
  "episode_reward": 1161.5504150390625,
  "num_steps": 720896,
  "feature_compute_time_s": 5.59454607963562,
  "train_iter_time_s": 4.124943494796753,
  "init_seed": 200,
  "train_seed": 202,
  "best_reward_so_far": 409.71790102019645
}