{
  "sharpness": 1.0084646520436336,
  "gradient_smoothness": 0.04114618447531924,
  "loss_mean": 0.0,
  "loss_std": 0.0,
  "loss_trend": -1.0393769278699168e-10,
  "parameter_norm": 24.16553552547219,
  "lambda_max_10": 5.142314434051514,
  "hessian_trace_10": 65.32600021362305,
  "fim_trace": 187.85410929471254,
  "step_count": 51,
  "timestamp": 1763782046.385559,
  "num_steps": 1703936,
  "feature_compute_time_s": 6.695296049118042,
  "train_iter_time_s": 13.553514003753662,
  "init_seed": 207,
  "train_seed": 200,
  "best_reward_so_far": 474.2661392435274
}