{
  "sharpness": 1.1409018691959742,
  "gradient_smoothness": 0.1214109110039878,
  "loss_mean": 0.0,
  "loss_std": 0.0,
  "loss_trend": -3.2258559707393966e-11,
  "parameter_norm": 34.75116988606362,
  "lambda_max_10": -33.191104888916016,
  "hessian_trace_10": 624.2038269042969,
  "fim_trace": 2529.1133511606604,
  "step_count": 47,
  "timestamp": 1765441244.442059,
  "episode_reward": 2012.3968505859375,
  "num_steps": 1572864,
  "feature_compute_time_s": 5.618986129760742,
  "train_iter_time_s": 3.736018419265747,
  "init_seed": 200,
  "train_seed": 200,
  "best_reward_so_far": 1025.0175556868166
}