{
  "sharpness": 1.7486494892315514,
  "gradient_smoothness": 0.3345643303683659,
  "loss_mean": 0.0,
  "loss_std": 0.0,
  "loss_trend": 3.224141067261818e-09,
  "parameter_norm": 29.629320039002245,
  "lambda_max_10": -33.28398132324219,
  "hessian_trace_10": 160.32520294189453,
  "fim_trace": 3712.0903841406107,
  "step_count": 3,
  "timestamp": 1764148937.039561,
  "episode_reward": 1648.48779296875,
  "num_steps": 131072,
  "feature_compute_time_s": 7.12855339050293,
  "train_iter_time_s": 3.971038818359375,
  "init_seed": 200,
  "train_seed": 203,
  "best_reward_so_far": -Infinity
}