{
  "sharpness": 1.5567443549522972,
  "gradient_smoothness": 0.3994554126266099,
  "loss_mean": 0.0,
  "loss_std": 0.0,
  "loss_trend": 1.851555568681587e-11,
  "parameter_norm": 33.91066346710413,
  "lambda_max_10": -62.147037506103516,
  "hessian_trace_10": 421.85650634765625,
  "fim_trace": 3775.4252143763006,
  "step_count": 58,
  "timestamp": 1765442025.6571486,
  "episode_reward": 1247.2880859375,
  "num_steps": 1933312,
  "feature_compute_time_s": 5.569136142730713,
  "train_iter_time_s": 4.059295892715454,
  "init_seed": 203,
  "train_seed": 200,
  "best_reward_so_far": 1130.9484627237825
}