{
  "sharpness": 1.6882837128950432,
  "gradient_smoothness": 0.1304973277988309,
  "loss_mean": 0.0,
  "loss_std": 0.0,
  "loss_trend": -6.464759855230276e-10,
  "parameter_norm": 30.26017401440992,
  "lambda_max_10": 19.516843795776367,
  "hessian_trace_10": 98.170161819458,
  "fim_trace": 4599.744881160557,
  "step_count": 10,
  "timestamp": 1764167716.0362196,
  "episode_reward": 3331.12744140625,
  "num_steps": 360448,
  "feature_compute_time_s": 5.146355628967285,
  "train_iter_time_s": 3.179938316345215,
  "init_seed": 200,
  "train_seed": 200,
  "best_reward_so_far": -Infinity
}