{
  "sharpness": 1.7200281504487227,
  "gradient_smoothness": 0.04792347027989854,
  "loss_mean": 0.0,
  "loss_std": 0.0,
  "loss_trend": 8.866698874993175e-09,
  "parameter_norm": 29.7900949398948,
  "lambda_max_10": -155.30255126953125,
  "hessian_trace_10": 1072.3834869384766,
  "fim_trace": 17917.419725090265,
  "step_count": 2,
  "timestamp": 1764151053.1140788,
  "episode_reward": 1410.16943359375,
  "num_steps": 98304,
  "feature_compute_time_s": 5.412074089050293,
  "train_iter_time_s": 4.543515682220459,
  "init_seed": 200,
  "train_seed": 205,
  "best_reward_so_far": -Infinity
}