{
  "sharpness": 1.6875964611247214,
  "gradient_smoothness": 0.04048309479993118,
  "loss_mean": 0.0,
  "loss_std": 0.0,
  "loss_trend": 1.0260540124805492e-11,
  "parameter_norm": 29.039513571101367,
  "lambda_max_10": -49.98713302612305,
  "hessian_trace_10": 425.7422897338867,
  "fim_trace": 3894.74764880538,
  "step_count": 194,
  "timestamp": 1763774473.910947,
  "num_steps": 6389760,
  "feature_compute_time_s": 4.449702262878418,
  "train_iter_time_s": 8.585968971252441,
  "init_seed": 200,
  "train_seed": 202,
  "best_reward_so_far": 1098.6878116969474
}