{
  "sharpness": 1.0956539431258845,
  "gradient_smoothness": 0.021575653214180805,
  "loss_mean": 0.0,
  "loss_std": 0.0,
  "loss_trend": 6.051447004923411e-10,
  "parameter_norm": 33.67122704709238,
  "lambda_max_10": -24.885276794433594,
  "hessian_trace_10": 355.07599487304685,
  "fim_trace": 1934.5557023398578,
  "step_count": 17,
  "timestamp": 1765440203.2265751,
  "episode_reward": 203.2401580810547,
  "num_steps": 589824,
  "feature_compute_time_s": 5.3548808097839355,
  "train_iter_time_s": 4.1486287117004395,
  "init_seed": 200,
  "train_seed": 204,
  "best_reward_so_far": 223.8477255898798
}