{
  "sharpness": 2.0323778144673406,
  "gradient_smoothness": 0.026580847209326998,
  "loss_mean": 0.0,
  "loss_std": 0.0,
  "loss_trend": -2.2468044685805783e-09,
  "parameter_norm": 102.52619689673945,
  "lambda_max_10": 6.106215000152588,
  "hessian_trace_10": 63.43619804382324,
  "fim_trace": 4440.128462444991,
  "step_count": 3,
  "timestamp": 1765469962.9464788,
  "episode_reward": -15.04317569732666,
  "num_steps": 131072,
  "feature_compute_time_s": 5.602266550064087,
  "train_iter_time_s": 3.9846749305725098,
  "init_seed": 206,
  "train_seed": 200,
  "best_reward_so_far": -10.035114756002322
}