{
  "sharpness": 2.014602568889585,
  "gradient_smoothness": 0.021158964366222832,
  "loss_mean": 0.0,
  "loss_std": 0.0,
  "loss_trend": 2.005579790826813e-11,
  "parameter_norm": 28.57947867561563,
  "lambda_max_10": -18.169301986694336,
  "hessian_trace_10": 7.033730125427246,
  "fim_trace": 1247.6972238719463,
  "step_count": 206,
  "timestamp": 1763782495.1763463,
  "num_steps": 6782976,
  "feature_compute_time_s": 6.7039501667022705,
  "train_iter_time_s": 10.335024356842041,
  "init_seed": 204,
  "train_seed": 200,
  "best_reward_so_far": 2156.601253867987
}