{
  "sharpness": 1.7572679313703665,
  "gradient_smoothness": 0.20031988010895416,
  "loss_mean": 0.0,
  "loss_std": 0.0,
  "loss_trend": -1.0297937749450393e-08,
  "parameter_norm": 31.954170272772984,
  "lambda_max_10": -188.24269104003906,
  "hessian_trace_10": 1417.5754760742188,
  "fim_trace": 22607.55154711008,
  "step_count": 2,
  "timestamp": 1764177405.8681703,
  "episode_reward": 1393.9395751953125,
  "num_steps": 98304,
  "feature_compute_time_s": 6.246272563934326,
  "train_iter_time_s": 4.796095371246338,
  "init_seed": 200,
  "train_seed": 205,
  "best_reward_so_far": -Infinity
}