{
  "sharpness": 1.7971986459842317,
  "gradient_smoothness": 0.3067030001729244,
  "loss_mean": 0.0,
  "loss_std": 0.0,
  "loss_trend": 7.576949756179855e-09,
  "parameter_norm": 29.379748752536106,
  "lambda_max_10": 20.324007034301758,
  "hessian_trace_10": 224.17990188598634,
  "fim_trace": 1312.6220693290234,
  "step_count": 3,
  "timestamp": 1764159892.7613335,
  "episode_reward": 1158.9417724609375,
  "num_steps": 131072,
  "feature_compute_time_s": 5.108441352844238,
  "train_iter_time_s": 3.630582571029663,
  "init_seed": 206,
  "train_seed": 200,
  "best_reward_so_far": -Infinity
}