{
  "sharpness": 1.2850648930349056,
  "gradient_smoothness": 0.03682320721292449,
  "loss_mean": 0.0,
  "loss_std": 0.0,
  "loss_trend": 1.7960225571876887e-10,
  "parameter_norm": 34.06071980524416,
  "lambda_max_10": -58.11891555786133,
  "hessian_trace_10": 611.546337890625,
  "fim_trace": 3665.429901499301,
  "step_count": 29,
  "timestamp": 1765441837.7100573,
  "episode_reward": -14.215795516967773,
  "num_steps": 983040,
  "feature_compute_time_s": 10.23409652709961,
  "train_iter_time_s": 5.178240060806274,
  "init_seed": 200,
  "train_seed": 206,
  "best_reward_so_far": 702.6696981405936
}