{
  "sharpness": 0.7194634032274575,
  "gradient_smoothness": 0.04771616094460208,
  "loss_mean": 0.0,
  "loss_std": 0.0,
  "loss_trend": -1.013178742794551e-10,
  "parameter_norm": 24.646228271142668,
  "lambda_max_10": 3.2089405059814453,
  "hessian_trace_10": 14.190811157226562,
  "fim_trace": 83.29553897120059,
  "step_count": 40,
  "timestamp": 1763766607.6397662,
  "episode_reward": 476.89745344983515,
  "num_steps": 1343488,
  "feature_compute_time_s": 8.514987230300903,
  "train_iter_time_s": 14.576112031936646,
  "init_seed": 202,
  "train_seed": 200,
  "best_reward_so_far": 476.89745344983515
}