{
  "sharpness": 0.936952739811299,
  "gradient_smoothness": 0.053863957755857325,
  "loss_mean": 0.0,
  "loss_std": 0.0,
  "loss_trend": -1.483247620046691e-10,
  "parameter_norm": 24.50544985763858,
  "lambda_max_10": 6.09788703918457,
  "hessian_trace_10": 56.97969675064087,
  "fim_trace": 263.89424178376794,
  "step_count": 56,
  "timestamp": 1763782151.128402,
  "num_steps": 1867776,
  "feature_compute_time_s": 7.325437545776367,
  "train_iter_time_s": 14.028257846832275,
  "init_seed": 207,
  "train_seed": 200,
  "best_reward_so_far": 474.2661392435274
}