{
  "sharpness": 3.6800908678655104,
  "gradient_smoothness": 0.024030086462277778,
  "loss_mean": 0.0,
  "loss_std": 0.0,
  "loss_trend": -1.269004138659872e-08,
  "parameter_norm": 41.42940335748419,
  "lambda_max_10": 45.79893493652344,
  "hessian_trace_10": 447.1015991210937,
  "fim_trace": 10892.213645100594,
  "step_count": 3,
  "timestamp": 1766082808.0622554,
  "episode_reward": 284.6553955078125,
  "num_steps": 131072,
  "feature_compute_time_s": 7.188827037811279,
  "train_iter_time_s": 4.0547802448272705,
  "init_seed": 201,
  "train_seed": 200,
  "best_reward_so_far": -Infinity
}