{
  "sharpness": 1.7458315630428314,
  "gradient_smoothness": 0.0,
  "loss_mean": 0.0,
  "loss_std": 0.0,
  "loss_trend": 0.0,
  "parameter_norm": 29.1652648676045,
  "lambda_max_10": -35.80644989013672,
  "hessian_trace_10": 225.82293548583985,
  "fim_trace": 4998.554487586021,
  "step_count": 1,
  "timestamp": 1764146826.4378178,
  "episode_reward": 1617.21240234375,
  "num_steps": 65536,
  "feature_compute_time_s": 7.195164442062378,
  "train_iter_time_s": 4.1071085929870605,
  "init_seed": 200,
  "train_seed": 201,
  "best_reward_so_far": -Infinity
}