{
  "sharpness": 2.039427845828219,
  "gradient_smoothness": 0.0,
  "loss_mean": 0.0,
  "loss_std": 0.0,
  "loss_trend": 0.0,
  "parameter_norm": 102.4186099400965,
  "lambda_max_10": -17.250591278076172,
  "hessian_trace_10": -16.65437068939209,
  "fim_trace": 4825.156334426254,
  "step_count": 1,
  "timestamp": 1765469394.3082023,
  "episode_reward": -14.81242847442627,
  "num_steps": 65536,
  "feature_compute_time_s": 5.5126752853393555,
  "train_iter_time_s": 6.591209173202515,
  "init_seed": 200,
  "train_seed": 201,
  "best_reward_so_far": -7.005449098816843
}