{
  "sharpness": 1.2843431301080683,
  "gradient_smoothness": 0.014742580918013587,
  "loss_mean": 0.0,
  "loss_std": 0.0,
  "loss_trend": 4.485065050650762e-11,
  "parameter_norm": 30.430865662889154,
  "lambda_max_10": -14.183091163635254,
  "hessian_trace_10": 337.78050842285154,
  "fim_trace": 804.4187364969403,
  "step_count": 137,
  "timestamp": 1763769267.742919,
  "episode_reward": 1485.1073689943712,
  "num_steps": 4521984,
  "feature_compute_time_s": 7.460585594177246,
  "train_iter_time_s": 15.03691840171814,
  "init_seed": 204,
  "train_seed": 200,
  "best_reward_so_far": 1678.446491002773
}