{
  "sharpness": 1.2680060388643333,
  "gradient_smoothness": 0.01741210742179662,
  "loss_mean": 0.0,
  "loss_std": 0.0,
  "loss_trend": -3.561824868258339e-11,
  "parameter_norm": 30.765237663707598,
  "lambda_max_10": -21.17156982421875,
  "hessian_trace_10": 332.20537719726565,
  "fim_trace": 1247.0905680768192,
  "step_count": 160,
  "timestamp": 1763763327.022838,
  "episode_reward": 1065.4131867652168,
  "num_steps": 5275648,
  "feature_compute_time_s": 7.7414469718933105,
  "train_iter_time_s": 20.37746787071228,
  "init_seed": 200,
  "train_seed": 201,
  "best_reward_so_far": 1233.9111172536368
}