{
  "sharpness": 1.9409316266849612,
  "gradient_smoothness": 0.4856648429321475,
  "loss_mean": 0.0,
  "loss_std": 0.0,
  "loss_trend": 9.452019820896563e-10,
  "parameter_norm": 101.6988814465752,
  "lambda_max_10": 12.988590240478516,
  "hessian_trace_10": -2.727399444580078,
  "fim_trace": 3437.446494318545,
  "step_count": 13,
  "timestamp": 1764178907.8110254,
  "episode_reward": -609.0797119140625,
  "num_steps": 458752,
  "feature_compute_time_s": 5.7190258502960205,
  "train_iter_time_s": 3.455338478088379,
  "init_seed": 207,
  "train_seed": 200,
  "best_reward_so_far": -Infinity
}