{
  "sharpness": 1.2409972787416346,
  "gradient_smoothness": 0.12761064538866798,
  "loss_mean": 0.0,
  "loss_std": 0.0,
  "loss_trend": 5.681339095841899e-10,
  "parameter_norm": 33.02042291235368,
  "lambda_max_10": -29.93477439880371,
  "hessian_trace_10": 421.24241333007814,
  "fim_trace": 2297.300080008805,
  "step_count": 9,
  "timestamp": 1765439859.35015,
  "episode_reward": 40.087623596191406,
  "num_steps": 327680,
  "feature_compute_time_s": 6.316730976104736,
  "train_iter_time_s": 5.036437034606934,
  "init_seed": 200,
  "train_seed": 201,
  "best_reward_so_far": 173.56383937972709
}