{
  "sharpness": 1.1792075592232427,
  "gradient_smoothness": 0.02569921843687037,
  "loss_mean": 0.0,
  "loss_std": 0.0,
  "loss_trend": 1.397240447518848e-11,
  "parameter_norm": 32.5791636188579,
  "lambda_max_10": -38.90397644042969,
  "hessian_trace_10": 575.1232940673829,
  "fim_trace": 3981.1458416469395,
  "step_count": 258,
  "timestamp": 1763773710.5532053,
  "episode_reward": 1962.0013548566458,
  "num_steps": 8486912,
  "feature_compute_time_s": 9.97276496887207,
  "train_iter_time_s": 18.75652766227722,
  "init_seed": 206,
  "train_seed": 200,
  "best_reward_so_far": 2264.262647881349
}