{
  "sharpness": 29.18089949971656,
  "gradient_smoothness": 0.13324756366668958,
  "loss_mean": 0.0,
  "loss_std": 0.0,
  "loss_trend": 3.195553218638826e-09,
  "parameter_norm": 52.09958362974591,
  "lambda_max_10": 124.1529769897461,
  "hessian_trace_10": 161.35164642333984,
  "fim_trace": 98199.52205276489,
  "step_count": 2,
  "timestamp": 1766081048.691738,
  "episode_reward": -84.64225769042969,
  "num_steps": 98304,
  "feature_compute_time_s": 5.59638237953186,
  "train_iter_time_s": 2.84628963470459,
  "init_seed": 203,
  "train_seed": 200,
  "best_reward_so_far": -Infinity
}