{
  "sharpness": 1.4773461082964423,
  "gradient_smoothness": 0.016056215612100175,
  "loss_mean": 0.0,
  "loss_std": 0.0,
  "loss_trend": 1.0013582735928732e-11,
  "parameter_norm": 29.026701211825564,
  "lambda_max_10": -16.29378890991211,
  "hessian_trace_10": 202.9888999938965,
  "fim_trace": 2553.821849092841,
  "step_count": 182,
  "timestamp": 1763778456.161176,
  "num_steps": 5996544,
  "feature_compute_time_s": 6.536507844924927,
  "train_iter_time_s": 11.277270078659058,
  "init_seed": 200,
  "train_seed": 206,
  "best_reward_so_far": 1100.6991600558704
}