{
  "sharpness": 3.204201205112671,
  "gradient_smoothness": 0.0,
  "parameter_norm": 43.710654582050786,
  "lambda_max_10": 81.66121673583984,
  "hessian_trace_10": 393.46099815368655,
  "fim_trace": 16074.565098404884,
  "step_count": 0,
  "timestamp": 1764177620.1560414,
  "episode_reward": 1088.3302001953125,
  "num_steps": 32768,
  "feature_compute_time_s": 6.3304736614227295,
  "train_iter_time_s": 4.226017236709595,
  "init_seed": 200,
  "train_seed": 201,
  "best_reward_so_far": -Infinity
}