{
  "sharpness": 0.63845542433065,
  "gradient_smoothness": 0.03379291988855231,
  "loss_mean": 0.0,
  "loss_std": 0.0,
  "loss_trend": -2.634280893310863e-10,
  "parameter_norm": 22.741730956192676,
  "lambda_max_10": 2.7062792778015137,
  "hessian_trace_10": 12.253193593025207,
  "fim_trace": 107.61790397018194,
  "step_count": 36,
  "timestamp": 1763780180.8133104,
  "num_steps": 1212416,
  "feature_compute_time_s": 4.366980791091919,
  "train_iter_time_s": 7.187129974365234,
  "init_seed": 206,
  "train_seed": 200,
  "best_reward_so_far": -4.400965493108322
}