{
  "sharpness": 1.408176443994974,
  "gradient_smoothness": 0.01642493101661421,
  "loss_mean": 0.0,
  "loss_std": 0.0,
  "loss_trend": 6.358554329734977e-11,
  "parameter_norm": 29.446121891538027,
  "lambda_max_10": -14.659442901611328,
  "hessian_trace_10": 166.20164413452147,
  "fim_trace": 598.3232791759074,
  "step_count": 115,
  "timestamp": 1763761681.9483635,
  "episode_reward": 1346.2710757965028,
  "num_steps": 3801088,
  "feature_compute_time_s": 6.459449768066406,
  "train_iter_time_s": 15.990654945373535,
  "init_seed": 200,
  "train_seed": 203,
  "best_reward_so_far": 1346.2710757965028
}