{
  "sharpness": 1.155479140596442,
  "gradient_smoothness": 0.00137259525541867,
  "loss_mean": 0.0,
  "loss_std": 0.0,
  "loss_trend": -5.5848957203256005e-12,
  "parameter_norm": 32.003406711655494,
  "lambda_max_10": -27.405200958251953,
  "hessian_trace_10": 490.57395324707034,
  "fim_trace": 2067.991344396025,
  "step_count": 221,
  "timestamp": 1763766898.204117,
  "episode_reward": 764.0408542342726,
  "num_steps": 7274496,
  "feature_compute_time_s": 5.266065835952759,
  "train_iter_time_s": 9.931269645690918,
  "init_seed": 200,
  "train_seed": 200,
  "best_reward_so_far": 825.5063438058102
}