{
  "sharpness": 0.7737473680008636,
  "gradient_smoothness": 0.005226023840167402,
  "loss_mean": 0.0,
  "loss_std": 0.0,
  "loss_trend": -1.9707439839480307e-11,
  "parameter_norm": 25.187016515782254,
  "lambda_max_10": 4.167692184448242,
  "hessian_trace_10": 35.79928188323974,
  "fim_trace": 110.77931086719036,
  "step_count": 44,
  "timestamp": 1763760097.2197678,
  "episode_reward": 646.1380691785514,
  "num_steps": 1474560,
  "feature_compute_time_s": 7.215170621871948,
  "train_iter_time_s": 20.10297727584839,
  "init_seed": 200,
  "train_seed": 201,
  "best_reward_so_far": 646.1380691785514
}