{
  "sharpness": 1.1761369232731995,
  "gradient_smoothness": 0.12771683018876764,
  "loss_mean": 0.0,
  "loss_std": 0.0,
  "loss_trend": 1.9197145312849352e-09,
  "parameter_norm": 102.52828845299172,
  "lambda_max_10": -7.515502452850342,
  "hessian_trace_10": 2.4388427734375,
  "fim_trace": 1965.6624964773655,
  "step_count": 5,
  "timestamp": 1765469672.8581753,
  "episode_reward": -20.855377197265625,
  "num_steps": 196608,
  "feature_compute_time_s": 6.551654100418091,
  "train_iter_time_s": 6.499413728713989,
  "init_seed": 200,
  "train_seed": 200,
  "best_reward_so_far": -6.953559702492496
}