{
  "sharpness": 1.4395170119935567,
  "gradient_smoothness": 0.2256844467990836,
  "loss_mean": 0.0,
  "loss_std": 0.0,
  "loss_trend": -5.0765255358814326e-11,
  "parameter_norm": 34.12926359663981,
  "lambda_max_10": -15.499368667602539,
  "hessian_trace_10": 366.38075256347656,
  "fim_trace": 2403.754080925137,
  "step_count": 55,
  "timestamp": 1765443142.364803,
  "episode_reward": -10.108922004699707,
  "num_steps": 1835008,
  "feature_compute_time_s": 5.56640100479126,
  "train_iter_time_s": 3.8550820350646973,
  "init_seed": 204,
  "train_seed": 200,
  "best_reward_so_far": 832.5236588122448
}