{
  "sharpness": 1.323784682442078,
  "gradient_smoothness": 0.060144861434917755,
  "loss_mean": 0.0,
  "loss_std": 0.0,
  "loss_trend": -7.358440715251723e-10,
  "parameter_norm": 32.847624092473005,
  "lambda_max_10": -38.571937561035156,
  "hessian_trace_10": 501.37835388183595,
  "fim_trace": 1775.3507136702538,
  "step_count": 6,
  "timestamp": 1765439134.0586786,
  "episode_reward": 157.12425231933594,
  "num_steps": 229376,
  "feature_compute_time_s": 5.452032804489136,
  "train_iter_time_s": 3.9528660774230957,
  "init_seed": 200,
  "train_seed": 207,
  "best_reward_so_far": 98.94860467438582
}