{
  "sharpness": 3.1349479447124096,
  "gradient_smoothness": 0.18486771119281897,
  "loss_mean": 0.0,
  "loss_std": 0.0,
  "loss_trend": 5.900001722986513e-10,
  "parameter_norm": 43.91380615187738,
  "lambda_max_10": 64.49978637695312,
  "hessian_trace_10": 493.3648712158203,
  "fim_trace": 6255.408820509911,
  "step_count": 5,
  "timestamp": 1764178610.5206053,
  "episode_reward": 1045.9835205078125,
  "num_steps": 196608,
  "feature_compute_time_s": 6.001375198364258,
  "train_iter_time_s": 3.4990787506103516,
  "init_seed": 207,
  "train_seed": 200,
  "best_reward_so_far": -Infinity
}