{
  "sharpness": 2.2348662416714635,
  "gradient_smoothness": 0.2677505796551129,
  "loss_mean": 0.0,
  "loss_std": 0.0,
  "loss_trend": -7.4442774266513005e-09,
  "parameter_norm": 29.923818422641574,
  "lambda_max_10": -68.82026672363281,
  "hessian_trace_10": 34.81333236694336,
  "fim_trace": 5804.09854221344,
  "step_count": 3,
  "timestamp": 1764169660.7837095,
  "episode_reward": 1236.3265380859375,
  "num_steps": 131072,
  "feature_compute_time_s": 6.086329936981201,
  "train_iter_time_s": 5.571980237960815,
  "init_seed": 200,
  "train_seed": 200,
  "best_reward_so_far": -Infinity
}