{
  "sharpness": 1.1979500427702918,
  "gradient_smoothness": 0.044702808600140524,
  "loss_mean": 0.0,
  "loss_std": 0.0,
  "loss_trend": -5.507307867043674e-10,
  "parameter_norm": 33.29762441465031,
  "lambda_max_10": -30.56488609313965,
  "hessian_trace_10": 638.8215454101562,
  "fim_trace": 3947.5029821284115,
  "step_count": 9,
  "timestamp": 1765440815.8753495,
  "episode_reward": 59.211387634277344,
  "num_steps": 327680,
  "feature_compute_time_s": 5.524816513061523,
  "train_iter_time_s": 3.890894651412964,
  "init_seed": 200,
  "train_seed": 202,
  "best_reward_so_far": 167.73010560721403
}