{
  "sharpness": 2.260119412530926,
  "gradient_smoothness": 0.0010852042334247014,
  "loss_mean": 0.0,
  "loss_std": 0.0,
  "loss_trend": -5.296199906432129e-12,
  "parameter_norm": 27.37028148171483,
  "lambda_max_10": -25.55349349975586,
  "hessian_trace_10": 50.3272518157959,
  "fim_trace": 1176.0535012632608,
  "step_count": 137,
  "timestamp": 1763779475.784352,
  "num_steps": 4521984,
  "feature_compute_time_s": 7.048569679260254,
  "train_iter_time_s": 9.810104370117188,
  "init_seed": 202,
  "train_seed": 200,
  "best_reward_so_far": 1117.3228100185925
}