{
  "sharpness": 1.7055293904563795,
  "gradient_smoothness": 0.0005341644486269817,
  "loss_mean": 0.0,
  "loss_std": 0.0,
  "loss_trend": 1.8456298747908843e-11,
  "parameter_norm": 27.842750718710747,
  "lambda_max_10": -17.999649047851562,
  "hessian_trace_10": 151.28542861938476,
  "fim_trace": 2094.175558529794,
  "step_count": 147,
  "timestamp": 1763774380.4215684,
  "num_steps": 4849664,
  "feature_compute_time_s": 5.06211519241333,
  "train_iter_time_s": 10.697156190872192,
  "init_seed": 200,
  "train_seed": 201,
  "best_reward_so_far": 1301.5010224105213
}