{
  "sharpness": 1.165603175194171,
  "gradient_smoothness": 0.017787792047534987,
  "loss_mean": 0.0,
  "loss_std": 0.0,
  "loss_trend": 2.5578442763988584e-09,
  "parameter_norm": 33.230091121427094,
  "lambda_max_10": -31.07457733154297,
  "hessian_trace_10": 619.8862030029297,
  "fim_trace": 3581.432345367968,
  "step_count": 7,
  "timestamp": 1765440796.6002285,
  "episode_reward": 504.36566162109375,
  "num_steps": 262144,
  "feature_compute_time_s": 5.409125804901123,
  "train_iter_time_s": 3.9008266925811768,
  "init_seed": 200,
  "train_seed": 202,
  "best_reward_so_far": 127.96106689703784
}