{
  "sharpness": 1.4869870819612636,
  "gradient_smoothness": 0.07428421934090608,
  "loss_mean": 0.0,
  "loss_std": 0.0,
  "loss_trend": -8.321320602578206e-12,
  "parameter_norm": 25.741700211176124,
  "lambda_max_10": 10.496033668518066,
  "hessian_trace_10": 106.40811367034912,
  "fim_trace": 370.64310951530933,
  "step_count": 80,
  "timestamp": 1763780220.0618615,
  "num_steps": 2654208,
  "feature_compute_time_s": 8.744960308074951,
  "train_iter_time_s": 13.033159494400024,
  "init_seed": 204,
  "train_seed": 200,
  "best_reward_so_far": 941.0952177658419
}