{
  "sharpness": 0.20975961321436362,
  "gradient_smoothness": 0.0009539476163237687,
  "loss_mean": 0.0,
  "loss_std": 0.0,
  "loss_trend": 8.12316869984904e-09,
  "parameter_norm": 20.166430608222942,
  "lambda_max_10": 0.6928694248199463,
  "hessian_trace_10": 4.250607132911682,
  "fim_trace": 27.57205788977444,
  "step_count": 3,
  "timestamp": 1763758972.4171715,
  "episode_reward": 13.541398798691093,
  "num_steps": 131072,
  "feature_compute_time_s": 10.651572227478027,
  "train_iter_time_s": 15.83727765083313,
  "init_seed": 200,
  "train_seed": 204,
  "best_reward_so_far": 13.541398798691093
}