{
  "sharpness": 1.309125394410941,
  "gradient_smoothness": 0.006812690749135037,
  "loss_mean": 0.0,
  "loss_std": 0.0,
  "loss_trend": -3.949258772164168e-11,
  "parameter_norm": 31.07794325434225,
  "lambda_max_10": -24.057170867919922,
  "hessian_trace_10": 312.2142593383789,
  "fim_trace": 1073.5494216680527,
  "step_count": 159,
  "timestamp": 1763762703.9706938,
  "episode_reward": 1546.561955572036,
  "num_steps": 5242880,
  "feature_compute_time_s": 8.641127824783325,
  "train_iter_time_s": 16.1545147895813,
  "init_seed": 200,
  "train_seed": 203,
  "best_reward_so_far": 1755.9926325268689
}