{
  "sharpness": 1.2842774227640812,
  "gradient_smoothness": 0.005854999594308299,
  "loss_mean": 0.0,
  "loss_std": 0.0,
  "loss_trend": -1.6499547219335646e-11,
  "parameter_norm": 32.201712024588,
  "lambda_max_10": -21.130638122558594,
  "hessian_trace_10": 321.6477279663086,
  "fim_trace": 1670.7882123738527,
  "step_count": 214,
  "timestamp": 1763764456.4855347,
  "episode_reward": 1267.4487421765489,
  "num_steps": 7045120,
  "feature_compute_time_s": 9.648073434829712,
  "train_iter_time_s": 19.54986333847046,
  "init_seed": 200,
  "train_seed": 205,
  "best_reward_so_far": 1498.4441151599328
}