{
  "sharpness": 1.2155342923514936,
  "gradient_smoothness": 0.2501314490844001,
  "loss_mean": 0.0,
  "loss_std": 0.0,
  "loss_trend": -4.7706804610854794e-11,
  "parameter_norm": 34.24622424933518,
  "lambda_max_10": -30.844202041625977,
  "hessian_trace_10": 631.509521484375,
  "fim_trace": 2424.9070794656873,
  "step_count": 56,
  "timestamp": 1765441956.6085536,
  "episode_reward": -3.7325098514556885,
  "num_steps": 1867776,
  "feature_compute_time_s": 5.56747841835022,
  "train_iter_time_s": 3.9490509033203125,
  "init_seed": 204,
  "train_seed": 200,
  "best_reward_so_far": 782.3513870774617
}