{
  "sharpness": 1.1126714916136833,
  "gradient_smoothness": 0.03909045493408363,
  "loss_mean": 0.0,
  "loss_std": 0.0,
  "loss_trend": -4.792347249968766e-10,
  "parameter_norm": 33.858373107971204,
  "lambda_max_10": -26.007349014282227,
  "hessian_trace_10": 180.52648315429687,
  "fim_trace": 1686.5260637179017,
  "step_count": 12,
  "timestamp": 1765439600.6455457,
  "episode_reward": 147.15907287597656,
  "num_steps": 425984,
  "feature_compute_time_s": 5.6200852394104,
  "train_iter_time_s": 3.963270425796509,
  "init_seed": 200,
  "train_seed": 200,
  "best_reward_so_far": 200.01553761437683
}