{
  "sharpness": 1.2794474770593844,
  "gradient_smoothness": 0.06327000539827327,
  "loss_mean": 0.0,
  "loss_std": 0.0,
  "loss_trend": -1.4237865585062085e-10,
  "parameter_norm": 33.61165858564438,
  "lambda_max_10": -15.972471237182617,
  "hessian_trace_10": 215.82547149658203,
  "fim_trace": 1516.2801999673247,
  "step_count": 24,
  "timestamp": 1765445022.5249846,
  "episode_reward": 116.75981903076172,
  "num_steps": 819200,
  "feature_compute_time_s": 5.375487804412842,
  "train_iter_time_s": 4.516299486160278,
  "init_seed": 205,
  "train_seed": 200,
  "best_reward_so_far": 311.53615746359435
}