{
  "sharpness": 1.159979903107927,
  "gradient_smoothness": 0.27395585042982856,
  "loss_mean": 0.0,
  "loss_std": 0.0,
  "loss_trend": 5.4900554664407755e-11,
  "parameter_norm": 32.621082193172334,
  "lambda_max_10": -37.587501525878906,
  "hessian_trace_10": 598.6934982299805,
  "fim_trace": 3673.4557174928486,
  "step_count": 297,
  "timestamp": 1763774771.725879,
  "episode_reward": 2226.269958708766,
  "num_steps": 9764864,
  "feature_compute_time_s": 10.141600847244263,
  "train_iter_time_s": 19.415117263793945,
  "init_seed": 206,
  "train_seed": 200,
  "best_reward_so_far": 2507.548403383806
}