{
  "sharpness": 3.781060576800302,
  "gradient_smoothness": 0.10110035723236481,
  "loss_mean": 0.0,
  "loss_std": 0.0,
  "loss_trend": -4.372581867790329e-09,
  "parameter_norm": 52.154371207191936,
  "lambda_max_10": -81.5100326538086,
  "hessian_trace_10": 436.467041015625,
  "fim_trace": 26841.15337586403,
  "step_count": 5,
  "timestamp": 1766081042.2253373,
  "episode_reward": -117.64894104003906,
  "num_steps": 196608,
  "feature_compute_time_s": 5.557522296905518,
  "train_iter_time_s": 4.10535192489624,
  "init_seed": 203,
  "train_seed": 200,
  "best_reward_so_far": -Infinity
}