{
  "sharpness": 1.3950081322343029,
  "gradient_smoothness": 0.07194008921283399,
  "loss_mean": 0.0,
  "loss_std": 0.0,
  "loss_trend": -4.306373674635661e-11,
  "parameter_norm": 26.867642679747863,
  "lambda_max_10": -10.671341896057129,
  "hessian_trace_10": 80.71953315734864,
  "fim_trace": 662.4878876060247,
  "step_count": 112,
  "timestamp": 1763781134.0973,
  "num_steps": 3702784,
  "feature_compute_time_s": 4.5057713985443115,
  "train_iter_time_s": 7.623149633407593,
  "init_seed": 206,
  "train_seed": 200,
  "best_reward_so_far": 954.7101647350282
}