{
  "sharpness": 1.3163006366050467,
  "gradient_smoothness": 0.02626425572492404,
  "loss_mean": 0.0,
  "loss_std": 0.0,
  "loss_trend": -7.933879223144194e-13,
  "parameter_norm": 32.523820685348895,
  "lambda_max_10": -24.50284194946289,
  "hessian_trace_10": 301.0185821533203,
  "fim_trace": 1883.783372681588,
  "step_count": 273,
  "timestamp": 1763765299.1789978,
  "episode_reward": 2056.7471312321927,
  "num_steps": 8978432,
  "feature_compute_time_s": 9.96237564086914,
  "train_iter_time_s": 15.70794153213501,
  "init_seed": 200,
  "train_seed": 203,
  "best_reward_so_far": 2246.502645363276
}