{
  "sharpness": 1.119795072979431,
  "gradient_smoothness": 0.053784737163978434,
  "loss_mean": 0.0,
  "loss_std": 0.0,
  "loss_trend": -1.76985030784209e-11,
  "parameter_norm": 25.383828391552754,
  "lambda_max_10": 2.2103700637817383,
  "hessian_trace_10": 58.80007705688477,
  "fim_trace": 115.6687515117228,
  "step_count": 44,
  "timestamp": 1763759989.341793,
  "episode_reward": 589.6181739380141,
  "num_steps": 1474560,
  "feature_compute_time_s": 6.13453221321106,
  "train_iter_time_s": 18.37420916557312,
  "init_seed": 200,
  "train_seed": 205,
  "best_reward_so_far": 611.4939653261096
}