{
  "sharpness": 1.4662678062888201,
  "gradient_smoothness": 0.08470855589908434,
  "loss_mean": 0.0,
  "loss_std": 0.0,
  "loss_trend": -1.3802074211435452e-10,
  "parameter_norm": 33.81401221508118,
  "lambda_max_10": -37.154964447021484,
  "hessian_trace_10": 646.5498718261719,
  "fim_trace": 2199.7338878959417,
  "step_count": 19,
  "timestamp": 1765442611.681861,
  "episode_reward": -16.676504135131836,
  "num_steps": 655360,
  "feature_compute_time_s": 5.589031934738159,
  "train_iter_time_s": 3.9707930088043213,
  "init_seed": 202,
  "train_seed": 200,
  "best_reward_so_far": 153.34167169347717
}