{
  "sharpness": 1.645357974268965,
  "gradient_smoothness": 0.020150382484538626,
  "loss_mean": 0.0,
  "loss_std": 0.0,
  "loss_trend": -2.129508451461545e-11,
  "parameter_norm": 28.01182011561842,
  "lambda_max_10": -31.729093551635742,
  "hessian_trace_10": 263.97355194091796,
  "fim_trace": 2485.164753422141,
  "step_count": 133,
  "timestamp": 1763773713.3922012,
  "num_steps": 4390912,
  "feature_compute_time_s": 4.532188177108765,
  "train_iter_time_s": 7.824963569641113,
  "init_seed": 200,
  "train_seed": 202,
  "best_reward_so_far": 1002.6145604640119
}