{
  "sharpness": 1.6461146571236263,
  "gradient_smoothness": 0.189826397189536,
  "loss_mean": 0.0,
  "loss_std": 0.0,
  "loss_trend": 1.1928991009798564e-09,
  "parameter_norm": 29.90884568006719,
  "lambda_max_10": -32.82117462158203,
  "hessian_trace_10": 307.66406478881834,
  "fim_trace": 4051.2591435313225,
  "step_count": 9,
  "timestamp": 1764169317.0255497,
  "episode_reward": 1700.29638671875,
  "num_steps": 327680,
  "feature_compute_time_s": 5.0316691398620605,
  "train_iter_time_s": 3.063727617263794,
  "init_seed": 200,
  "train_seed": 203,
  "best_reward_so_far": -Infinity
}