{
  "sharpness": 2.288226592767085,
  "gradient_smoothness": 0.28581614785759496,
  "loss_mean": 0.0,
  "loss_std": 0.0,
  "loss_trend": 4.627793292648641e-10,
  "parameter_norm": 102.40014489219853,
  "lambda_max_10": 16.83160400390625,
  "hessian_trace_10": -13.12330150604248,
  "fim_trace": 4490.85470222123,
  "step_count": 11,
  "timestamp": 1765469510.1248765,
  "episode_reward": 2.8855953216552734,
  "num_steps": 393216,
  "feature_compute_time_s": 5.719023704528809,
  "train_iter_time_s": 4.129870414733887,
  "init_seed": 200,
  "train_seed": 201,
  "best_reward_so_far": -4.141667853612725
}