{
  "sharpness": 2.8730998678541133,
  "gradient_smoothness": 0.0674072795703287,
  "loss_mean": 0.0,
  "loss_std": 0.0,
  "loss_trend": -1.944182205112153e-12,
  "parameter_norm": 28.934675028149343,
  "lambda_max_10": -40.22410583496094,
  "hessian_trace_10": 338.42517166137696,
  "fim_trace": 3478.1433199048042,
  "step_count": 208,
  "timestamp": 1763785434.3904374,
  "num_steps": 6848512,
  "feature_compute_time_s": 8.75648808479309,
  "train_iter_time_s": 13.013618230819702,
  "init_seed": 207,
  "train_seed": 200,
  "best_reward_so_far": 1434.58736092986
}