{
  "sharpness": 1.3606584106195359,
  "gradient_smoothness": 0.3857482512370989,
  "loss_mean": 0.0,
  "loss_std": 0.0,
  "loss_trend": -4.4217210369771916e-10,
  "parameter_norm": 101.7687333636411,
  "lambda_max_10": -6.827558994293213,
  "hessian_trace_10": -83.549387550354,
  "fim_trace": 1469.874601379037,
  "step_count": 12,
  "timestamp": 1764177644.3523436,
  "episode_reward": -472.5634765625,
  "num_steps": 425984,
  "feature_compute_time_s": 4.888684272766113,
  "train_iter_time_s": 2.8669519424438477,
  "init_seed": 200,
  "train_seed": 200,
  "best_reward_so_far": -Infinity
}