{
  "sharpness": 1.9761430861341813,
  "gradient_smoothness": 0.47644949758015276,
  "loss_mean": 0.0,
  "loss_std": 0.0,
  "loss_trend": 1.1292447438182764e-09,
  "parameter_norm": 29.263255827919593,
  "lambda_max_10": -28.163915634155273,
  "hessian_trace_10": 12.248685455322265,
  "fim_trace": 1937.1660200953484,
  "step_count": 13,
  "timestamp": 1764158154.4389658,
  "episode_reward": 4139.89208984375,
  "num_steps": 458752,
  "feature_compute_time_s": 5.080819368362427,
  "train_iter_time_s": 2.8452539443969727,
  "init_seed": 204,
  "train_seed": 200,
  "best_reward_so_far": -Infinity
}