{
  "sharpness": 2.0996352218778167,
  "gradient_smoothness": 0.21759847797027296,
  "loss_mean": 0.0,
  "loss_std": 0.0,
  "loss_trend": 6.552552224505916e-11,
  "parameter_norm": 28.997789968272293,
  "lambda_max_10": -46.01400375366211,
  "hessian_trace_10": 258.13271713256836,
  "fim_trace": 2585.22126019001,
  "step_count": 287,
  "timestamp": 1763783799.2045426,
  "num_steps": 9437184,
  "feature_compute_time_s": 7.583662271499634,
  "train_iter_time_s": 11.727062702178955,
  "init_seed": 203,
  "train_seed": 200,
  "best_reward_so_far": 1429.3840557746269
}