{
  "sharpness": 1.5814855198087348,
  "gradient_smoothness": 0.06132357569570146,
  "loss_mean": 0.0,
  "loss_std": 0.0,
  "loss_trend": -2.020801488038829e-09,
  "parameter_norm": 29.56776663668329,
  "lambda_max_10": -10.545933723449707,
  "hessian_trace_10": 103.98981857299805,
  "fim_trace": 2290.119088113308,
  "step_count": 6,
  "timestamp": 1764153599.3780856,
  "episode_reward": 3155.878662109375,
  "num_steps": 229376,
  "feature_compute_time_s": 9.911951303482056,
  "train_iter_time_s": 3.17838716506958,
  "init_seed": 200,
  "train_seed": 207,
  "best_reward_so_far": -Infinity
}