{
  "sharpness": 1.8320951613089,
  "gradient_smoothness": 0.19340815393096714,
  "loss_mean": 0.0,
  "loss_std": 0.0,
  "loss_trend": 1.0563817476601644e-08,
  "parameter_norm": 31.55384956394053,
  "lambda_max_10": 71.515869140625,
  "hessian_trace_10": 439.352555847168,
  "fim_trace": 8794.62863047421,
  "step_count": 3,
  "timestamp": 1764177440.7900887,
  "episode_reward": 1328.62841796875,
  "num_steps": 131072,
  "feature_compute_time_s": 7.749342203140259,
  "train_iter_time_s": 5.378848314285278,
  "init_seed": 200,
  "train_seed": 201,
  "best_reward_so_far": -Infinity
}