{
  "sharpness": 1.4435882480228623,
  "gradient_smoothness": 0.11365423021970238,
  "loss_mean": 0.0,
  "loss_std": 0.0,
  "loss_trend": -8.799692467436363e-12,
  "parameter_norm": 25.62063521831449,
  "lambda_max_10": 12.056816101074219,
  "hessian_trace_10": 89.69321422576904,
  "fim_trace": 603.9999039918184,
  "step_count": 79,
  "timestamp": 1763780838.9780896,
  "num_steps": 2621440,
  "feature_compute_time_s": 7.544132232666016,
  "train_iter_time_s": 13.1315598487854,
  "init_seed": 205,
  "train_seed": 200,
  "best_reward_so_far": 1010.056919577341
}