{
  "sharpness": 1.6882610764911912,
  "gradient_smoothness": 0.08753485067459621,
  "loss_mean": 0.0,
  "loss_std": 0.0,
  "loss_trend": -7.778594112969238e-09,
  "parameter_norm": 30.168809497322474,
  "lambda_max_10": -22.853797912597656,
  "hessian_trace_10": 153.97003898620605,
  "fim_trace": 4910.261394530535,
  "step_count": 3,
  "timestamp": 1764154189.7788908,
  "episode_reward": 3670.417724609375,
  "num_steps": 131072,
  "feature_compute_time_s": 5.105389833450317,
  "train_iter_time_s": 4.543447971343994,
  "init_seed": 200,
  "train_seed": 200,
  "best_reward_so_far": -Infinity
}