{
  "sharpness": 1.2188397904765753,
  "gradient_smoothness": 0.03462377387834788,
  "loss_mean": 0.0,
  "loss_std": 0.0,
  "loss_trend": -5.3575882059625995e-11,
  "parameter_norm": 31.967969098987346,
  "lambda_max_10": -20.762910842895508,
  "hessian_trace_10": 275.70093994140626,
  "fim_trace": 1193.0708931200206,
  "step_count": 182,
  "timestamp": 1763762709.9009671,
  "episode_reward": 1384.5958251092823,
  "num_steps": 5996544,
  "feature_compute_time_s": 6.127709627151489,
  "train_iter_time_s": 17.28712749481201,
  "init_seed": 200,
  "train_seed": 200,
  "best_reward_so_far": 1541.0695824493835
}