{
  "sharpness": 2.482102207778298,
  "gradient_smoothness": 0.7615941559557649,
  "loss_mean": 0.0,
  "loss_std": 0.0,
  "loss_trend": -3.3424424483422413e-10,
  "parameter_norm": 43.812210436750355,
  "lambda_max_10": 40.45686340332031,
  "hessian_trace_10": 196.3915988922119,
  "fim_trace": 3762.0773020386696,
  "step_count": 15,
  "timestamp": 1764177823.480035,
  "episode_reward": 2501.059326171875,
  "num_steps": 524288,
  "feature_compute_time_s": 7.919890880584717,
  "train_iter_time_s": 3.433255910873413,
  "init_seed": 200,
  "train_seed": 207,
  "best_reward_so_far": 1755.8641393953365
}