{
  "sharpness": 2.1080932137720274,
  "gradient_smoothness": 0.7615941559557649,
  "loss_mean": 0.0,
  "loss_std": 0.0,
  "loss_trend": 1.3059146450363062e-09,
  "parameter_norm": 29.09981967743663,
  "lambda_max_10": -43.36015701293945,
  "hessian_trace_10": 311.21050491333006,
  "fim_trace": 4519.164660841227,
  "step_count": 15,
  "timestamp": 1764168133.0219302,
  "episode_reward": 1187.01708984375,
  "num_steps": 524288,
  "feature_compute_time_s": 7.112091541290283,
  "train_iter_time_s": 4.997690439224243,
  "init_seed": 202,
  "train_seed": 200,
  "best_reward_so_far": 1050.14701940308
}