{
  "sharpness": 2.143712477294628,
  "gradient_smoothness": 0.04901129640650475,
  "loss_mean": 0.0,
  "loss_std": 0.0,
  "loss_trend": 5.871762873743355e-11,
  "parameter_norm": 28.98709210599366,
  "lambda_max_10": 17.258092880249023,
  "hessian_trace_10": 5.649824905395508,
  "fim_trace": 2294.3051684498787,
  "step_count": 228,
  "timestamp": 1763779529.3574944,
  "num_steps": 7503872,
  "feature_compute_time_s": 5.438222885131836,
  "train_iter_time_s": 12.678252458572388,
  "init_seed": 200,
  "train_seed": 207,
  "best_reward_so_far": 1679.3155861687646
}