{
  "sharpness": 1.7746438528911153,
  "gradient_smoothness": 0.07722428309731925,
  "loss_mean": 0.0,
  "loss_std": 0.0,
  "loss_trend": -5.521682938949404e-11,
  "parameter_norm": 28.95656734644683,
  "lambda_max_10": -39.591285705566406,
  "hessian_trace_10": 212.92627296447753,
  "fim_trace": 4314.659139096737,
  "step_count": 228,
  "timestamp": 1763775730.8110948,
  "num_steps": 7503872,
  "feature_compute_time_s": 5.359109163284302,
  "train_iter_time_s": 11.33947467803955,
  "init_seed": 200,
  "train_seed": 201,
  "best_reward_so_far": 1475.7750784215327
}