{
  "sharpness": 1.3998426698349755,
  "gradient_smoothness": 0.05819755195763995,
  "loss_mean": 0.0,
  "loss_std": 0.0,
  "loss_trend": -4.717118509881267e-10,
  "parameter_norm": 33.81051558096102,
  "lambda_max_10": -20.563690185546875,
  "hessian_trace_10": 474.1985748291016,
  "fim_trace": 1606.87829169631,
  "step_count": 23,
  "timestamp": 1765443431.9465263,
  "episode_reward": -34.612606048583984,
  "num_steps": 786432,
  "feature_compute_time_s": 5.51240611076355,
  "train_iter_time_s": 3.6780993938446045,
  "init_seed": 204,
  "train_seed": 200,
  "best_reward_so_far": 591.3436630775332
}