{
  "sharpness": 2.109201951965713,
  "gradient_smoothness": 0.11930610761261115,
  "loss_mean": 0.0,
  "loss_std": 0.0,
  "loss_trend": 5.0136220573714925e-09,
  "parameter_norm": 29.16295255024695,
  "lambda_max_10": -24.55063247680664,
  "hessian_trace_10": 10.49250602722168,
  "fim_trace": 2064.323989659548,
  "step_count": 5,
  "timestamp": 1764158457.3200963,
  "episode_reward": 3862.31494140625,
  "num_steps": 196608,
  "feature_compute_time_s": 5.068970680236816,
  "train_iter_time_s": 2.836815118789673,
  "init_seed": 204,
  "train_seed": 200,
  "best_reward_so_far": -Infinity
}