{
  "sharpness": 1.3492141483327613,
  "gradient_smoothness": 0.08384720877844536,
  "loss_mean": 0.0,
  "loss_std": 0.0,
  "loss_trend": -1.0829621467177662e-11,
  "parameter_norm": 34.02766233469934,
  "lambda_max_10": -15.081652641296387,
  "hessian_trace_10": 347.8879928588867,
  "fim_trace": 1568.0170389972627,
  "step_count": 36,
  "timestamp": 1765442959.6046436,
  "episode_reward": -75.68326568603516,
  "num_steps": 1212416,
  "feature_compute_time_s": 5.574595928192139,
  "train_iter_time_s": 3.600433111190796,
  "init_seed": 204,
  "train_seed": 200,
  "best_reward_so_far": 832.5236588122448
}