{
  "sharpness": 1.833404137358708,
  "gradient_smoothness": 0.12056781322424154,
  "loss_mean": 0.0,
  "loss_std": 0.0,
  "loss_trend": -6.509231529428994e-09,
  "parameter_norm": 29.237528006445682,
  "lambda_max_10": 12.76206111907959,
  "hessian_trace_10": 85.68166427612304,
  "fim_trace": 4907.107727855444,
  "step_count": 3,
  "timestamp": 1764166811.5773318,
  "episode_reward": 1557.25390625,
  "num_steps": 131072,
  "feature_compute_time_s": 8.191738367080688,
  "train_iter_time_s": 3.3475751876831055,
  "init_seed": 200,
  "train_seed": 201,
  "best_reward_so_far": -Infinity
}