{
  "sharpness": 1.218952315324471,
  "gradient_smoothness": 0.10023103942648945,
  "loss_mean": 0.0,
  "loss_std": 0.0,
  "loss_trend": 6.818174048842632e-12,
  "parameter_norm": 34.00663737984113,
  "lambda_max_10": 22.62677764892578,
  "hessian_trace_10": 570.9537216186524,
  "fim_trace": 2370.821117658168,
  "step_count": 44,
  "timestamp": 1765440776.7406821,
  "episode_reward": 701.5449829101562,
  "num_steps": 1474560,
  "feature_compute_time_s": 10.807541847229004,
  "train_iter_time_s": 3.889073610305786,
  "init_seed": 200,
  "train_seed": 200,
  "best_reward_so_far": 766.2326117149235
}