{
  "sharpness": 2.170723943704645,
  "gradient_smoothness": 0.19959516901597027,
  "loss_mean": 0.0,
  "loss_std": 0.0,
  "loss_trend": 1.6569963043447343e-09,
  "parameter_norm": 29.472509997215447,
  "lambda_max_10": 23.56562042236328,
  "hessian_trace_10": 187.28393325805663,
  "fim_trace": 3700.7622481286526,
  "step_count": 6,
  "timestamp": 1764168450.8224256,
  "episode_reward": 1688.9267578125,
  "num_steps": 229376,
  "feature_compute_time_s": 5.625160217285156,
  "train_iter_time_s": 2.991631031036377,
  "init_seed": 207,
  "train_seed": 200,
  "best_reward_so_far": -Infinity
}