{
  "sharpness": 1.3981037586950893,
  "gradient_smoothness": 0.01137150740293696,
  "loss_mean": 0.0,
  "loss_std": 0.0,
  "loss_trend": -1.9790314807656031e-10,
  "parameter_norm": 33.877516152925175,
  "lambda_max_10": -10.18432903289795,
  "hessian_trace_10": 468.14915466308594,
  "fim_trace": 2175.3626022040844,
  "step_count": 28,
  "timestamp": 1765440311.7521932,
  "episode_reward": -7.135336399078369,
  "num_steps": 950272,
  "feature_compute_time_s": 5.546274662017822,
  "train_iter_time_s": 3.9518649578094482,
  "init_seed": 200,
  "train_seed": 203,
  "best_reward_so_far": 722.1659966523249
}