{
  "sharpness": 0.27753342836314887,
  "gradient_smoothness": 0.30160041918514113,
  "loss_mean": 0.0,
  "loss_std": 0.0,
  "loss_trend": -6.698625720792017e-10,
  "parameter_norm": 20.844118970835595,
  "lambda_max_10": -1.050850510597229,
  "hessian_trace_10": -8.13595906496048,
  "fim_trace": 38.225500805303454,
  "step_count": 15,
  "timestamp": 1763768383.898221,
  "episode_reward": -276.72799896488107,
  "num_steps": 524288,
  "feature_compute_time_s": 4.885129928588867,
  "train_iter_time_s": 7.798540830612183,
  "init_seed": 200,
  "train_seed": 200,
  "best_reward_so_far": -276.72799896488107
}