{
  "sharpness": 1.1941353677243574,
  "gradient_smoothness": 0.7615941559557649,
  "loss_mean": 0.0,
  "loss_std": 0.0,
  "loss_trend": 6.354141297529222e-11,
  "parameter_norm": 34.26544155393485,
  "lambda_max_10": -37.16735076904297,
  "hessian_trace_10": 600.9366821289062,
  "fim_trace": 3140.7195100337267,
  "step_count": 61,
  "timestamp": 1765443474.608436,
  "episode_reward": -6.326024055480957,
  "num_steps": 2031616,
  "feature_compute_time_s": 6.195833683013916,
  "train_iter_time_s": 5.001756429672241,
  "init_seed": 206,
  "train_seed": 200,
  "best_reward_so_far": 1156.0408464772888
}