{
  "sharpness": 1.2958668827681286,
  "gradient_smoothness": 0.028497839191008432,
  "loss_mean": 0.0,
  "loss_std": 0.0,
  "loss_trend": -2.3174733900051584e-11,
  "parameter_norm": 24.987197701391977,
  "lambda_max_10": -6.394975185394287,
  "hessian_trace_10": 22.868002700805665,
  "fim_trace": 309.3933282978833,
  "step_count": 65,
  "timestamp": 1763769011.3949673,
  "num_steps": 2162688,
  "feature_compute_time_s": 4.455244302749634,
  "train_iter_time_s": 8.447707653045654,
  "init_seed": 200,
  "train_seed": 200,
  "best_reward_so_far": 580.8416296774407
}