{
  "sharpness": 1.4900762000976948,
  "gradient_smoothness": 0.002837367266106961,
  "loss_mean": 0.0,
  "loss_std": 0.0,
  "loss_trend": 4.958603218408253e-12,
  "parameter_norm": 29.031323559937135,
  "lambda_max_10": -15.83012866973877,
  "hessian_trace_10": 215.46941986083985,
  "fim_trace": 2734.9081684201956,
  "step_count": 183,
  "timestamp": 1763778476.5217638,
  "num_steps": 6029312,
  "feature_compute_time_s": 7.919094800949097,
  "train_iter_time_s": 12.434349060058594,
  "init_seed": 200,
  "train_seed": 206,
  "best_reward_so_far": 1100.6991600558704
}