{
  "sharpness": 1.1689914770551166,
  "gradient_smoothness": 0.18509556105158712,
  "loss_mean": 0.0,
  "loss_std": 0.0,
  "loss_trend": -4.464646310253412e-11,
  "parameter_norm": 32.57090171524946,
  "lambda_max_10": -29.804126739501953,
  "hessian_trace_10": 715.435009765625,
  "fim_trace": 2809.2337778024375,
  "step_count": 299,
  "timestamp": 1763772978.876441,
  "episode_reward": 2506.1108395862843,
  "num_steps": 9830400,
  "feature_compute_time_s": 7.750751256942749,
  "train_iter_time_s": 17.07105827331543,
  "init_seed": 204,
  "train_seed": 200,
  "best_reward_so_far": 2623.2780433143894
}