{
  "sharpness": 1.2443685438385375,
  "gradient_smoothness": 0.33860751622779944,
  "loss_mean": 0.0,
  "loss_std": 0.0,
  "loss_trend": 1.824658951037062e-11,
  "parameter_norm": 34.14036865866343,
  "lambda_max_10": -36.16209030151367,
  "hessian_trace_10": 606.2535705566406,
  "fim_trace": 3574.4556096941233,
  "step_count": 57,
  "timestamp": 1765440475.9409685,
  "episode_reward": 975.8674926757812,
  "num_steps": 1900544,
  "feature_compute_time_s": 6.28106427192688,
  "train_iter_time_s": 5.031838893890381,
  "init_seed": 200,
  "train_seed": 201,
  "best_reward_so_far": 929.4445978943675
}