{
  "sharpness": 1.2795541430834745,
  "gradient_smoothness": 0.0501616437749331,
  "loss_mean": 0.0,
  "loss_std": 0.0,
  "loss_trend": -6.0924101182961676e-12,
  "parameter_norm": 31.043246653400796,
  "lambda_max_10": -17.184492111206055,
  "hessian_trace_10": 341.30655975341796,
  "fim_trace": 944.6138352863491,
  "step_count": 158,
  "timestamp": 1763770958.1036952,
  "episode_reward": 1505.441921010162,
  "num_steps": 5210112,
  "feature_compute_time_s": 10.715802669525146,
  "train_iter_time_s": 17.212241172790527,
  "init_seed": 205,
  "train_seed": 200,
  "best_reward_so_far": 1658.3194934058913
}