{
  "sharpness": 1.2012037702890224,
  "gradient_smoothness": 0.08605279679693371,
  "loss_mean": 0.0,
  "loss_std": 0.0,
  "loss_trend": 4.785283710957796e-11,
  "parameter_norm": 24.617603263142147,
  "lambda_max_10": 5.864968299865723,
  "hessian_trace_10": 59.983400440216066,
  "fim_trace": 207.45193212479353,
  "step_count": 59,
  "timestamp": 1763779825.1173146,
  "num_steps": 1966080,
  "feature_compute_time_s": 5.16818642616272,
  "train_iter_time_s": 10.128114461898804,
  "init_seed": 204,
  "train_seed": 200,
  "best_reward_so_far": 367.45302269182537
}