{
  "sharpness": 1.167008355806329,
  "gradient_smoothness": 0.025222544375177472,
  "loss_mean": 0.0,
  "loss_std": 0.0,
  "loss_trend": -1.8234583505219772e-11,
  "parameter_norm": 32.554293178943134,
  "lambda_max_10": -20.223188400268555,
  "hessian_trace_10": 590.0211975097657,
  "fim_trace": 2607.5489413440228,
  "step_count": 257,
  "timestamp": 1763765529.9924796,
  "episode_reward": 1851.7943182868817,
  "num_steps": 8454144,
  "feature_compute_time_s": 5.9235734939575195,
  "train_iter_time_s": 18.56637406349182,
  "init_seed": 200,
  "train_seed": 204,
  "best_reward_so_far": 1976.2303701410267
}