{
  "sharpness": 1.3196129665065572,
  "gradient_smoothness": 0.025040408616200986,
  "loss_mean": 0.0,
  "loss_std": 0.0,
  "loss_trend": -3.117342322085085e-11,
  "parameter_norm": 31.61016957383024,
  "lambda_max_10": -0.7264834642410278,
  "hessian_trace_10": 504.7134246826172,
  "fim_trace": 1329.6414200179279,
  "step_count": 198,
  "timestamp": 1763772936.340889,
  "episode_reward": 1741.6448706264011,
  "num_steps": 6520832,
  "feature_compute_time_s": 8.006837368011475,
  "train_iter_time_s": 18.545838832855225,
  "init_seed": 207,
  "train_seed": 200,
  "best_reward_so_far": 1741.6448706264011
}