{
  "sharpness": 1.422866895608877,
  "gradient_smoothness": 0.16047106444377054,
  "loss_mean": 0.0,
  "loss_std": 0.0,
  "loss_trend": -2.3338482028009576e-11,
  "parameter_norm": 34.1469890376714,
  "lambda_max_10": -16.161762237548828,
  "hessian_trace_10": 410.620361328125,
  "fim_trace": 2035.683257225901,
  "step_count": 50,
  "timestamp": 1765442495.332298,
  "episode_reward": 1.4767160415649414,
  "num_steps": 1671168,
  "feature_compute_time_s": 5.610706567764282,
  "train_iter_time_s": 4.245848655700684,
  "init_seed": 204,
  "train_seed": 200,
  "best_reward_so_far": 891.311114684619
}