{
  "sharpness": 1.4249710765125647,
  "gradient_smoothness": 0.0,
  "loss_mean": 0.0,
  "loss_std": 0.0,
  "loss_trend": 0.0,
  "parameter_norm": 29.232344622641214,
  "lambda_max_10": 21.38064193725586,
  "hessian_trace_10": 160.70490570068358,
  "fim_trace": 1160.600063920021,
  "step_count": 1,
  "timestamp": 1764160483.4164853,
  "episode_reward": 1607.646484375,
  "num_steps": 65536,
  "feature_compute_time_s": 5.1232826709747314,
  "train_iter_time_s": 2.9931535720825195,
  "init_seed": 206,
  "train_seed": 200,
  "best_reward_so_far": -Infinity
}