{
  "sharpness": 1.5211093030876557,
  "gradient_smoothness": 0.3165767550869284,
  "loss_mean": 0.0,
  "loss_std": 0.0,
  "loss_trend": 7.490258677880891e-11,
  "parameter_norm": 34.29224593158971,
  "lambda_max_10": -32.641563415527344,
  "hessian_trace_10": 464.10906677246095,
  "fim_trace": 2683.272862009704,
  "step_count": 57,
  "timestamp": 1765443568.4200103,
  "episode_reward": -5.667690277099609,
  "num_steps": 1900544,
  "feature_compute_time_s": 5.476246356964111,
  "train_iter_time_s": 3.68110728263855,
  "init_seed": 202,
  "train_seed": 200,
  "best_reward_so_far": 1066.352618970459
}