{
  "sharpness": 1.8665550859645124,
  "gradient_smoothness": 0.019030875225187083,
  "loss_mean": 0.0,
  "loss_std": 0.0,
  "loss_trend": -2.0325991286114564e-11,
  "parameter_norm": 28.09092566745802,
  "lambda_max_10": -31.41084098815918,
  "hessian_trace_10": 214.37103347778321,
  "fim_trace": 2034.9157674014568,
  "step_count": 148,
  "timestamp": 1763775835.0633712,
  "num_steps": 4882432,
  "feature_compute_time_s": 7.582386016845703,
  "train_iter_time_s": 12.869170188903809,
  "init_seed": 200,
  "train_seed": 204,
  "best_reward_so_far": 1079.4461959421221
}