{
  "sharpness": 2.1896580940059396,
  "gradient_smoothness": 0.0,
  "loss_mean": 0.0,
  "loss_std": 0.0,
  "loss_trend": 0.0,
  "parameter_norm": 31.226234480692334,
  "lambda_max_10": 71.5093994140625,
  "hessian_trace_10": 118.35644149780273,
  "fim_trace": 4619.761797249317,
  "step_count": 1,
  "timestamp": 1764178012.7259154,
  "episode_reward": 1504.05712890625,
  "num_steps": 65536,
  "feature_compute_time_s": 5.473289966583252,
  "train_iter_time_s": 2.694298028945923,
  "init_seed": 203,
  "train_seed": 200,
  "best_reward_so_far": -Infinity
}