{
  "sharpness": 17.36174844237103,
  "gradient_smoothness": 0.20298757003914927,
  "loss_mean": 0.0,
  "loss_std": 0.0,
  "loss_trend": -1.4745088669032896e-09,
  "parameter_norm": 101.8843838756405,
  "lambda_max_10": -756.1729125976562,
  "hessian_trace_10": -2210.8945861816405,
  "fim_trace": 13177466.20967865,
  "step_count": 9,
  "timestamp": 1764170309.4158006,
  "episode_reward": -458.37884521484375,
  "num_steps": 327680,
  "feature_compute_time_s": 5.057077407836914,
  "train_iter_time_s": 3.7298922538757324,
  "init_seed": 200,
  "train_seed": 203,
  "best_reward_so_far": -Infinity
}