{
  "sharpness": 2.014338501089477,
  "gradient_smoothness": 0.6076678518923375,
  "loss_mean": 0.0,
  "loss_std": 0.0,
  "loss_trend": 2.9497257638281226e-10,
  "parameter_norm": 29.551206914751287,
  "lambda_max_10": -62.02867889404297,
  "hessian_trace_10": 537.1302276611328,
  "fim_trace": 8323.655145712197,
  "step_count": 14,
  "timestamp": 1764166674.5917938,
  "episode_reward": 1210.4718017578125,
  "num_steps": 491520,
  "feature_compute_time_s": 5.158512115478516,
  "train_iter_time_s": 2.732440233230591,
  "init_seed": 200,
  "train_seed": 204,
  "best_reward_so_far": -Infinity
}