{
  "sharpness": 1.2252574589995382,
  "gradient_smoothness": 0.081960732567122,
  "loss_mean": 0.0,
  "loss_std": 0.0,
  "loss_trend": -1.9990548573238296e-10,
  "parameter_norm": 34.20271107345807,
  "lambda_max_10": -29.711517333984375,
  "hessian_trace_10": 519.3342468261719,
  "fim_trace": 2778.4990391656756,
  "step_count": 44,
  "timestamp": 1765443272.1492174,
  "episode_reward": -5.655148983001709,
  "num_steps": 1474560,
  "feature_compute_time_s": 6.157020807266235,
  "train_iter_time_s": 4.4542036056518555,
  "init_seed": 206,
  "train_seed": 200,
  "best_reward_so_far": 953.4479973801605
}