{
  "sharpness": 1.0440764614106364,
  "gradient_smoothness": 0.007308919190200052,
  "loss_mean": 0.0,
  "loss_std": 0.0,
  "loss_trend": 7.597382797090437e-11,
  "parameter_norm": 24.54528459408421,
  "lambda_max_10": 6.252355575561523,
  "hessian_trace_10": 66.89793968200684,
  "fim_trace": 196.5982484817505,
  "step_count": 58,
  "timestamp": 1763773721.8103573,
  "num_steps": 1933312,
  "feature_compute_time_s": 6.174806833267212,
  "train_iter_time_s": 11.661661624908447,
  "init_seed": 200,
  "train_seed": 203,
  "best_reward_so_far": 335.7600836426572
}