{
  "sharpness": 1.255116030517526,
  "gradient_smoothness": 0.0312816393271112,
  "loss_mean": 0.0,
  "loss_std": 0.0,
  "loss_trend": 3.333756383799381e-10,
  "parameter_norm": 34.00641870288091,
  "lambda_max_10": -46.11442947387695,
  "hessian_trace_10": 358.31879501342775,
  "fim_trace": 2222.0375161245465,
  "step_count": 27,
  "timestamp": 1765441812.328611,
  "episode_reward": -8.601841926574707,
  "num_steps": 917504,
  "feature_compute_time_s": 10.798081398010254,
  "train_iter_time_s": 3.9257242679595947,
  "init_seed": 200,
  "train_seed": 206,
  "best_reward_so_far": 647.0326236153265
}