{
  "sharpness": 1.1926193532426606,
  "gradient_smoothness": 0.12285787837161508,
  "loss_mean": 0.0,
  "loss_std": 0.0,
  "loss_trend": 3.0757719081441515e-11,
  "parameter_norm": 34.247558532212146,
  "lambda_max_10": -34.97429275512695,
  "hessian_trace_10": 729.729605102539,
  "fim_trace": 3387.2279205583036,
  "step_count": 49,
  "timestamp": 1765443331.020654,
  "episode_reward": -7.858960151672363,
  "num_steps": 1638400,
  "feature_compute_time_s": 6.412606477737427,
  "train_iter_time_s": 5.335620880126953,
  "init_seed": 206,
  "train_seed": 200,
  "best_reward_so_far": 984.6721680007629
}