{
  "sharpness": 1.7050959507288905,
  "gradient_smoothness": 0.11080288361735802,
  "loss_mean": 0.0,
  "loss_std": 0.0,
  "loss_trend": 1.6183269698152768e-09,
  "parameter_norm": 29.90177979227065,
  "lambda_max_10": -152.9440460205078,
  "hessian_trace_10": 1214.039776611328,
  "fim_trace": 16259.438182681799,
  "step_count": 5,
  "timestamp": 1764150678.6128404,
  "episode_reward": 1398.2005615234375,
  "num_steps": 196608,
  "feature_compute_time_s": 9.93841290473938,
  "train_iter_time_s": 3.956038236618042,
  "init_seed": 200,
  "train_seed": 205,
  "best_reward_so_far": -Infinity
}