{
  "sharpness": 0.21703423474875924,
  "gradient_smoothness": 0.007359071523410725,
  "loss_mean": 0.0,
  "loss_std": 0.0,
  "loss_trend": 1.073829467225843e-08,
  "parameter_norm": 19.81618987688164,
  "lambda_max_10": 0.7112637758255005,
  "hessian_trace_10": 1.0998151063919068,
  "fim_trace": 26.781643511727452,
  "step_count": 2,
  "timestamp": 1763758941.7933059,
  "episode_reward": 7.993665494521223,
  "num_steps": 98304,
  "feature_compute_time_s": 8.755457878112793,
  "train_iter_time_s": 15.31682801246643,
  "init_seed": 200,
  "train_seed": 202,
  "best_reward_so_far": 7.993665494521223
}