{
  "sharpness": 1.3348787829326476,
  "gradient_smoothness": 0.007889338539641747,
  "loss_mean": 0.0,
  "loss_std": 0.0,
  "loss_trend": 2.5507895520981043e-11,
  "parameter_norm": 30.079282235835507,
  "lambda_max_10": -21.68364143371582,
  "hessian_trace_10": 334.07788543701173,
  "fim_trace": 1094.663696244359,
  "step_count": 123,
  "timestamp": 1763770124.6888711,
  "episode_reward": 1577.545913250555,
  "num_steps": 4063232,
  "feature_compute_time_s": 5.049790620803833,
  "train_iter_time_s": 19.603656768798828,
  "init_seed": 206,
  "train_seed": 200,
  "best_reward_so_far": 1577.545913250555
}