{
  "sharpness": 2.5281848442659283,
  "gradient_smoothness": 0.3505575604485771,
  "loss_mean": 0.0,
  "loss_std": 0.0,
  "loss_trend": 2.808790843783936e-10,
  "parameter_norm": 31.96779088941335,
  "lambda_max_10": -28.633020401000977,
  "hessian_trace_10": 46.470078468322754,
  "fim_trace": 3713.259029135108,
  "step_count": 12,
  "timestamp": 1764177547.1677873,
  "episode_reward": 3438.281494140625,
  "num_steps": 425984,
  "feature_compute_time_s": 5.64055061340332,
  "train_iter_time_s": 3.367995023727417,
  "init_seed": 200,
  "train_seed": 207,
  "best_reward_so_far": -Infinity
}