{
  "sharpness": 2.4681910874645108,
  "gradient_smoothness": 0.7615941559557649,
  "loss_mean": 0.0,
  "loss_std": 0.0,
  "loss_trend": 7.767033453065735e-10,
  "parameter_norm": 29.16938013722844,
  "lambda_max_10": -77.57595825195312,
  "hessian_trace_10": 463.6663589477539,
  "fim_trace": 4922.37378051877,
  "step_count": 15,
  "timestamp": 1764155976.0724132,
  "episode_reward": 1323.0474853515625,
  "num_steps": 524288,
  "feature_compute_time_s": 9.70638132095337,
  "train_iter_time_s": 3.3541066646575928,
  "init_seed": 202,
  "train_seed": 200,
  "best_reward_so_far": 1031.2749104619186
}