{
  "sharpness": 0.4875459063396905,
  "gradient_smoothness": 0.00947218556402137,
  "loss_mean": 0.0,
  "loss_std": 0.0,
  "loss_trend": -8.010634039320116e-11,
  "parameter_norm": 22.48879607356842,
  "lambda_max_10": 1.2833950519561768,
  "hessian_trace_10": 7.611019259691238,
  "fim_trace": 77.65619408525527,
  "step_count": 29,
  "timestamp": 1763776254.7300553,
  "num_steps": 983040,
  "feature_compute_time_s": 4.663177490234375,
  "train_iter_time_s": 7.592138051986694,
  "init_seed": 200,
  "train_seed": 200,
  "best_reward_so_far": -277.2317090789319
}