{
  "sharpness": 1.7382019113702472,
  "gradient_smoothness": 0.08996581888641177,
  "loss_mean": 0.0,
  "loss_std": 0.0,
  "loss_trend": -8.738152631625259e-12,
  "parameter_norm": 28.934962996430926,
  "lambda_max_10": 3.9896457195281982,
  "hessian_trace_10": 125.94301643371583,
  "fim_trace": 1098.0325638353825,
  "step_count": 235,
  "timestamp": 1763782678.3332407,
  "num_steps": 7733248,
  "feature_compute_time_s": 4.4903788566589355,
  "train_iter_time_s": 7.576237916946411,
  "init_seed": 206,
  "train_seed": 200,
  "best_reward_so_far": 1222.9998349206066
}