{
  "sharpness": 1.6757735725547427,
  "gradient_smoothness": 0.19215331512561043,
  "loss_mean": 0.0,
  "loss_std": 0.0,
  "loss_trend": 5.006208080858323e-11,
  "parameter_norm": 29.43470367201192,
  "lambda_max_10": -61.75204849243164,
  "hessian_trace_10": 536.8676391601563,
  "fim_trace": 6005.34530762583,
  "step_count": 295,
  "timestamp": 1763775742.2713335,
  "num_steps": 9699328,
  "feature_compute_time_s": 4.4320385456085205,
  "train_iter_time_s": 7.182103157043457,
  "init_seed": 200,
  "train_seed": 202,
  "best_reward_so_far": 1169.3420535757405
}