{
  "sharpness": 1.27976268402171,
  "gradient_smoothness": 0.040522694391467405,
  "loss_mean": 0.0,
  "loss_std": 0.0,
  "loss_trend": 1.0969536689035077e-11,
  "parameter_norm": 32.092226203420346,
  "lambda_max_10": -30.248830795288086,
  "hessian_trace_10": 416.71478576660155,
  "fim_trace": 2255.7050638124347,
  "step_count": 210,
  "timestamp": 1763763857.511544,
  "episode_reward": 1806.3867071305306,
  "num_steps": 6914048,
  "feature_compute_time_s": 4.685093641281128,
  "train_iter_time_s": 16.261942863464355,
  "init_seed": 200,
  "train_seed": 203,
  "best_reward_so_far": 2051.100738014974
}