{
  "sharpness": 1.7329718772147866,
  "gradient_smoothness": 0.1568594559996658,
  "loss_mean": 0.0,
  "loss_std": 0.0,
  "loss_trend": -2.3067671342214436e-12,
  "parameter_norm": 29.43409353086281,
  "lambda_max_10": -66.1741714477539,
  "hessian_trace_10": 461.9997192382813,
  "fim_trace": 6867.263294577599,
  "step_count": 290,
  "timestamp": 1763775681.7534113,
  "num_steps": 9535488,
  "feature_compute_time_s": 5.176552772521973,
  "train_iter_time_s": 8.002230882644653,
  "init_seed": 200,
  "train_seed": 202,
  "best_reward_so_far": 1169.3420535757405
}