{
  "sharpness": 1.262822842699125,
  "gradient_smoothness": 0.08557267182076454,
  "loss_mean": 0.0,
  "loss_std": 0.0,
  "loss_trend": 1.2458008917332322e-11,
  "parameter_norm": 34.00134088871573,
  "lambda_max_10": -40.50693893432617,
  "hessian_trace_10": 627.8703552246094,
  "fim_trace": 4006.3947430998087,
  "step_count": 46,
  "timestamp": 1765438736.2700644,
  "episode_reward": 1023.6332397460938,
  "num_steps": 1540096,
  "feature_compute_time_s": 6.07494044303894,
  "train_iter_time_s": 5.469699144363403,
  "init_seed": 200,
  "train_seed": 201,
  "best_reward_so_far": 792.2241010949004
}