{
  "sharpness": 2.3453072906250005,
  "gradient_smoothness": 0.4959650697307759,
  "loss_mean": 0.0,
  "loss_std": 0.0,
  "loss_trend": 3.18775363129963e-11,
  "parameter_norm": 27.726364174265044,
  "lambda_max_10": -29.835464477539062,
  "hessian_trace_10": 230.81780242919922,
  "fim_trace": 1549.6682102009654,
  "step_count": 156,
  "timestamp": 1763779831.0100822,
  "episode_reward": 1145.6924742002097,
  "num_steps": 5144576,
  "feature_compute_time_s": 7.8221116065979,
  "train_iter_time_s": 10.337190628051758,
  "init_seed": 202,
  "train_seed": 200,
  "best_reward_so_far": 1146.985201074867
}