{
  "sharpness": 1.4922496396746705,
  "gradient_smoothness": 0.19915944425135548,
  "loss_mean": 0.0,
  "loss_std": 0.0,
  "loss_trend": -8.781935190307907e-11,
  "parameter_norm": 34.289336459365785,
  "lambda_max_10": -36.65859603881836,
  "hessian_trace_10": 605.4872222900391,
  "fim_trace": 4762.750872790813,
  "step_count": 52,
  "timestamp": 1765443520.099208,
  "episode_reward": -11.809186935424805,
  "num_steps": 1736704,
  "feature_compute_time_s": 5.4604620933532715,
  "train_iter_time_s": 4.230393409729004,
  "init_seed": 202,
  "train_seed": 200,
  "best_reward_so_far": 1066.352618970459
}