{
  "sharpness": 4.340482510346951,
  "gradient_smoothness": 0.2247263064325445,
  "loss_mean": 0.0,
  "loss_std": 0.0,
  "loss_trend": -1.604575557555326e-11,
  "parameter_norm": 43.79243904005564,
  "lambda_max_10": -59.34557342529297,
  "hessian_trace_10": 481.43930969238284,
  "fim_trace": 5669.60345107317,
  "step_count": 11,
  "timestamp": 1764178260.3742778,
  "episode_reward": 2231.372314453125,
  "num_steps": 393216,
  "feature_compute_time_s": 5.231145858764648,
  "train_iter_time_s": 2.878704786300659,
  "init_seed": 205,
  "train_seed": 200,
  "best_reward_so_far": -Infinity
}