{
  "sharpness": 1.2952731474241284,
  "gradient_smoothness": 0.037020323803580925,
  "loss_mean": 0.0,
  "loss_std": 0.0,
  "loss_trend": -4.8561347716748305e-11,
  "parameter_norm": 32.40607770735856,
  "lambda_max_10": -27.69908905029297,
  "hessian_trace_10": 452.0430450439453,
  "fim_trace": 1713.4194486699998,
  "step_count": 235,
  "timestamp": 1763765031.1255453,
  "episode_reward": 1535.752116666894,
  "num_steps": 7733248,
  "feature_compute_time_s": 8.09171438217163,
  "train_iter_time_s": 19.52657675743103,
  "init_seed": 200,
  "train_seed": 205,
  "best_reward_so_far": 1563.3250833027894
}