{
  "sharpness": 2.343304895086837,
  "gradient_smoothness": 0.15852647771593467,
  "loss_mean": 0.0,
  "loss_std": 0.0,
  "loss_trend": -3.846453630125386e-09,
  "parameter_norm": 32.97435789332498,
  "lambda_max_10": -24.30368423461914,
  "hessian_trace_10": 290.9949184417725,
  "fim_trace": 3521.9802798330784,
  "step_count": 6,
  "timestamp": 1766080467.3488238,
  "episode_reward": 1243.74755859375,
  "num_steps": 229376,
  "feature_compute_time_s": 7.108772277832031,
  "train_iter_time_s": 4.2606470584869385,
  "init_seed": 200,
  "train_seed": 206,
  "best_reward_so_far": -Infinity
}