{
  "sharpness": 0.612046976959165,
  "gradient_smoothness": 0.19710011099420138,
  "loss_mean": 0.0,
  "loss_std": 0.0,
  "loss_trend": 6.461871416913218e-11,
  "parameter_norm": 22.687510383764643,
  "lambda_max_10": -1.5892362594604492,
  "hessian_trace_10": 5.359272074699402,
  "fim_trace": 88.32169566303492,
  "step_count": 32,
  "timestamp": 1763776292.6820126,
  "num_steps": 1081344,
  "feature_compute_time_s": 4.374584674835205,
  "train_iter_time_s": 7.8141186237335205,
  "init_seed": 200,
  "train_seed": 200,
  "best_reward_so_far": -48.168024713546636
}