{
  "sharpness": 1.2822633657971072,
  "gradient_smoothness": 0.08863197956950071,
  "loss_mean": 0.0,
  "loss_std": 0.0,
  "loss_trend": -3.636151713729486e-11,
  "parameter_norm": 32.47025165769254,
  "lambda_max_10": -30.663631439208984,
  "hessian_trace_10": 400.6008056640625,
  "fim_trace": 1791.2523016035557,
  "step_count": 253,
  "timestamp": 1763764831.2223437,
  "episode_reward": 1689.62763330915,
  "num_steps": 8323072,
  "feature_compute_time_s": 5.290344476699829,
  "train_iter_time_s": 14.526401281356812,
  "init_seed": 200,
  "train_seed": 203,
  "best_reward_so_far": 2246.502645363276
}