{
  "sharpness": 1.2518752657659948,
  "gradient_smoothness": 0.1131614887522227,
  "loss_mean": 0.0,
  "loss_std": 0.0,
  "loss_trend": 2.681686401062121e-10,
  "parameter_norm": 33.3915490933077,
  "lambda_max_10": -26.121004104614258,
  "hessian_trace_10": 493.4821075439453,
  "fim_trace": 1766.2904739454389,
  "step_count": 17,
  "timestamp": 1765438984.773714,
  "episode_reward": -17.196456909179688,
  "num_steps": 589824,
  "feature_compute_time_s": 5.520280599594116,
  "train_iter_time_s": 3.971461772918701,
  "init_seed": 200,
  "train_seed": 203,
  "best_reward_so_far": 387.4401935877582
}