{
  "sharpness": 3.770242643081806,
  "gradient_smoothness": 0.0,
  "parameter_norm": 52.09504987162379,
  "lambda_max_10": -15.995582580566406,
  "hessian_trace_10": 113.76293907165527,
  "fim_trace": 2938.856708854437,
  "step_count": 0,
  "timestamp": 1766081037.851038,
  "episode_reward": -292.4430236816406,
  "num_steps": 32768,
  "feature_compute_time_s": 6.088470220565796,
  "train_iter_time_s": 6.307077646255493,
  "init_seed": 203,
  "train_seed": 200,
  "best_reward_so_far": -Infinity
}