{
  "sharpness": 1.2853032527396113,
  "gradient_smoothness": 0.10719042282465416,
  "loss_mean": 0.0,
  "loss_std": 0.0,
  "loss_trend": -1.2977644015784858e-10,
  "parameter_norm": 101.7446102213877,
  "lambda_max_10": 6.804609775543213,
  "hessian_trace_10": 30.715483903884888,
  "fim_trace": 1557.0179530978203,
  "step_count": 6,
  "timestamp": 1764178010.5533414,
  "episode_reward": -537.6956787109375,
  "num_steps": 229376,
  "feature_compute_time_s": 6.166079998016357,
  "train_iter_time_s": 3.474524974822998,
  "init_seed": 200,
  "train_seed": 203,
  "best_reward_so_far": -Infinity
}