{
  "sharpness": 1.1954464031318064,
  "gradient_smoothness": 0.053008288344581996,
  "loss_mean": 0.0,
  "loss_std": 0.0,
  "loss_trend": -3.4301061915970876e-11,
  "parameter_norm": 33.467994691989844,
  "lambda_max_10": -15.185959815979004,
  "hessian_trace_10": 287.87005310058595,
  "fim_trace": 776.6299960389733,
  "step_count": 19,
  "timestamp": 1765439423.2315779,
  "episode_reward": 570.3522338867188,
  "num_steps": 655360,
  "feature_compute_time_s": 10.468409776687622,
  "train_iter_time_s": 3.9808146953582764,
  "init_seed": 200,
  "train_seed": 200,
  "best_reward_so_far": 557.7371300963662
}