{
  "sharpness": 1.246692759817033,
  "gradient_smoothness": 0.07492591700515108,
  "loss_mean": 0.0,
  "loss_std": 0.0,
  "loss_trend": 3.372356051272977e-11,
  "parameter_norm": 32.44442519258292,
  "lambda_max_10": -27.074474334716797,
  "hessian_trace_10": 471.45655517578126,
  "fim_trace": 2485.775007940829,
  "step_count": 287,
  "timestamp": 1763774334.4830046,
  "episode_reward": 1324.267772428923,
  "num_steps": 9437184,
  "feature_compute_time_s": 9.749755859375,
  "train_iter_time_s": 17.15646505355835,
  "init_seed": 205,
  "train_seed": 200,
  "best_reward_so_far": 1687.4804612057496
}