{
  "sharpness": 0.9598701074962532,
  "gradient_smoothness": 0.029610722938034843,
  "loss_mean": 0.0,
  "loss_std": 0.0,
  "loss_trend": 7.718877307321618e-11,
  "parameter_norm": 25.020012781104068,
  "lambda_max_10": 6.679497241973877,
  "hessian_trace_10": 69.92447280883789,
  "fim_trace": 294.7876459211111,
  "step_count": 65,
  "timestamp": 1763782339.4563274,
  "num_steps": 2162688,
  "feature_compute_time_s": 7.47758936882019,
  "train_iter_time_s": 12.561108112335205,
  "init_seed": 207,
  "train_seed": 200,
  "best_reward_so_far": 810.2374889578368
}