{
  "sharpness": 2.6288318583397214,
  "gradient_smoothness": 0.14589200763679488,
  "loss_mean": 0.0,
  "loss_std": 0.0,
  "loss_trend": 6.9643424340374e-09,
  "parameter_norm": 45.68812741719978,
  "lambda_max_10": -171.46726989746094,
  "hessian_trace_10": 1720.0431762695312,
  "fim_trace": 38073.034274578094,
  "step_count": 3,
  "timestamp": 1765469113.1161344,
  "episode_reward": 967.7827758789062,
  "num_steps": 131072,
  "feature_compute_time_s": 6.743408441543579,
  "train_iter_time_s": 6.48747706413269,
  "init_seed": 200,
  "train_seed": 207,
  "best_reward_so_far": 50.614874411925
}