{
  "sharpness": 1.8262788187313623,
  "gradient_smoothness": 0.7615941559557649,
  "loss_mean": 0.0,
  "loss_std": 0.0,
  "loss_trend": -1.9968331756625951e-10,
  "parameter_norm": 102.36860331188106,
  "lambda_max_10": -12.923057556152344,
  "hessian_trace_10": -13.10455117225647,
  "fim_trace": 3679.909648362547,
  "step_count": 15,
  "timestamp": 1765469705.3024735,
  "episode_reward": -30.42584800720215,
  "num_steps": 524288,
  "feature_compute_time_s": 8.37280559539795,
  "train_iter_time_s": 5.754245281219482,
  "init_seed": 200,
  "train_seed": 203,
  "best_reward_so_far": 0.5647409051629667
}