{
  "sharpness": 1.2213871983586142,
  "gradient_smoothness": 0.04063764046705457,
  "loss_mean": 0.0,
  "loss_std": 0.0,
  "loss_trend": -4.799136413263107e-11,
  "parameter_norm": 32.04514875274338,
  "lambda_max_10": -33.091949462890625,
  "hessian_trace_10": 554.6192199707032,
  "fim_trace": 2910.8896927908063,
  "step_count": 197,
  "timestamp": 1763772072.2193072,
  "episode_reward": 1796.495343521363,
  "num_steps": 6488064,
  "feature_compute_time_s": 8.32727575302124,
  "train_iter_time_s": 19.06666398048401,
  "init_seed": 206,
  "train_seed": 200,
  "best_reward_so_far": 2116.888918808559
}