{
  "sharpness": 2.4451339977057467,
  "gradient_smoothness": 0.3662849458679626,
  "loss_mean": 0.0,
  "loss_std": 0.0,
  "loss_trend": -9.386688647354643e-12,
  "parameter_norm": 29.884992770333323,
  "lambda_max_10": -27.74304962158203,
  "hessian_trace_10": 24.09617862701416,
  "fim_trace": 4471.276031970978,
  "step_count": 298,
  "timestamp": 1763779616.3603952,
  "num_steps": 9797632,
  "feature_compute_time_s": 4.33423113822937,
  "train_iter_time_s": 7.969888210296631,
  "init_seed": 200,
  "train_seed": 200,
  "best_reward_so_far": 2541.885686888726
}