{
  "sharpness": 1.2454033287305286,
  "gradient_smoothness": 0.0404484469588362,
  "loss_mean": 0.0,
  "loss_std": 0.0,
  "loss_trend": 1.7630171402221755e-10,
  "parameter_norm": 33.52099856203649,
  "lambda_max_10": -12.315301895141602,
  "hessian_trace_10": 240.671875,
  "fim_trace": 868.8005405217409,
  "step_count": 21,
  "timestamp": 1765444980.8410404,
  "episode_reward": 80.98067474365234,
  "num_steps": 720896,
  "feature_compute_time_s": 5.533418893814087,
  "train_iter_time_s": 4.4271769523620605,
  "init_seed": 205,
  "train_seed": 200,
  "best_reward_so_far": 311.53615746359435
}