{
  "sharpness": 1.5080118656895518,
  "gradient_smoothness": 0.053231923008469455,
  "loss_mean": 0.0,
  "loss_std": 0.0,
  "loss_trend": 8.726227224670469e-14,
  "parameter_norm": 27.759516508006453,
  "lambda_max_10": -14.239497184753418,
  "hessian_trace_10": 152.41436996459962,
  "fim_trace": 1732.7183543741703,
  "step_count": 119,
  "timestamp": 1763777192.417139,
  "num_steps": 3932160,
  "feature_compute_time_s": 7.736064195632935,
  "train_iter_time_s": 9.607741832733154,
  "init_seed": 200,
  "train_seed": 206,
  "best_reward_so_far": 986.0568822888088
}