{
  "sharpness": 1.4809140078845935,
  "gradient_smoothness": 0.05134180115637786,
  "loss_mean": 0.0,
  "loss_std": 0.0,
  "loss_trend": -3.882414545769852e-11,
  "parameter_norm": 25.901370593131652,
  "lambda_max_10": -5.827523231506348,
  "hessian_trace_10": 91.40101165771485,
  "fim_trace": 163.91488320752978,
  "step_count": 55,
  "timestamp": 1763766947.0609143,
  "episode_reward": 664.6269654301387,
  "num_steps": 1835008,
  "feature_compute_time_s": 6.194591522216797,
  "train_iter_time_s": 13.638816356658936,
  "init_seed": 202,
  "train_seed": 200,
  "best_reward_so_far": 664.6269654301387
}