{
  "sharpness": 1.7055984323566062,
  "gradient_smoothness": 0.09494770137917148,
  "loss_mean": 0.0,
  "loss_std": 0.0,
  "loss_trend": -2.8438425701720196e-11,
  "parameter_norm": 28.134367232441917,
  "lambda_max_10": 12.562947273254395,
  "hessian_trace_10": 118.90513038635254,
  "fim_trace": 1233.5230505466461,
  "step_count": 154,
  "timestamp": 1763778079.7729266,
  "num_steps": 5079040,
  "feature_compute_time_s": 7.023887395858765,
  "train_iter_time_s": 13.106434345245361,
  "init_seed": 200,
  "train_seed": 207,
  "best_reward_so_far": 1209.9558799946174
}