{
  "sharpness": 2.0272376988092478,
  "gradient_smoothness": 0.05578305106113443,
  "loss_mean": 0.0,
  "loss_std": 0.0,
  "loss_trend": -1.2726426616998595e-11,
  "parameter_norm": 29.198239062632414,
  "lambda_max_10": -35.99659729003906,
  "hessian_trace_10": 326.9678787231445,
  "fim_trace": 3775.3206647336483,
  "step_count": 245,
  "timestamp": 1763786222.7051737,
  "num_steps": 8060928,
  "feature_compute_time_s": 8.97795581817627,
  "train_iter_time_s": 12.33247995376587,
  "init_seed": 207,
  "train_seed": 200,
  "best_reward_so_far": 1467.7475334629858
}