{
  "sharpness": 1.3028072544787073,
  "gradient_smoothness": 0.00492680053652438,
  "loss_mean": 0.0,
  "loss_std": 0.0,
  "loss_trend": -8.395204517131183e-11,
  "parameter_norm": 33.61098833976808,
  "lambda_max_10": -39.12342071533203,
  "hessian_trace_10": 337.90321197509763,
  "fim_trace": 2732.739799739793,
  "step_count": 21,
  "timestamp": 1765438472.1277297,
  "episode_reward": 280.368896484375,
  "num_steps": 720896,
  "feature_compute_time_s": 5.478658199310303,
  "train_iter_time_s": 3.9473602771759033,
  "init_seed": 200,
  "train_seed": 207,
  "best_reward_so_far": 252.9136718579839
}