{
  "sharpness": 1.4179269328671107,
  "gradient_smoothness": 0.19538901898659158,
  "loss_mean": 0.0,
  "loss_std": 0.0,
  "loss_trend": 6.653497398615001e-11,
  "parameter_norm": 34.39789220399427,
  "lambda_max_10": -17.337621688842773,
  "hessian_trace_10": 371.2801147460938,
  "fim_trace": 2523.6082149520516,
  "step_count": 49,
  "timestamp": 1765439826.4627385,
  "episode_reward": 981.6236572265625,
  "num_steps": 1638400,
  "feature_compute_time_s": 5.38536524772644,
  "train_iter_time_s": 4.001800298690796,
  "init_seed": 200,
  "train_seed": 204,
  "best_reward_so_far": 774.3705821521406
}