{
  "sharpness": 1.6577304837450704,
  "gradient_smoothness": 0.0880942352027349,
  "loss_mean": 0.0,
  "loss_std": 0.0,
  "loss_trend": 5.641301771443476e-13,
  "parameter_norm": 28.33472040500089,
  "lambda_max_10": -17.972652435302734,
  "hessian_trace_10": 193.75532455444335,
  "fim_trace": 1195.948255509138,
  "step_count": 145,
  "timestamp": 1763778947.559334,
  "num_steps": 4784128,
  "feature_compute_time_s": 7.121857643127441,
  "train_iter_time_s": 13.956839799880981,
  "init_seed": 201,
  "train_seed": 200,
  "best_reward_so_far": 1034.7179435106987
}