{
  "sharpness": 1.180203975530412,
  "gradient_smoothness": 0.07988484592174225,
  "loss_mean": 0.0,
  "loss_std": 0.0,
  "loss_trend": -1.897138671478259e-11,
  "parameter_norm": 33.94714769333822,
  "lambda_max_10": -24.683481216430664,
  "hessian_trace_10": 460.4430236816406,
  "fim_trace": 2168.475213114172,
  "step_count": 48,
  "timestamp": 1765438904.6495788,
  "episode_reward": 513.62841796875,
  "num_steps": 1605632,
  "feature_compute_time_s": 9.942266941070557,
  "train_iter_time_s": 3.915999174118042,
  "init_seed": 200,
  "train_seed": 200,
  "best_reward_so_far": 889.3938806725697
}