{
  "sharpness": 1.9387926614130804,
  "gradient_smoothness": 0.14542372051452504,
  "loss_mean": 0.0,
  "loss_std": 0.0,
  "loss_trend": -1.0733208091401336e-10,
  "parameter_norm": 29.49993534728569,
  "lambda_max_10": -53.84226989746094,
  "hessian_trace_10": 537.4899948120117,
  "fim_trace": 7024.389415562153,
  "step_count": 8,
  "timestamp": 1764149692.2111487,
  "episode_reward": 990.43359375,
  "num_steps": 294912,
  "feature_compute_time_s": 9.85775351524353,
  "train_iter_time_s": 3.4390296936035156,
  "init_seed": 200,
  "train_seed": 204,
  "best_reward_so_far": -Infinity
}