{
  "sharpness": 2.8363963746517475,
  "gradient_smoothness": 0.46496839166776716,
  "loss_mean": 0.0,
  "loss_std": 0.0,
  "loss_trend": -7.134714170614248e-10,
  "parameter_norm": 43.85728471039133,
  "lambda_max_10": -73.74800109863281,
  "hessian_trace_10": 553.4348930358886,
  "fim_trace": 17971.066619217396,
  "step_count": 13,
  "timestamp": 1764170387.590674,
  "episode_reward": 1060.1712646484375,
  "num_steps": 458752,
  "feature_compute_time_s": 7.390555381774902,
  "train_iter_time_s": 3.4581668376922607,
  "init_seed": 200,
  "train_seed": 202,
  "best_reward_so_far": -Infinity
}