{
  "sharpness": 1.3523564464917566,
  "gradient_smoothness": 0.10717451702696867,
  "loss_mean": 0.0,
  "loss_std": 0.0,
  "loss_trend": 6.945154774954224e-11,
  "parameter_norm": 34.05147480548122,
  "lambda_max_10": -15.878366470336914,
  "hessian_trace_10": 401.46775512695314,
  "fim_trace": 2108.5284097120166,
  "step_count": 45,
  "timestamp": 1765442680.5466917,
  "episode_reward": 1379.2457275390625,
  "num_steps": 1507328,
  "feature_compute_time_s": 10.934360027313232,
  "train_iter_time_s": 4.301693916320801,
  "init_seed": 205,
  "train_seed": 200,
  "best_reward_so_far": 876.010625448063
}