{
  "sharpness": 1.968679502977911,
  "gradient_smoothness": 0.0,
  "loss_mean": 0.0,
  "loss_std": 0.0,
  "loss_trend": 0.0,
  "parameter_norm": 45.981021785538566,
  "lambda_max_10": -73.46886444091797,
  "hessian_trace_10": 1061.4085815429687,
  "fim_trace": 7510.402168087661,
  "step_count": 1,
  "timestamp": 1765469200.0172458,
  "episode_reward": -19.736175537109375,
  "num_steps": 65536,
  "feature_compute_time_s": 6.255238056182861,
  "train_iter_time_s": 4.49402928352356,
  "init_seed": 200,
  "train_seed": 205,
  "best_reward_so_far": -14.555404174512484
}