{
  "sharpness": 1.840760039541472,
  "gradient_smoothness": 0.004623527356595531,
  "loss_mean": 0.0,
  "loss_std": 0.0,
  "loss_trend": 9.960497447311484e-12,
  "parameter_norm": 28.939390361259452,
  "lambda_max_10": -53.040069580078125,
  "hessian_trace_10": 322.79487762451174,
  "fim_trace": 4340.221581295133,
  "step_count": 232,
  "timestamp": 1763784024.0158265,
  "num_steps": 7634944,
  "feature_compute_time_s": 7.549704313278198,
  "train_iter_time_s": 12.409360885620117,
  "init_seed": 205,
  "train_seed": 200,
  "best_reward_so_far": 1479.405736978144
}