{
  "sharpness": 1.2521706780532702,
  "gradient_smoothness": 0.019773802990537676,
  "loss_mean": 0.0,
  "loss_std": 0.0,
  "loss_trend": 1.1678483098655486e-10,
  "parameter_norm": 34.5272757974191,
  "lambda_max_10": -26.863143920898438,
  "hessian_trace_10": 498.0082702636719,
  "fim_trace": 1505.2180157154799,
  "step_count": 39,
  "timestamp": 1765438646.2328877,
  "episode_reward": -5.107196807861328,
  "num_steps": 1310720,
  "feature_compute_time_s": 5.525554656982422,
  "train_iter_time_s": 4.139137268066406,
  "init_seed": 201,
  "train_seed": 200,
  "best_reward_so_far": 878.3514377548429
}