{
  "sharpness": 2.5793537943700473,
  "gradient_smoothness": 0.16463900139324095,
  "loss_mean": 0.0,
  "loss_std": 0.0,
  "loss_trend": 7.857353477220514e-12,
  "parameter_norm": 29.882284438019816,
  "lambda_max_10": -30.74968147277832,
  "hessian_trace_10": -42.4266860961914,
  "fim_trace": 4412.536422997713,
  "step_count": 284,
  "timestamp": 1763779444.0572264,
  "num_steps": 9338880,
  "feature_compute_time_s": 4.426060914993286,
  "train_iter_time_s": 8.116657018661499,
  "init_seed": 200,
  "train_seed": 200,
  "best_reward_so_far": 2463.8426895795565
}