{
  "sharpness": 2.054844282188378,
  "gradient_smoothness": 0.6058537176335141,
  "loss_mean": 0.0,
  "loss_std": 0.0,
  "loss_trend": -4.0700360227176367e-10,
  "parameter_norm": 29.2279383978716,
  "lambda_max_10": 30.52294158935547,
  "hessian_trace_10": 349.43614501953124,
  "fim_trace": 2690.5972194820642,
  "step_count": 14,
  "timestamp": 1764167980.0205488,
  "episode_reward": 1470.66943359375,
  "num_steps": 491520,
  "feature_compute_time_s": 9.671528339385986,
  "train_iter_time_s": 4.0397796630859375,
  "init_seed": 203,
  "train_seed": 200,
  "best_reward_so_far": -Infinity
}