{
  "sharpness": 1.16400762211634,
  "gradient_smoothness": 0.3583146897719939,
  "loss_mean": 0.0,
  "loss_std": 0.0,
  "loss_trend": 8.307418662758832e-12,
  "parameter_norm": 34.08395528845024,
  "lambda_max_10": -9.678629875183105,
  "hessian_trace_10": 678.2016693115235,
  "fim_trace": 2137.9659298434854,
  "step_count": 58,
  "timestamp": 1765440031.9210827,
  "episode_reward": 797.0611572265625,
  "num_steps": 1933312,
  "feature_compute_time_s": 10.260729312896729,
  "train_iter_time_s": 7.024128198623657,
  "init_seed": 200,
  "train_seed": 200,
  "best_reward_so_far": 665.6557954085326
}