{
  "sharpness": 1.4859562619425126,
  "gradient_smoothness": 0.14461240382735127,
  "loss_mean": 0.0,
  "loss_std": 0.0,
  "loss_trend": 8.92631856343022e-11,
  "parameter_norm": 33.61175028866944,
  "lambda_max_10": -35.490238189697266,
  "hessian_trace_10": 622.4728576660157,
  "fim_trace": 2212.9968389347196,
  "step_count": 13,
  "timestamp": 1765443743.3295937,
  "episode_reward": -15.06456470489502,
  "num_steps": 458752,
  "feature_compute_time_s": 5.3462324142456055,
  "train_iter_time_s": 4.1760149002075195,
  "init_seed": 202,
  "train_seed": 200,
  "best_reward_so_far": 38.34567535668715
}