{
  "sharpness": 1.6220368751649665,
  "gradient_smoothness": 0.07165435170297263,
  "loss_mean": 0.0,
  "loss_std": 0.0,
  "loss_trend": -4.7974210741579555e-09,
  "parameter_norm": 101.5459649549307,
  "lambda_max_10": -8.355582237243652,
  "hessian_trace_10": -22.133903312683106,
  "fim_trace": 2918.1575935781,
  "step_count": 4,
  "timestamp": 1764177895.8528137,
  "episode_reward": -613.6765747070312,
  "num_steps": 163840,
  "feature_compute_time_s": 4.983618259429932,
  "train_iter_time_s": 3.60366153717041,
  "init_seed": 200,
  "train_seed": 201,
  "best_reward_so_far": -Infinity
}