{
  "sharpness": 1.2246203824678281,
  "gradient_smoothness": 0.07217228117062234,
  "loss_mean": 0.0,
  "loss_std": 0.0,
  "loss_trend": -6.906018946674195e-10,
  "parameter_norm": 33.21016065702079,
  "lambda_max_10": -23.158994674682617,
  "hessian_trace_10": 343.3162330627441,
  "fim_trace": 1857.4307081922889,
  "step_count": 14,
  "timestamp": 1765441481.2662926,
  "episode_reward": 11.137903213500977,
  "num_steps": 491520,
  "feature_compute_time_s": 5.735371112823486,
  "train_iter_time_s": 5.720614671707153,
  "init_seed": 200,
  "train_seed": 201,
  "best_reward_so_far": 207.73800533086583
}