{
  "sharpness": 1.465749801650431,
  "gradient_smoothness": 0.09530109650340551,
  "loss_mean": 0.0,
  "loss_std": 0.0,
  "loss_trend": -3.716790162201029e-11,
  "parameter_norm": 26.622589975065328,
  "lambda_max_10": 12.128280639648438,
  "hessian_trace_10": 127.08938217163086,
  "fim_trace": 514.155785009265,
  "step_count": 105,
  "timestamp": 1763780672.0407696,
  "num_steps": 3473408,
  "feature_compute_time_s": 7.154724836349487,
  "train_iter_time_s": 11.120697021484375,
  "init_seed": 204,
  "train_seed": 200,
  "best_reward_so_far": 1045.4664864465717
}