{
  "sharpness": 2.84887448653514,
  "gradient_smoothness": 0.003292425264193793,
  "loss_mean": 0.0,
  "loss_std": 0.0,
  "loss_trend": -1.529279678683951e-11,
  "parameter_norm": 28.021594535074932,
  "lambda_max_10": -22.431379318237305,
  "hessian_trace_10": 214.2571029663086,
  "fim_trace": 1141.6046341210604,
  "step_count": 132,
  "timestamp": 1763778677.0969775,
  "num_steps": 4358144,
  "feature_compute_time_s": 6.860040187835693,
  "train_iter_time_s": 12.390085697174072,
  "init_seed": 201,
  "train_seed": 200,
  "best_reward_so_far": 984.2881126045481
}