{
  "sharpness": 1.1770791197097448,
  "gradient_smoothness": 0.04567470068106288,
  "loss_mean": 0.0,
  "loss_std": 0.0,
  "loss_trend": -2.3100333418406072e-11,
  "parameter_norm": 33.63294464270326,
  "lambda_max_10": -20.780254364013672,
  "hessian_trace_10": 476.87440185546876,
  "fim_trace": 1997.6340223383158,
  "step_count": 18,
  "timestamp": 1765441595.1294742,
  "episode_reward": -6.930675983428955,
  "num_steps": 622592,
  "feature_compute_time_s": 5.546410322189331,
  "train_iter_time_s": 4.089041471481323,
  "init_seed": 204,
  "train_seed": 200,
  "best_reward_so_far": 227.4338267931371
}