{
  "sharpness": 1.6326949336027556,
  "gradient_smoothness": 0.027466433182109,
  "loss_mean": 0.0,
  "loss_std": 0.0,
  "loss_trend": 8.157392127349413e-12,
  "parameter_norm": 29.31121892809052,
  "lambda_max_10": -47.13007736206055,
  "hessian_trace_10": 352.2358879089355,
  "fim_trace": 6332.537759363651,
  "step_count": 231,
  "timestamp": 1763774937.6598878,
  "num_steps": 7602176,
  "feature_compute_time_s": 4.470757484436035,
  "train_iter_time_s": 8.360032796859741,
  "init_seed": 200,
  "train_seed": 202,
  "best_reward_so_far": 1126.2794314453229
}