{
  "sharpness": 1.5758123948587335,
  "gradient_smoothness": 0.04649163556403553,
  "loss_mean": 0.0,
  "loss_std": 0.0,
  "loss_trend": -5.399363619858436e-10,
  "parameter_norm": 33.33792709059803,
  "lambda_max_10": -44.23374938964844,
  "hessian_trace_10": 434.27516479492186,
  "fim_trace": 3468.4568112827837,
  "step_count": 18,
  "timestamp": 1765441587.6359296,
  "episode_reward": 830.4501342773438,
  "num_steps": 622592,
  "feature_compute_time_s": 5.50919771194458,
  "train_iter_time_s": 3.9002089500427246,
  "init_seed": 203,
  "train_seed": 200,
  "best_reward_so_far": 333.1962862165458
}