{
  "sharpness": 2.1193077662353685,
  "gradient_smoothness": 0.0,
  "parameter_norm": 31.18465996389575,
  "lambda_max_10": 62.34989547729492,
  "hessian_trace_10": 292.4152526855469,
  "fim_trace": 3850.851164996624,
  "step_count": 0,
  "timestamp": 1764178003.096849,
  "episode_reward": 1503.7271728515625,
  "num_steps": 32768,
  "feature_compute_time_s": 5.646854877471924,
  "train_iter_time_s": 2.8135361671447754,
  "init_seed": 203,
  "train_seed": 200,
  "best_reward_so_far": -Infinity
}