{
  "sharpness": 1.8024410279687275,
  "gradient_smoothness": 0.07879236299364273,
  "loss_mean": 0.0,
  "loss_std": 0.0,
  "loss_trend": 1.1525255740120707e-09,
  "parameter_norm": 29.466906240174165,
  "lambda_max_10": -56.22479248046875,
  "hessian_trace_10": 500.6768600463867,
  "fim_trace": 5788.570099785924,
  "step_count": 5,
  "timestamp": 1764149867.358624,
  "episode_reward": 1320.755615234375,
  "num_steps": 196608,
  "feature_compute_time_s": 5.074642658233643,
  "train_iter_time_s": 3.3659369945526123,
  "init_seed": 200,
  "train_seed": 204,
  "best_reward_so_far": -Infinity
}