{
  "sharpness": 1.4289934596848617,
  "gradient_smoothness": 0.012187435114543108,
  "loss_mean": 0.0,
  "loss_std": 0.0,
  "loss_trend": -2.3514326312816893e-11,
  "parameter_norm": 29.486778964027547,
  "lambda_max_10": -13.559176445007324,
  "hessian_trace_10": 220.57556762695313,
  "fim_trace": 690.1342620030046,
  "step_count": 116,
  "timestamp": 1763761704.0494075,
  "episode_reward": 1211.0445552840906,
  "num_steps": 3833856,
  "feature_compute_time_s": 5.938596963882446,
  "train_iter_time_s": 16.154491424560547,
  "init_seed": 200,
  "train_seed": 203,
  "best_reward_so_far": 1346.2710757965028
}