{
  "sharpness": 1.2649699172937612,
  "gradient_smoothness": 0.057832555622166486,
  "loss_mean": 0.0,
  "loss_std": 0.0,
  "loss_trend": 3.281275828854228e-11,
  "parameter_norm": 34.35009282404866,
  "lambda_max_10": -54.778480529785156,
  "hessian_trace_10": 597.8676605224609,
  "fim_trace": 3685.5809099040926,
  "step_count": 38,
  "timestamp": 1765438604.6048214,
  "episode_reward": -3.408902883529663,
  "num_steps": 1277952,
  "feature_compute_time_s": 5.444938898086548,
  "train_iter_time_s": 4.919514894485474,
  "init_seed": 200,
  "train_seed": 206,
  "best_reward_so_far": 941.9393010652137
}