{
  "sharpness": 2.1315501355933604,
  "gradient_smoothness": 0.029997080308704353,
  "loss_mean": 0.0,
  "loss_std": 0.0,
  "loss_trend": -7.11000821810536e-11,
  "parameter_norm": 27.13501249968265,
  "lambda_max_10": -17.57522201538086,
  "hessian_trace_10": 158.60568237304688,
  "fim_trace": 874.8570549860597,
  "step_count": 128,
  "timestamp": 1763779312.8902538,
  "num_steps": 4227072,
  "feature_compute_time_s": 5.4915032386779785,
  "train_iter_time_s": 12.478240251541138,
  "init_seed": 202,
  "train_seed": 200,
  "best_reward_so_far": 1117.3228100185925
}