{
  "sharpness": 1.2381310858275298,
  "gradient_smoothness": 0.7615941559557649,
  "loss_mean": 0.0,
  "loss_std": 0.0,
  "loss_trend": -1.0276731651505149e-10,
  "parameter_norm": 34.14097061944158,
  "lambda_max_10": -29.8892879486084,
  "hessian_trace_10": 424.17925720214845,
  "fim_trace": 2372.1727306246758,
  "step_count": 61,
  "timestamp": 1765440527.8399017,
  "episode_reward": 973.1967163085938,
  "num_steps": 2031616,
  "feature_compute_time_s": 6.19926381111145,
  "train_iter_time_s": 5.022656679153442,
  "init_seed": 200,
  "train_seed": 201,
  "best_reward_so_far": 931.9407211818067
}