{
  "sharpness": 3.0883254699328595,
  "gradient_smoothness": 0.06988030785113454,
  "loss_mean": 0.0,
  "loss_std": 0.0,
  "loss_trend": 3.6913732187725456e-09,
  "parameter_norm": 102.47093349440104,
  "lambda_max_10": -16.96523666381836,
  "hessian_trace_10": 23.30241470336914,
  "fim_trace": 4023.2229328118265,
  "step_count": 3,
  "timestamp": 1765469439.2394347,
  "episode_reward": -18.575469970703125,
  "num_steps": 131072,
  "feature_compute_time_s": 6.527086019515991,
  "train_iter_time_s": 5.983330488204956,
  "init_seed": 200,
  "train_seed": 205,
  "best_reward_so_far": -10.78608987906983
}