{
  "sharpness": 1.3776539926035025,
  "gradient_smoothness": 0.024724350281116126,
  "loss_mean": 0.0,
  "loss_std": 0.0,
  "loss_trend": -1.2293480910737266e-11,
  "parameter_norm": 29.09034614155975,
  "lambda_max_10": -13.182132720947266,
  "hessian_trace_10": 254.96470489501954,
  "fim_trace": 459.9660086110234,
  "step_count": 112,
  "timestamp": 1763761928.9555755,
  "episode_reward": 1040.7778594091214,
  "num_steps": 3702784,
  "feature_compute_time_s": 8.145849704742432,
  "train_iter_time_s": 20.775840997695923,
  "init_seed": 200,
  "train_seed": 201,
  "best_reward_so_far": 1199.4311176756057
}