{
  "sharpness": 1.5355423056001705,
  "gradient_smoothness": 0.2362750324155872,
  "loss_mean": 0.0,
  "loss_std": 0.0,
  "loss_trend": 5.854029367857619e-09,
  "parameter_norm": 29.430067984894368,
  "lambda_max_10": -11.426152229309082,
  "hessian_trace_10": 123.24545936584472,
  "fim_trace": 2460.228040575981,
  "step_count": 2,
  "timestamp": 1764167340.449721,
  "episode_reward": 2277.639892578125,
  "num_steps": 98304,
  "feature_compute_time_s": 5.193457126617432,
  "train_iter_time_s": 3.0074849128723145,
  "init_seed": 200,
  "train_seed": 207,
  "best_reward_so_far": -Infinity
}