{
  "sharpness": 1.7568284274341741,
  "gradient_smoothness": 0.6390464702526962,
  "loss_mean": 0.0,
  "loss_std": 0.0,
  "loss_trend": -6.015040374516998e-10,
  "parameter_norm": 30.002425871710667,
  "lambda_max_10": -162.2595672607422,
  "hessian_trace_10": 1301.6122192382813,
  "fim_trace": 19040.428200803697,
  "step_count": 14,
  "timestamp": 1764167158.2857914,
  "episode_reward": 1426.158447265625,
  "num_steps": 491520,
  "feature_compute_time_s": 5.016796350479126,
  "train_iter_time_s": 4.014658689498901,
  "init_seed": 200,
  "train_seed": 205,
  "best_reward_so_far": -Infinity
}