{
  "sharpness": 1.196120126068256,
  "gradient_smoothness": 0.03601443925364267,
  "loss_mean": 0.0,
  "loss_std": 0.0,
  "loss_trend": 6.226831408954328e-11,
  "parameter_norm": 28.842685394420894,
  "lambda_max_10": 6.348086833953857,
  "hessian_trace_10": 164.63083190917968,
  "fim_trace": 343.0858582407236,
  "step_count": 100,
  "timestamp": 1763765075.7074456,
  "episode_reward": 628.1328226074094,
  "num_steps": 3309568,
  "feature_compute_time_s": 5.7326438426971436,
  "train_iter_time_s": 9.438831329345703,
  "init_seed": 200,
  "train_seed": 200,
  "best_reward_so_far": 825.5063438058102
}