{
  "sharpness": 2.6098049010529842,
  "gradient_smoothness": 0.03886132920928635,
  "loss_mean": 0.0,
  "loss_std": 0.0,
  "loss_trend": 7.530183739801445e-12,
  "parameter_norm": 29.478102781734275,
  "lambda_max_10": -36.092369079589844,
  "hessian_trace_10": 429.9162353515625,
  "fim_trace": 1717.194440037012,
  "step_count": 225,
  "timestamp": 1763780607.8748162,
  "num_steps": 7405568,
  "feature_compute_time_s": 8.273055076599121,
  "train_iter_time_s": 13.998490810394287,
  "init_seed": 201,
  "train_seed": 200,
  "best_reward_so_far": 1127.3978620559742
}