{
  "sharpness": 1.9690694016595431,
  "gradient_smoothness": 0.1785210083168583,
  "loss_mean": 0.0,
  "loss_std": 0.0,
  "loss_trend": -1.3430081632375098e-09,
  "parameter_norm": 102.23270757163228,
  "lambda_max_10": 5.183599948883057,
  "hessian_trace_10": -15.137152433395386,
  "fim_trace": 2017.8704480286688,
  "step_count": 8,
  "timestamp": 1765469201.6501598,
  "episode_reward": -62.1700553894043,
  "num_steps": 294912,
  "feature_compute_time_s": 5.4848244190216064,
  "train_iter_time_s": 3.7605221271514893,
  "init_seed": 200,
  "train_seed": 200,
  "best_reward_so_far": -4.775025398144979
}