{
  "sharpness": 1.6896770611595096,
  "gradient_smoothness": 0.016243405184830015,
  "loss_mean": 0.0,
  "loss_std": 0.0,
  "loss_trend": -1.9928735672164122e-11,
  "parameter_norm": 26.977150417071417,
  "lambda_max_10": -1.087466835975647,
  "hessian_trace_10": 134.45481796264647,
  "fim_trace": 962.6608189828694,
  "step_count": 119,
  "timestamp": 1763780646.3299723,
  "num_steps": 3932160,
  "feature_compute_time_s": 7.102172136306763,
  "train_iter_time_s": 11.509907245635986,
  "init_seed": 203,
  "train_seed": 200,
  "best_reward_so_far": 1072.63937614953
}