{
  "sharpness": 2.324492417488256,
  "gradient_smoothness": 0.5721302308556058,
  "loss_mean": 0.0,
  "loss_std": 0.0,
  "loss_trend": -4.189081604286627e-11,
  "parameter_norm": 28.423538463402576,
  "lambda_max_10": -31.45415496826172,
  "hessian_trace_10": 238.74674072265626,
  "fim_trace": 2220.1002980321646,
  "step_count": 187,
  "timestamp": 1763781917.4362829,
  "episode_reward": 1312.5862803837763,
  "num_steps": 6160384,
  "feature_compute_time_s": 7.183380126953125,
  "train_iter_time_s": 11.062626600265503,
  "init_seed": 203,
  "train_seed": 200,
  "best_reward_so_far": 1315.7771624867432
}