{
  "sharpness": 1.9089860853061507,
  "gradient_smoothness": 0.34035661596379435,
  "loss_mean": 0.0,
  "loss_std": 0.0,
  "loss_trend": -6.604331498146183e-12,
  "parameter_norm": 27.678707067216273,
  "lambda_max_10": -20.397605895996094,
  "hessian_trace_10": 167.21691360473633,
  "fim_trace": 1781.426744684577,
  "step_count": 140,
  "timestamp": 1763774265.2103784,
  "episode_reward": 1301.5010224105213,
  "num_steps": 4620288,
  "feature_compute_time_s": 8.903767108917236,
  "train_iter_time_s": 10.608819246292114,
  "init_seed": 200,
  "train_seed": 201,
  "best_reward_so_far": 1301.5010224105213
}