{
  "sharpness": 1.3781163925646043,
  "gradient_smoothness": 0.226599685631158,
  "loss_mean": 0.0,
  "loss_std": 0.0,
  "loss_trend": 3.936784276307406e-11,
  "parameter_norm": 34.407813166448534,
  "lambda_max_10": -26.394752502441406,
  "hessian_trace_10": 339.5743881225586,
  "fim_trace": 1668.1937561295927,
  "step_count": 53,
  "timestamp": 1765439568.1106389,
  "episode_reward": -9.171781539916992,
  "num_steps": 1769472,
  "feature_compute_time_s": 5.561254501342773,
  "train_iter_time_s": 3.7602930068969727,
  "init_seed": 200,
  "train_seed": 206,
  "best_reward_so_far": 1020.9990905795927
}