{
  "sharpness": 1.708813742921803,
  "gradient_smoothness": 0.0,
  "loss_mean": 0.0,
  "loss_std": 0.0,
  "loss_trend": 0.0,
  "parameter_norm": 34.387215518852365,
  "lambda_max_10": -69.41580200195312,
  "hessian_trace_10": 841.9916320800781,
  "fim_trace": 4271.773455969989,
  "step_count": 1,
  "timestamp": 1765468804.7508664,
  "episode_reward": -16.74452781677246,
  "num_steps": 65536,
  "feature_compute_time_s": 5.152226209640503,
  "train_iter_time_s": 4.085176944732666,
  "init_seed": 203,
  "train_seed": 200,
  "best_reward_so_far": -11.538230384259638
}