{
  "sharpness": 1.5953366826221083,
  "gradient_smoothness": 0.18873750759922656,
  "loss_mean": 0.0,
  "loss_std": 0.0,
  "loss_trend": 7.544590893568013e-09,
  "parameter_norm": 29.219141714887765,
  "lambda_max_10": -1.569939374923706,
  "hessian_trace_10": 310.0310508728027,
  "fim_trace": 5791.654010117054,
  "step_count": 2,
  "timestamp": 1764147237.0530713,
  "episode_reward": 1682.914794921875,
  "num_steps": 98304,
  "feature_compute_time_s": 5.564051151275635,
  "train_iter_time_s": 5.446797132492065,
  "init_seed": 200,
  "train_seed": 201,
  "best_reward_so_far": -Infinity
}