{
  "sharpness": 1.8290972461067445,
  "gradient_smoothness": 0.0,
  "loss_mean": 0.0,
  "loss_std": 0.0,
  "loss_trend": 0.0,
  "parameter_norm": 29.016136748168435,
  "lambda_max_10": 54.93186950683594,
  "hessian_trace_10": 148.14431686401366,
  "fim_trace": 3285.1758038699627,
  "step_count": 1,
  "timestamp": 1764157403.7920902,
  "episode_reward": 1348.9058837890625,
  "num_steps": 65536,
  "feature_compute_time_s": 5.334226608276367,
  "train_iter_time_s": 2.934314250946045,
  "init_seed": 203,
  "train_seed": 200,
  "best_reward_so_far": -Infinity
}