{
  "sharpness": 1.2734946579557571,
  "gradient_smoothness": 0.030700182915130433,
  "loss_mean": 0.0,
  "loss_std": 0.0,
  "loss_trend": 7.946070376201911e-11,
  "parameter_norm": 24.91174624161818,
  "lambda_max_10": -1.513593077659607,
  "hessian_trace_10": 53.34746007919311,
  "fim_trace": 438.5454536601901,
  "step_count": 59,
  "timestamp": 1763774251.403997,
  "num_steps": 1966080,
  "feature_compute_time_s": 5.516843318939209,
  "train_iter_time_s": 11.581065654754639,
  "init_seed": 200,
  "train_seed": 205,
  "best_reward_so_far": 292.7856585693515
}