{
  "sharpness": 0.6243004423044614,
  "gradient_smoothness": 0.05554112188160288,
  "loss_mean": 0.0,
  "loss_std": 0.0,
  "loss_trend": 1.7965045149805817e-10,
  "parameter_norm": 23.781415792658883,
  "lambda_max_10": 2.2023587226867676,
  "hessian_trace_10": 28.642445659637453,
  "fim_trace": 60.76301118731499,
  "step_count": 27,
  "timestamp": 1763759567.3217065,
  "episode_reward": 324.7369789311165,
  "num_steps": 917504,
  "feature_compute_time_s": 7.7670228481292725,
  "train_iter_time_s": 18.981530904769897,
  "init_seed": 200,
  "train_seed": 205,
  "best_reward_so_far": 344.27320825754373
}