{
  "sharpness": 1.3545214528119762,
  "gradient_smoothness": 0.0025942584339121604,
  "loss_mean": 0.0,
  "loss_std": 0.0,
  "loss_trend": 1.165423429624553e-09,
  "parameter_norm": 33.514880239048225,
  "lambda_max_10": -24.507427215576172,
  "hessian_trace_10": 506.85386352539064,
  "fim_trace": 2713.887174360454,
  "step_count": 14,
  "timestamp": 1765439228.5749145,
  "episode_reward": 997.1389770507812,
  "num_steps": 491520,
  "feature_compute_time_s": 10.872457265853882,
  "train_iter_time_s": 3.8822708129882812,
  "init_seed": 200,
  "train_seed": 205,
  "best_reward_so_far": 155.07015691861977
}