{
  "sharpness": 1.6762523592553669,
  "gradient_smoothness": 0.05220328888932834,
  "loss_mean": 0.0,
  "loss_std": 0.0,
  "loss_trend": 1.8351808617014307e-09,
  "parameter_norm": 32.96101459670089,
  "lambda_max_10": -43.11402893066406,
  "hessian_trace_10": 401.2669952392578,
  "fim_trace": 2239.4904577061534,
  "step_count": 4,
  "timestamp": 1765442777.8366735,
  "episode_reward": -20.31357192993164,
  "num_steps": 163840,
  "feature_compute_time_s": 5.505714654922485,
  "train_iter_time_s": 4.1531736850738525,
  "init_seed": 203,
  "train_seed": 200,
  "best_reward_so_far": 33.97376207559634
}