{
  "sharpness": 0.97992920510377,
  "gradient_smoothness": 0.013485334923502297,
  "loss_mean": 0.0,
  "loss_std": 0.0,
  "loss_trend": -1.1822382706336418e-10,
  "parameter_norm": 23.950778114067123,
  "lambda_max_10": 4.253470420837402,
  "hessian_trace_10": 17.825685882568358,
  "fim_trace": 245.00376187637448,
  "step_count": 45,
  "timestamp": 1763772614.488418,
  "num_steps": 1507328,
  "feature_compute_time_s": 4.597674131393433,
  "train_iter_time_s": 7.72362208366394,
  "init_seed": 200,
  "train_seed": 202,
  "best_reward_so_far": 4.54602885343934
}