{
  "sharpness": 1.677838579035541,
  "gradient_smoothness": 0.0303836540882514,
  "loss_mean": 0.0,
  "loss_std": 0.0,
  "loss_trend": 5.681333670559765e-11,
  "parameter_norm": 28.882532041561102,
  "lambda_max_10": -49.431884765625,
  "hessian_trace_10": 383.0171264648437,
  "fim_trace": 3946.4441990852356,
  "step_count": 181,
  "timestamp": 1763774311.2536583,
  "num_steps": 5963776,
  "feature_compute_time_s": 4.415502309799194,
  "train_iter_time_s": 7.123398303985596,
  "init_seed": 200,
  "train_seed": 202,
  "best_reward_so_far": 1073.9334355102728
}