{
  "sharpness": 1.851168994982834,
  "gradient_smoothness": 0.30618879040173486,
  "loss_mean": 0.0,
  "loss_std": 0.0,
  "loss_trend": -6.395045751172832e-09,
  "parameter_norm": 29.39658289012552,
  "lambda_max_10": -63.765621185302734,
  "hessian_trace_10": 559.1526306152343,
  "fim_trace": 6336.180006861687,
  "step_count": 3,
  "timestamp": 1764167029.3380651,
  "episode_reward": 1134.6259765625,
  "num_steps": 131072,
  "feature_compute_time_s": 5.242911338806152,
  "train_iter_time_s": 3.2570908069610596,
  "init_seed": 200,
  "train_seed": 204,
  "best_reward_so_far": -Infinity
}