{
  "sharpness": 2.5468483981537027,
  "gradient_smoothness": 0.003947609653464666,
  "loss_mean": 0.0,
  "loss_std": 0.0,
  "loss_trend": 7.798327567497269e-11,
  "parameter_norm": 29.049403572821085,
  "lambda_max_10": -15.6323881149292,
  "hessian_trace_10": 147.73734283447266,
  "fim_trace": 2981.327613979578,
  "step_count": 185,
  "timestamp": 1763778516.5057569,
  "num_steps": 6094848,
  "feature_compute_time_s": 9.023805856704712,
  "train_iter_time_s": 9.81008791923523,
  "init_seed": 200,
  "train_seed": 206,
  "best_reward_so_far": 1100.6991600558704
}