{
  "sharpness": 1.2979257036107397,
  "gradient_smoothness": 0.11323814190969365,
  "loss_mean": 0.0,
  "loss_std": 0.0,
  "loss_trend": -4.583799903607416e-09,
  "parameter_norm": 33.0184400594503,
  "lambda_max_10": -37.59395217895508,
  "hessian_trace_10": 573.9681793212891,
  "fim_trace": 3125.8952565677464,
  "step_count": 2,
  "timestamp": 1765438182.0045023,
  "episode_reward": -12.188643455505371,
  "num_steps": 98304,
  "feature_compute_time_s": 5.528379917144775,
  "train_iter_time_s": 4.444196462631226,
  "init_seed": 200,
  "train_seed": 206,
  "best_reward_so_far": 65.26884128884612
}