{
  "sharpness": 1.3689379075342973,
  "gradient_smoothness": 0.04286964867584406,
  "loss_mean": 0.0,
  "loss_std": 0.0,
  "loss_trend": -8.898723409837172e-11,
  "parameter_norm": 26.850390168673332,
  "lambda_max_10": 8.799232482910156,
  "hessian_trace_10": 264.0130447387695,
  "fim_trace": 395.4846891015768,
  "step_count": 67,
  "timestamp": 1763760521.2620728,
  "episode_reward": 758.323452787703,
  "num_steps": 2228224,
  "feature_compute_time_s": 6.296690464019775,
  "train_iter_time_s": 14.747594118118286,
  "init_seed": 200,
  "train_seed": 202,
  "best_reward_so_far": 804.9830145017198
}