{
  "sharpness": 1.3784830189385797,
  "gradient_smoothness": 0.11715713437700603,
  "loss_mean": 0.0,
  "loss_std": 0.0,
  "loss_trend": 7.309736688677683e-09,
  "parameter_norm": 32.735615814068346,
  "lambda_max_10": -38.586273193359375,
  "hessian_trace_10": 538.6964050292969,
  "fim_trace": 2350.529116898775,
  "step_count": 3,
  "timestamp": 1765439945.8712385,
  "episode_reward": 444.5537414550781,
  "num_steps": 131072,
  "feature_compute_time_s": 9.67090129852295,
  "train_iter_time_s": 3.8826818466186523,
  "init_seed": 200,
  "train_seed": 207,
  "best_reward_so_far": 76.46860518465596
}