{
  "sharpness": 1.718321305567717,
  "gradient_smoothness": 0.0,
  "parameter_norm": 101.74841936735936,
  "lambda_max_10": -4.316991329193115,
  "hessian_trace_10": 37.69138641357422,
  "fim_trace": 1879.0363719761372,
  "step_count": 0,
  "timestamp": 1764177928.0814986,
  "episode_reward": -513.43994140625,
  "num_steps": 32768,
  "feature_compute_time_s": 5.148312330245972,
  "train_iter_time_s": 4.833454608917236,
  "init_seed": 200,
  "train_seed": 203,
  "best_reward_so_far": -Infinity
}