{
  "sharpness": 1.221736567789324,
  "gradient_smoothness": 0.059668977797600005,
  "loss_mean": 0.0,
  "loss_std": 0.0,
  "loss_trend": -3.4917630627344637e-10,
  "parameter_norm": 33.938410135864544,
  "lambda_max_10": -17.04095458984375,
  "hessian_trace_10": 452.86122131347656,
  "fim_trace": 1476.100111361593,
  "step_count": 33,
  "timestamp": 1765441563.2083197,
  "episode_reward": 369.2521057128906,
  "num_steps": 1114112,
  "feature_compute_time_s": 10.44081449508667,
  "train_iter_time_s": 7.71484375,
  "init_seed": 200,
  "train_seed": 200,
  "best_reward_so_far": 712.7871376832762
}