{
  "sharpness": 2.30287743010964,
  "gradient_smoothness": 0.0,
  "parameter_norm": 32.95254014891349,
  "lambda_max_10": 41.14966583251953,
  "hessian_trace_10": 327.3841827392578,
  "fim_trace": 2555.2209202051163,
  "step_count": 0,
  "timestamp": 1766082762.7572656,
  "episode_reward": 1204.381591796875,
  "num_steps": 32768,
  "feature_compute_time_s": 5.6046226024627686,
  "train_iter_time_s": 5.593982458114624,
  "init_seed": 201,
  "train_seed": 200,
  "best_reward_so_far": -Infinity
}