{
  "sharpness": 1.8495221902732149,
  "gradient_smoothness": 0.19365289806821348,
  "loss_mean": 0.0,
  "loss_std": 0.0,
  "loss_trend": -2.495342579709309e-10,
  "parameter_norm": 45.84822053785176,
  "lambda_max_10": -35.839073181152344,
  "hessian_trace_10": 1020.6061950683594,
  "fim_trace": 13594.801362663507,
  "step_count": 10,
  "timestamp": 1765469065.848536,
  "episode_reward": -16.843528747558594,
  "num_steps": 360448,
  "feature_compute_time_s": 5.798918008804321,
  "train_iter_time_s": 4.072529554367065,
  "init_seed": 200,
  "train_seed": 200,
  "best_reward_so_far": 37.600039296786875
}