{
  "sharpness": 0.9788983520285783,
  "gradient_smoothness": 0.008913959317178513,
  "loss_mean": 0.0,
  "loss_std": 0.0,
  "loss_trend": -5.719892181130961e-11,
  "parameter_norm": 22.937997257745533,
  "lambda_max_10": 2.6212713718414307,
  "hessian_trace_10": 22.948563051223754,
  "fim_trace": 112.4241037517786,
  "step_count": 39,
  "timestamp": 1763777754.2029026,
  "num_steps": 1310720,
  "feature_compute_time_s": 7.71605372428894,
  "train_iter_time_s": 11.842158794403076,
  "init_seed": 202,
  "train_seed": 200,
  "best_reward_so_far": -123.92373958756534
}