{
  "sharpness": 1.3591470560017103,
  "gradient_smoothness": 0.01834213951331042,
  "loss_mean": 0.0,
  "loss_std": 0.0,
  "loss_trend": 2.8146778056289003e-11,
  "parameter_norm": 30.746193365002373,
  "lambda_max_10": -17.39950180053711,
  "hessian_trace_10": 422.67197265625,
  "fim_trace": 1031.4829414468259,
  "step_count": 141,
  "timestamp": 1763761843.03718,
  "episode_reward": 1197.6247531140402,
  "num_steps": 4653056,
  "feature_compute_time_s": 10.535881996154785,
  "train_iter_time_s": 13.36891222000122,
  "init_seed": 200,
  "train_seed": 200,
  "best_reward_so_far": 1541.0695824493835
}