{
  "sharpness": 1.2521964172724487,
  "gradient_smoothness": 0.06335804103518429,
  "loss_mean": 0.0,
  "loss_std": 0.0,
  "loss_trend": -1.1080249422599584e-10,
  "parameter_norm": 34.19267916076289,
  "lambda_max_10": -1.9463433027267456,
  "hessian_trace_10": 267.9954292297363,
  "fim_trace": 1365.9833960682154,
  "step_count": 34,
  "timestamp": 1765441356.0049117,
  "episode_reward": 1359.1907958984375,
  "num_steps": 1146880,
  "feature_compute_time_s": 5.482090711593628,
  "train_iter_time_s": 4.072046995162964,
  "init_seed": 200,
  "train_seed": 204,
  "best_reward_so_far": 770.968580881497
}