{
  "sharpness": 1.6185894919747708,
  "gradient_smoothness": 0.15514086373500102,
  "loss_mean": 0.0,
  "loss_std": 0.0,
  "loss_trend": 2.970257477611227e-09,
  "parameter_norm": 46.0413012020091,
  "lambda_max_10": -50.57025909423828,
  "hessian_trace_10": 662.9311981201172,
  "fim_trace": 5834.387170791626,
  "step_count": 5,
  "timestamp": 1765469310.5663376,
  "episode_reward": 179.4355010986328,
  "num_steps": 196608,
  "feature_compute_time_s": 9.211958408355713,
  "train_iter_time_s": 5.002772331237793,
  "init_seed": 200,
  "train_seed": 204,
  "best_reward_so_far": 39.182585590131346
}