{
  "sharpness": 1.914170746393751,
  "gradient_smoothness": 0.2745000306609133,
  "loss_mean": 0.0,
  "loss_std": 0.0,
  "loss_trend": -4.719867161850749e-10,
  "parameter_norm": 30.70479357441491,
  "lambda_max_10": -25.54758644104004,
  "hessian_trace_10": 197.90821990966796,
  "fim_trace": 6165.793407082558,
  "step_count": 10,
  "timestamp": 1764177018.2596152,
  "episode_reward": 3451.612060546875,
  "num_steps": 360448,
  "feature_compute_time_s": 5.111320972442627,
  "train_iter_time_s": 2.742950916290283,
  "init_seed": 200,
  "train_seed": 200,
  "best_reward_so_far": -Infinity
}