{
  "sharpness": 1.5478429328565368,
  "gradient_smoothness": 0.037543799710465196,
  "loss_mean": 0.0,
  "loss_std": 0.0,
  "loss_trend": -7.020924608580462e-11,
  "parameter_norm": 27.076315387700546,
  "lambda_max_10": 9.325174331665039,
  "hessian_trace_10": 225.04620513916015,
  "fim_trace": 308.78596913442016,
  "step_count": 67,
  "timestamp": 1763764572.5959685,
  "episode_reward": 662.6340229042884,
  "num_steps": 2228224,
  "feature_compute_time_s": 5.10308051109314,
  "train_iter_time_s": 9.389793634414673,
  "init_seed": 200,
  "train_seed": 200,
  "best_reward_so_far": 825.5063438058102
}