{
  "sharpness": 3.1115797450311473,
  "gradient_smoothness": 0.19193452842061234,
  "loss_mean": 0.0,
  "loss_std": 0.0,
  "loss_trend": -1.6565832573252957e-10,
  "parameter_norm": 102.3899735014499,
  "lambda_max_10": 23.429079055786133,
  "hessian_trace_10": -24.69877529144287,
  "fim_trace": 4775.419500913471,
  "step_count": 8,
  "timestamp": 1765470378.1896865,
  "episode_reward": -3.0674734115600586,
  "num_steps": 294912,
  "feature_compute_time_s": 6.754342555999756,
  "train_iter_time_s": 4.456246852874756,
  "init_seed": 207,
  "train_seed": 200,
  "best_reward_so_far": -5.84750673676989
}