{
  "sharpness": 1.2831695015494082,
  "gradient_smoothness": 0.05062755753780649,
  "loss_mean": 0.0,
  "loss_std": 0.0,
  "loss_trend": 1.0929253176740002e-10,
  "parameter_norm": 33.674246905174506,
  "lambda_max_10": -18.12322998046875,
  "hessian_trace_10": 266.03623352050784,
  "fim_trace": 1798.0597141087055,
  "step_count": 32,
  "timestamp": 1765444365.1582458,
  "episode_reward": -2.573524236679077,
  "num_steps": 1081344,
  "feature_compute_time_s": 5.502483129501343,
  "train_iter_time_s": 3.938924551010132,
  "init_seed": 207,
  "train_seed": 200,
  "best_reward_so_far": 825.5760108493558
}