{
  "sharpness": 1.8941663821464392,
  "gradient_smoothness": 0.05602924159335717,
  "loss_mean": 0.0,
  "loss_std": 0.0,
  "loss_trend": -1.8459175797408652e-11,
  "parameter_norm": 27.403869420721733,
  "lambda_max_10": -14.47083568572998,
  "hessian_trace_10": 116.14081420898438,
  "fim_trace": 949.4101472049952,
  "step_count": 113,
  "timestamp": 1763778292.1114945,
  "num_steps": 3735552,
  "feature_compute_time_s": 7.16731333732605,
  "train_iter_time_s": 14.49067497253418,
  "init_seed": 201,
  "train_seed": 200,
  "best_reward_so_far": 917.083857969849
}