{
  "sharpness": 1.2482497315095231,
  "gradient_smoothness": 0.0477606980279558,
  "loss_mean": 0.0,
  "loss_std": 0.0,
  "loss_trend": 5.614891897198563e-10,
  "parameter_norm": 33.43425159544984,
  "lambda_max_10": -15.618136405944824,
  "hessian_trace_10": 347.77949676513674,
  "fim_trace": 1277.0236353091896,
  "step_count": 14,
  "timestamp": 1765442150.7462265,
  "episode_reward": -36.52739334106445,
  "num_steps": 491520,
  "feature_compute_time_s": 5.572262763977051,
  "train_iter_time_s": 3.9886014461517334,
  "init_seed": 204,
  "train_seed": 200,
  "best_reward_so_far": 121.28181415078464
}