{
  "sharpness": 2.2202788158587663,
  "gradient_smoothness": 0.2596596911097905,
  "loss_mean": 0.0,
  "loss_std": 0.0,
  "loss_trend": 3.204503510169631e-11,
  "parameter_norm": 40.91642207726304,
  "lambda_max_10": -31.148958206176758,
  "hessian_trace_10": 373.66578369140626,
  "fim_trace": 3290.5790017843246,
  "step_count": 10,
  "timestamp": 1766080954.3525076,
  "episode_reward": 1631.2984619140625,
  "num_steps": 360448,
  "feature_compute_time_s": 5.128187656402588,
  "train_iter_time_s": 2.7571377754211426,
  "init_seed": 203,
  "train_seed": 200,
  "best_reward_so_far": -Infinity
}