{
  "sharpness": 1.4131279335885212,
  "gradient_smoothness": 0.051605591953401385,
  "loss_mean": 0.0,
  "loss_std": 0.0,
  "loss_trend": -5.950813367149687e-11,
  "parameter_norm": 34.18126475487509,
  "lambda_max_10": -25.95701789855957,
  "hessian_trace_10": 550.9043579101562,
  "fim_trace": 2776.850519983098,
  "step_count": 42,
  "timestamp": 1765443251.5700772,
  "episode_reward": -7.928330421447754,
  "num_steps": 1409024,
  "feature_compute_time_s": 7.146324396133423,
  "train_iter_time_s": 4.337544679641724,
  "init_seed": 206,
  "train_seed": 200,
  "best_reward_so_far": 953.4479973801605
}