{
  "sharpness": 1.1348205126876885,
  "gradient_smoothness": 0.2094053141038085,
  "loss_mean": 0.0,
  "loss_std": 0.0,
  "loss_trend": -1.0574833423069945e-10,
  "parameter_norm": 34.30698994442194,
  "lambda_max_10": -40.51469039916992,
  "hessian_trace_10": 663.9544677734375,
  "fim_trace": 4013.513003120199,
  "step_count": 55,
  "timestamp": 1765440648.9984455,
  "episode_reward": 1245.6923828125,
  "num_steps": 1835008,
  "feature_compute_time_s": 5.529247760772705,
  "train_iter_time_s": 4.05573034286499,
  "init_seed": 200,
  "train_seed": 202,
  "best_reward_so_far": 1115.117412219472
}