{
  "sharpness": 9.902115966415526,
  "gradient_smoothness": 0.0,
  "parameter_norm": 293.93088207489376,
  "lambda_max_10": 1351778.25,
  "hessian_trace_10": -30274204.0,
  "fim_trace": 2.1715414054631424e+16,
  "step_count": 0,
  "timestamp": 1764170461.484164,
  "episode_reward": -637.57080078125,
  "num_steps": 32768,
  "feature_compute_time_s": 7.701801538467407,
  "train_iter_time_s": 4.738703489303589,
  "init_seed": 200,
  "train_seed": 204,
  "best_reward_so_far": -Infinity
}