{
  "sharpness": 1.9286210043081398,
  "gradient_smoothness": 0.5901397833625803,
  "loss_mean": 0.0,
  "loss_std": 0.0,
  "loss_trend": -3.365621263057211e-10,
  "parameter_norm": 33.160079109990086,
  "lambda_max_10": -38.4536018371582,
  "hessian_trace_10": 408.51903076171874,
  "fim_trace": 4345.790737211704,
  "step_count": 14,
  "timestamp": 1766080565.4048896,
  "episode_reward": 1415.91845703125,
  "num_steps": 491520,
  "feature_compute_time_s": 7.440783977508545,
  "train_iter_time_s": 3.7366559505462646,
  "init_seed": 200,
  "train_seed": 206,
  "best_reward_so_far": -Infinity
}