{
  "sharpness": 1.8368114806463829,
  "gradient_smoothness": 0.629157011265491,
  "loss_mean": 0.0,
  "loss_std": 0.0,
  "loss_trend": -4.956363477685573e-10,
  "parameter_norm": 101.76828803200402,
  "lambda_max_10": 7.00922155380249,
  "hessian_trace_10": -2.635111999511719,
  "fim_trace": 3485.7782647907734,
  "step_count": 14,
  "timestamp": 1764178023.4617515,
  "episode_reward": -468.9195251464844,
  "num_steps": 491520,
  "feature_compute_time_s": 9.200050830841064,
  "train_iter_time_s": 3.550483226776123,
  "init_seed": 200,
  "train_seed": 200,
  "best_reward_so_far": -Infinity
}