{
  "sharpness": 1.4566310693619533,
  "gradient_smoothness": 0.0002981014324905998,
  "loss_mean": 0.0,
  "loss_std": 0.0,
  "loss_trend": -3.649315688643533e-11,
  "parameter_norm": 28.034450574009995,
  "lambda_max_10": 3.8421754837036133,
  "hessian_trace_10": 248.19478912353514,
  "fim_trace": 371.5513854175806,
  "step_count": 90,
  "timestamp": 1763761336.7367473,
  "episode_reward": 1021.4969089095804,
  "num_steps": 2981888,
  "feature_compute_time_s": 7.165955543518066,
  "train_iter_time_s": 16.365779638290405,
  "init_seed": 200,
  "train_seed": 201,
  "best_reward_so_far": 1199.4311176756057
}