{
  "sharpness": 1.2507155561647059,
  "gradient_smoothness": 0.16551985166611188,
  "loss_mean": 0.0,
  "loss_std": 0.0,
  "loss_trend": -1.1375105128195986e-08,
  "parameter_norm": 33.18114052284063,
  "lambda_max_10": -22.068439483642578,
  "hessian_trace_10": 317.6338577270508,
  "fim_trace": 1499.588092688471,
  "step_count": 2,
  "timestamp": 1765468766.4398901,
  "episode_reward": 39.28921127319336,
  "num_steps": 98304,
  "feature_compute_time_s": 8.45048975944519,
  "train_iter_time_s": 6.520782709121704,
  "init_seed": 200,
  "train_seed": 203,
  "best_reward_so_far": 55.3952489339797
}