{
  "sharpness": 1.755966068757472,
  "gradient_smoothness": 0.3319758037927064,
  "loss_mean": 0.0,
  "loss_std": 0.0,
  "loss_trend": -1.0186947144280676e-09,
  "parameter_norm": 29.7290973075314,
  "lambda_max_10": -34.62875747680664,
  "hessian_trace_10": 207.40102310180663,
  "fim_trace": 3881.261128745973,
  "step_count": 11,
  "timestamp": 1764167263.8967404,
  "episode_reward": 1715.5445556640625,
  "num_steps": 393216,
  "feature_compute_time_s": 6.957040071487427,
  "train_iter_time_s": 3.5497655868530273,
  "init_seed": 200,
  "train_seed": 203,
  "best_reward_so_far": -Infinity
}