{
  "sharpness": 2.894561450123679,
  "gradient_smoothness": 0.1841449145205241,
  "loss_mean": 0.0,
  "loss_std": 0.0,
  "loss_trend": -2.9071327232447306e-11,
  "parameter_norm": 43.478357106298425,
  "lambda_max_10": -110.89503479003906,
  "hessian_trace_10": 1555.6911010742188,
  "fim_trace": 18852.09971535206,
  "step_count": 8,
  "timestamp": 1764177473.3940206,
  "episode_reward": 1511.157470703125,
  "num_steps": 294912,
  "feature_compute_time_s": 5.129968643188477,
  "train_iter_time_s": 3.136681079864502,
  "init_seed": 202,
  "train_seed": 200,
  "best_reward_so_far": -Infinity
}