{
  "sharpness": 1.268692455050142,
  "gradient_smoothness": 0.0,
  "loss_mean": 0.0,
  "loss_std": 0.0,
  "loss_trend": 0.0,
  "parameter_norm": 32.93310036458544,
  "lambda_max_10": -41.80936050415039,
  "hessian_trace_10": 465.0499267578125,
  "fim_trace": 3171.968866787851,
  "step_count": 1,
  "timestamp": 1765468490.7254584,
  "episode_reward": -15.965012550354004,
  "num_steps": 65536,
  "feature_compute_time_s": 8.22928500175476,
  "train_iter_time_s": 7.655255556106567,
  "init_seed": 200,
  "train_seed": 206,
  "best_reward_so_far": 24.743008306256154
}