{
  "sharpness": 2.150753815905608,
  "gradient_smoothness": 0.04912944784817047,
  "loss_mean": 0.0,
  "loss_std": 0.0,
  "loss_trend": -1.1283687173908464e-11,
  "parameter_norm": 29.27661643312791,
  "lambda_max_10": -41.0837287902832,
  "hessian_trace_10": 189.42577714920043,
  "fim_trace": 4377.333302855492,
  "step_count": 285,
  "timestamp": 1763787060.8935745,
  "num_steps": 9371648,
  "feature_compute_time_s": 8.489699363708496,
  "train_iter_time_s": 13.07551383972168,
  "init_seed": 207,
  "train_seed": 200,
  "best_reward_so_far": 1479.7704560151076
}