{
  "sharpness": 4.8602292275695,
  "gradient_smoothness": 0.6253854711618226,
  "loss_mean": 0.0,
  "loss_std": 0.0,
  "loss_trend": 5.501343597913304e-10,
  "parameter_norm": 52.467768321146764,
  "lambda_max_10": 39.87702560424805,
  "hessian_trace_10": 133.8468048095703,
  "fim_trace": 12240.69879102707,
  "step_count": 14,
  "timestamp": 1766080777.539712,
  "episode_reward": -380.0266418457031,
  "num_steps": 491520,
  "feature_compute_time_s": 5.5968873500823975,
  "train_iter_time_s": 3.4698801040649414,
  "init_seed": 200,
  "train_seed": 206,
  "best_reward_so_far": -Infinity
}