{
  "sharpness": 1.3203962534940161,
  "gradient_smoothness": 0.0,
  "loss_mean": 0.0,
  "loss_std": 0.0,
  "loss_trend": 0.0,
  "parameter_norm": 32.543535535224514,
  "lambda_max_10": -33.09607696533203,
  "hessian_trace_10": 392.53211364746096,
  "fim_trace": 1331.0788494087756,
  "step_count": 1,
  "timestamp": 1765440789.3689582,
  "episode_reward": 18.794132232666016,
  "num_steps": 65536,
  "feature_compute_time_s": 6.014590501785278,
  "train_iter_time_s": 4.152397394180298,
  "init_seed": 200,
  "train_seed": 207,
  "best_reward_so_far": 33.96286733375996
}