{
  "sharpness": 1.89679556187451,
  "gradient_smoothness": 0.7615941559557649,
  "loss_mean": 0.0,
  "loss_std": 0.0,
  "loss_trend": 5.531792219555533e-10,
  "parameter_norm": 46.31344756563551,
  "lambda_max_10": -54.29663848876953,
  "hessian_trace_10": 845.798941040039,
  "fim_trace": 15943.470550954342,
  "step_count": 15,
  "timestamp": 1765469585.5464811,
  "episode_reward": 106.0341796875,
  "num_steps": 524288,
  "feature_compute_time_s": 6.714089870452881,
  "train_iter_time_s": 7.273010730743408,
  "init_seed": 200,
  "train_seed": 200,
  "best_reward_so_far": 40.77828494111506
}