{
  "sharpness": 1.2650909638173722,
  "gradient_smoothness": 0.13273726221378823,
  "loss_mean": 0.0,
  "loss_std": 0.0,
  "loss_trend": -1.2816366284105141e-09,
  "parameter_norm": 32.84143610024982,
  "lambda_max_10": -23.70638084411621,
  "hessian_trace_10": 412.63892517089846,
  "fim_trace": 1808.57259561494,
  "step_count": 11,
  "timestamp": 1765468659.126937,
  "episode_reward": 1251.922119140625,
  "num_steps": 393216,
  "feature_compute_time_s": 8.241017818450928,
  "train_iter_time_s": 4.799384355545044,
  "init_seed": 200,
  "train_seed": 201,
  "best_reward_so_far": 214.86650750992462
}