{
  "sharpness": 1.1923734829205241,
  "gradient_smoothness": 0.1844627572725877,
  "loss_mean": 0.0,
  "loss_std": 0.0,
  "loss_trend": -5.064511028086886e-11,
  "parameter_norm": 34.03508173885246,
  "lambda_max_10": 13.58809757232666,
  "hessian_trace_10": 433.0842346191406,
  "fim_trace": 1614.3669446259737,
  "step_count": 52,
  "timestamp": 1765440886.4548943,
  "episode_reward": 490.87127685546875,
  "num_steps": 1736704,
  "feature_compute_time_s": 8.407175064086914,
  "train_iter_time_s": 3.7701327800750732,
  "init_seed": 200,
  "train_seed": 200,
  "best_reward_so_far": 766.2326117149235
}