{
  "sharpness": 0.2843090318638939,
  "gradient_smoothness": 0.0950792371150323,
  "loss_mean": 0.0,
  "loss_std": 0.0,
  "loss_trend": -1.2294255304323167e-10,
  "parameter_norm": 21.8226374570443,
  "lambda_max_10": 1.3149465322494507,
  "hessian_trace_10": 5.374926981329918,
  "fim_trace": 34.48739421740174,
  "step_count": 8,
  "timestamp": 1763759097.1107886,
  "episode_reward": 153.4852070020404,
  "num_steps": 294912,
  "feature_compute_time_s": 6.878052234649658,
  "train_iter_time_s": 20.139163494110107,
  "init_seed": 200,
  "train_seed": 205,
  "best_reward_so_far": 153.4852070020404
}