{
  "sharpness": 2.1011363935919065,
  "gradient_smoothness": 0.2281227360898808,
  "loss_mean": 0.0,
  "loss_std": 0.0,
  "loss_trend": -9.537931815135335e-10,
  "parameter_norm": 29.072661634956074,
  "lambda_max_10": -48.428253173828125,
  "hessian_trace_10": 232.35175247192382,
  "fim_trace": 3573.453551456332,
  "step_count": 9,
  "timestamp": 1764168059.8561943,
  "episode_reward": 1387.929443359375,
  "num_steps": 327680,
  "feature_compute_time_s": 6.987490892410278,
  "train_iter_time_s": 3.712562322616577,
  "init_seed": 202,
  "train_seed": 200,
  "best_reward_so_far": -Infinity
}