{
  "sharpness": 1.0999842078697308,
  "gradient_smoothness": 0.005983685073493372,
  "loss_mean": 0.0,
  "loss_std": 0.0,
  "loss_trend": -5.953437467517005e-11,
  "parameter_norm": 34.00715881677625,
  "lambda_max_10": -18.977371215820312,
  "hessian_trace_10": 257.63900299072264,
  "fim_trace": 2227.0877540148795,
  "step_count": 29,
  "timestamp": 1765440373.3282557,
  "episode_reward": 456.15380859375,
  "num_steps": 983040,
  "feature_compute_time_s": 10.77481198310852,
  "train_iter_time_s": 3.942047595977783,
  "init_seed": 200,
  "train_seed": 204,
  "best_reward_so_far": 377.4866529602026
}