{
  "sharpness": 2.219197975377014,
  "gradient_smoothness": 0.06462217378570946,
  "loss_mean": 0.0,
  "loss_std": 0.0,
  "loss_trend": -4.166495077813825e-09,
  "parameter_norm": 41.28071105034843,
  "lambda_max_10": -23.821754455566406,
  "hessian_trace_10": 37.47985763549805,
  "fim_trace": 1764.0171660259366,
  "step_count": 2,
  "timestamp": 1766082943.2334743,
  "episode_reward": 657.1095581054688,
  "num_steps": 98304,
  "feature_compute_time_s": 5.203062295913696,
  "train_iter_time_s": 2.775529623031616,
  "init_seed": 201,
  "train_seed": 200,
  "best_reward_so_far": -Infinity
}