{
  "sharpness": 1.1239727599896985,
  "gradient_smoothness": 0.0,
  "parameter_norm": 32.746174257365475,
  "lambda_max_10": -29.222753524780273,
  "hessian_trace_10": 585.9960357666016,
  "fim_trace": 3657.413384258747,
  "step_count": 0,
  "timestamp": 1765438795.3234138,
  "episode_reward": 49.36819076538086,
  "num_steps": 32768,
  "feature_compute_time_s": 5.5974342823028564,
  "train_iter_time_s": 3.847860813140869,
  "init_seed": 200,
  "train_seed": 202,
  "best_reward_so_far": 20.42662368753225
}