{
  "sharpness": 1.616714924327823,
  "gradient_smoothness": 0.7615941559557649,
  "loss_mean": 0.0,
  "loss_std": 0.0,
  "loss_trend": -2.0206545130621086e-10,
  "parameter_norm": 29.712329175724857,
  "lambda_max_10": -35.334686279296875,
  "hessian_trace_10": 233.65027885437013,
  "fim_trace": 3054.6957427561283,
  "step_count": 15,
  "timestamp": 1764167334.7648325,
  "episode_reward": 1308.734375,
  "num_steps": 524288,
  "feature_compute_time_s": 5.618909597396851,
  "train_iter_time_s": 3.512119770050049,
  "init_seed": 200,
  "train_seed": 202,
  "best_reward_so_far": 1084.7839260977312
}