{
  "sharpness": 2.084998803809917,
  "gradient_smoothness": 0.039703763400348584,
  "loss_mean": 0.0,
  "loss_std": 0.0,
  "loss_trend": 3.259134216397384e-11,
  "parameter_norm": 29.24557576862914,
  "lambda_max_10": -35.947998046875,
  "hessian_trace_10": 316.6371322631836,
  "fim_trace": 3678.9870615899563,
  "step_count": 262,
  "timestamp": 1763786582.9081337,
  "num_steps": 8617984,
  "feature_compute_time_s": 8.638367414474487,
  "train_iter_time_s": 13.237741470336914,
  "init_seed": 207,
  "train_seed": 200,
  "best_reward_so_far": 1467.7475334629858
}