{
  "sharpness": 1.4055764936849482,
  "gradient_smoothness": 0.3732106692471062,
  "loss_mean": 0.0,
  "loss_std": 0.0,
  "loss_trend": -3.5367037278884175e-11,
  "parameter_norm": 34.777810614320614,
  "lambda_max_10": -60.17380905151367,
  "hessian_trace_10": 812.1615356445312,
  "fim_trace": 5906.2367737442255,
  "step_count": 12,
  "timestamp": 1765469213.869527,
  "episode_reward": -5.0166192054748535,
  "num_steps": 425984,
  "feature_compute_time_s": 9.49293327331543,
  "train_iter_time_s": 8.064627885818481,
  "init_seed": 200,
  "train_seed": 206,
  "best_reward_so_far": 160.45732515613307
}