{
  "sharpness": 1.5534716361052006,
  "gradient_smoothness": 0.0759274861272057,
  "loss_mean": 0.0,
  "loss_std": 0.0,
  "loss_trend": 1.8375395757010093e-11,
  "parameter_norm": 34.37996878403203,
  "lambda_max_10": -16.757429122924805,
  "hessian_trace_10": 354.2906494140625,
  "fim_trace": 2449.5282509997487,
  "step_count": 45,
  "timestamp": 1765439770.3773077,
  "episode_reward": 1519.3419189453125,
  "num_steps": 1507328,
  "feature_compute_time_s": 10.73066782951355,
  "train_iter_time_s": 3.728675603866577,
  "init_seed": 200,
  "train_seed": 204,
  "best_reward_so_far": 774.3705821521406
}