{
  "sharpness": 1.3053185204030755,
  "gradient_smoothness": 0.09914526819937719,
  "loss_mean": 0.0,
  "loss_std": 0.0,
  "loss_trend": -3.3405615460603207e-09,
  "parameter_norm": 33.083848614472984,
  "lambda_max_10": -22.329545974731445,
  "hessian_trace_10": 354.0965118408203,
  "fim_trace": 2171.0304434150457,
  "step_count": 8,
  "timestamp": 1765443893.039981,
  "episode_reward": 114.02303314208984,
  "num_steps": 294912,
  "feature_compute_time_s": 5.695814609527588,
  "train_iter_time_s": 4.383380889892578,
  "init_seed": 205,
  "train_seed": 200,
  "best_reward_so_far": 169.23889448261707
}