{
  "sharpness": 2.1168099848437816,
  "gradient_smoothness": 0.37809381448280166,
  "loss_mean": 0.0,
  "loss_std": 0.0,
  "loss_trend": 7.701820440060061e-10,
  "parameter_norm": 45.83300283543885,
  "lambda_max_10": -114.66229248046875,
  "hessian_trace_10": 1678.9771850585937,
  "fim_trace": 20775.128648787737,
  "step_count": 12,
  "timestamp": 1765470239.8926754,
  "episode_reward": 284.2485656738281,
  "num_steps": 425984,
  "feature_compute_time_s": 8.200990200042725,
  "train_iter_time_s": 4.9014482498168945,
  "init_seed": 207,
  "train_seed": 200,
  "best_reward_so_far": 310.8558441983736
}