{
  "sharpness": 1.3787155749088869,
  "gradient_smoothness": 0.06377035269422612,
  "loss_mean": 0.0,
  "loss_std": 0.0,
  "loss_trend": -9.52987752332154e-11,
  "parameter_norm": 34.58908900137994,
  "lambda_max_10": -37.405517578125,
  "hessian_trace_10": 693.0032440185547,
  "fim_trace": 2307.9888128601015,
  "step_count": 43,
  "timestamp": 1765440223.5006661,
  "episode_reward": -5.352381229400635,
  "num_steps": 1441792,
  "feature_compute_time_s": 8.886370420455933,
  "train_iter_time_s": 4.103780269622803,
  "init_seed": 201,
  "train_seed": 200,
  "best_reward_so_far": 948.6835269405416
}