{
  "sharpness": 1.25386318882036,
  "gradient_smoothness": 0.059861318070837985,
  "loss_mean": 0.0,
  "loss_std": 0.0,
  "loss_trend": 2.6284068924260156e-11,
  "parameter_norm": 32.23376777160414,
  "lambda_max_10": -32.138832092285156,
  "hessian_trace_10": 466.5861053466797,
  "fim_trace": 2867.2420325651765,
  "step_count": 240,
  "timestamp": 1763770586.5167944,
  "episode_reward": 1156.262355267762,
  "num_steps": 7897088,
  "feature_compute_time_s": 5.149870157241821,
  "train_iter_time_s": 14.711297512054443,
  "init_seed": 201,
  "train_seed": 200,
  "best_reward_so_far": 1473.7350484719511
}