{
  "sharpness": 0.41800628176366655,
  "gradient_smoothness": 0.017444167614007976,
  "loss_mean": 0.0,
  "loss_std": 0.0,
  "loss_trend": -2.761957354895432e-11,
  "parameter_norm": 22.75463476412367,
  "lambda_max_10": 1.6480704545974731,
  "hessian_trace_10": 17.591625595092772,
  "fim_trace": 42.69969584979117,
  "step_count": 19,
  "timestamp": 1763759381.2961984,
  "episode_reward": 312.45183618979013,
  "num_steps": 655360,
  "feature_compute_time_s": 10.171598434448242,
  "train_iter_time_s": 16.871974229812622,
  "init_seed": 200,
  "train_seed": 204,
  "best_reward_so_far": 312.45183618979013
}