{
  "sharpness": 1.588531131636236,
  "gradient_smoothness": 0.0700948209015235,
  "loss_mean": 0.0,
  "loss_std": 0.0,
  "loss_trend": 6.655355899522621e-12,
  "parameter_norm": 32.26079755476813,
  "lambda_max_10": -41.98982238769531,
  "hessian_trace_10": 351.9948364257813,
  "fim_trace": 2385.611267482862,
  "step_count": 234,
  "timestamp": 1763771437.321116,
  "episode_reward": 1455.4958771680617,
  "num_steps": 7700480,
  "feature_compute_time_s": 6.355459690093994,
  "train_iter_time_s": 16.797630548477173,
  "init_seed": 203,
  "train_seed": 200,
  "best_reward_so_far": 1492.668318222472
}