{
  "sharpness": 1.5695161143784948,
  "gradient_smoothness": 0.15823800332451282,
  "loss_mean": 0.0,
  "loss_std": 0.0,
  "loss_trend": 1.7388771301428021e-09,
  "parameter_norm": 102.5252340165223,
  "lambda_max_10": -7.449743270874023,
  "hessian_trace_10": -11.342039966583252,
  "fim_trace": 2122.150259433314,
  "step_count": 6,
  "timestamp": 1765469686.6084762,
  "episode_reward": -18.921646118164062,
  "num_steps": 229376,
  "feature_compute_time_s": 7.721962928771973,
  "train_iter_time_s": 5.883966684341431,
  "init_seed": 200,
  "train_seed": 200,
  "best_reward_so_far": -6.741261761319515
}