{
  "sharpness": 1.8982765164042634,
  "gradient_smoothness": 0.7615941559557649,
  "loss_mean": 0.0,
  "loss_std": 0.0,
  "loss_trend": -1.8058646873815015e-10,
  "parameter_norm": 29.562179422405276,
  "lambda_max_10": 14.734176635742188,
  "hessian_trace_10": 250.48493118286132,
  "fim_trace": 3479.1572175621986,
  "step_count": 15,
  "timestamp": 1764161260.9246433,
  "episode_reward": 1639.5928955078125,
  "num_steps": 524288,
  "feature_compute_time_s": 5.10666561126709,
  "train_iter_time_s": 4.1763646602630615,
  "init_seed": 207,
  "train_seed": 200,
  "best_reward_so_far": 1020.4817425392077
}