{
  "sharpness": 1.3633949119267896,
  "gradient_smoothness": 0.019867002661412267,
  "loss_mean": 0.0,
  "loss_std": 0.0,
  "loss_trend": 2.804328298068869e-10,
  "parameter_norm": 32.92449603305158,
  "lambda_max_10": -30.16455078125,
  "hessian_trace_10": 571.1627410888672,
  "fim_trace": 1752.6070986688137,
  "step_count": 7,
  "timestamp": 1765439998.1904874,
  "episode_reward": 141.13839721679688,
  "num_steps": 262144,
  "feature_compute_time_s": 5.446227788925171,
  "train_iter_time_s": 5.2554943561553955,
  "init_seed": 200,
  "train_seed": 207,
  "best_reward_so_far": 102.37004107269418
}