{
  "sharpness": 1.3470449173692127,
  "gradient_smoothness": 0.013448998344534611,
  "loss_mean": 0.0,
  "loss_std": 0.0,
  "loss_trend": 2.1737343320720013e-11,
  "parameter_norm": 31.479231690283623,
  "lambda_max_10": -23.4174861907959,
  "hessian_trace_10": 302.7079803466797,
  "fim_trace": 879.5484762787819,
  "step_count": 175,
  "timestamp": 1763763080.8978546,
  "episode_reward": 1448.7665762208874,
  "num_steps": 5767168,
  "feature_compute_time_s": 7.153178453445435,
  "train_iter_time_s": 13.664861917495728,
  "init_seed": 200,
  "train_seed": 203,
  "best_reward_so_far": 1755.9926325268689
}