{
  "sharpness": 1.0925099766281587,
  "gradient_smoothness": 0.026878017838787873,
  "loss_mean": 0.0,
  "loss_std": 0.0,
  "loss_trend": -5.2860111082569594e-11,
  "parameter_norm": 24.63734105166725,
  "lambda_max_10": 6.085756301879883,
  "hessian_trace_10": 65.60142059326172,
  "fim_trace": 249.45567067712545,
  "step_count": 58,
  "timestamp": 1763782193.790615,
  "num_steps": 1933312,
  "feature_compute_time_s": 7.2089293003082275,
  "train_iter_time_s": 14.26353144645691,
  "init_seed": 207,
  "train_seed": 200,
  "best_reward_so_far": 474.2661392435274
}