{
  "sharpness": 1.2090810663401983,
  "gradient_smoothness": 0.08141370281647081,
  "loss_mean": 0.0,
  "loss_std": 0.0,
  "loss_trend": -7.849801440028488e-11,
  "parameter_norm": 27.78004814444327,
  "lambda_max_10": 12.977407455444336,
  "hessian_trace_10": 157.6376983642578,
  "fim_trace": 969.3745613470674,
  "step_count": 137,
  "timestamp": 1763777758.7805684,
  "num_steps": 4521984,
  "feature_compute_time_s": 5.362661361694336,
  "train_iter_time_s": 12.634980916976929,
  "init_seed": 200,
  "train_seed": 207,
  "best_reward_so_far": 1200.938955424686
}