{
  "sharpness": 1.1771921495377444,
  "gradient_smoothness": 0.06343144395280285,
  "loss_mean": 0.0,
  "loss_std": 0.0,
  "loss_trend": 4.727208728270486e-11,
  "parameter_norm": 31.560153011793204,
  "lambda_max_10": -8.251350402832031,
  "hessian_trace_10": 372.4185821533203,
  "fim_trace": 823.5791250653565,
  "step_count": 185,
  "timestamp": 1763766359.8872256,
  "episode_reward": 729.0698168160023,
  "num_steps": 6094848,
  "feature_compute_time_s": 5.081542491912842,
  "train_iter_time_s": 10.60384750366211,
  "init_seed": 200,
  "train_seed": 200,
  "best_reward_so_far": 825.5063438058102
}