{
  "sharpness": 2.553261563757894,
  "gradient_smoothness": 0.08210564588807234,
  "loss_mean": 0.0,
  "loss_std": 0.0,
  "loss_trend": -1.7395975245154042e-12,
  "parameter_norm": 29.503980168206585,
  "lambda_max_10": -62.74611282348633,
  "hessian_trace_10": 617.8438140869141,
  "fim_trace": 4017.9883419573307,
  "step_count": 279,
  "timestamp": 1763771680.2647772,
  "num_steps": 9175040,
  "feature_compute_time_s": 4.936977386474609,
  "train_iter_time_s": 7.389649152755737,
  "init_seed": 200,
  "train_seed": 200,
  "best_reward_so_far": 1269.1137796691619
}