{
  "sharpness": 1.770220090857087,
  "gradient_smoothness": 0.0,
  "loss_mean": 0.0,
  "loss_std": 0.0,
  "loss_trend": 0.0,
  "parameter_norm": 31.79801841419687,
  "lambda_max_10": 22.45602035522461,
  "hessian_trace_10": 369.12862930297854,
  "fim_trace": 7410.836748510599,
  "step_count": 1,
  "timestamp": 1764178012.7717612,
  "episode_reward": 3138.05322265625,
  "num_steps": 65536,
  "feature_compute_time_s": 5.169593095779419,
  "train_iter_time_s": 2.959131956100464,
  "init_seed": 205,
  "train_seed": 200,
  "best_reward_so_far": -Infinity
}