{
  "sharpness": 1.1164541413825095,
  "gradient_smoothness": 0.2914254927240522,
  "loss_mean": 0.0,
  "loss_std": 0.0,
  "loss_trend": -4.801693999299166e-11,
  "parameter_norm": 34.31821285004234,
  "lambda_max_10": -22.75113296508789,
  "hessian_trace_10": 360.6412750244141,
  "fim_trace": 2114.8714459836483,
  "step_count": 54,
  "timestamp": 1765439357.520125,
  "episode_reward": 1770.1527099609375,
  "num_steps": 1802240,
  "feature_compute_time_s": 5.625945091247559,
  "train_iter_time_s": 3.8787803649902344,
  "init_seed": 200,
  "train_seed": 202,
  "best_reward_so_far": 1063.9968230284144
}