{
  "sharpness": 1.462272516144485,
  "gradient_smoothness": 0.018004938122782817,
  "loss_mean": 0.0,
  "loss_std": 0.0,
  "loss_trend": 1.1610538190543653e-10,
  "parameter_norm": 33.23526470861267,
  "lambda_max_10": -19.693410873413086,
  "hessian_trace_10": 365.7770141601562,
  "fim_trace": 2324.509073894471,
  "step_count": 18,
  "timestamp": 1765443327.5560198,
  "episode_reward": 114.6198501586914,
  "num_steps": 622592,
  "feature_compute_time_s": 10.710670471191406,
  "train_iter_time_s": 4.457940578460693,
  "init_seed": 207,
  "train_seed": 200,
  "best_reward_so_far": 392.93297026562334
}