{
  "sharpness": 1.8798351643637716,
  "gradient_smoothness": 0.03150382648461695,
  "loss_mean": 0.0,
  "loss_std": 0.0,
  "loss_trend": -3.185023722557045e-11,
  "parameter_norm": 29.080511643563998,
  "lambda_max_10": -15.904413223266602,
  "hessian_trace_10": 197.73266525268554,
  "fim_trace": 2912.374382123351,
  "step_count": 189,
  "timestamp": 1763778604.4347036,
  "num_steps": 6225920,
  "feature_compute_time_s": 9.457968473434448,
  "train_iter_time_s": 12.701865911483765,
  "init_seed": 200,
  "train_seed": 206,
  "best_reward_so_far": 1100.6991600558704
}