{
  "sharpness": 2.5489396299994707,
  "gradient_smoothness": 0.18833815950734414,
  "loss_mean": 0.0,
  "loss_std": 0.0,
  "loss_trend": 6.751896655627737e-10,
  "parameter_norm": 102.31236548691477,
  "lambda_max_10": 13.89760971069336,
  "hessian_trace_10": -7.214785194396972,
  "fim_trace": 1618.1051967348903,
  "step_count": 10,
  "timestamp": 1765469500.8429043,
  "episode_reward": 412.4395446777344,
  "num_steps": 360448,
  "feature_compute_time_s": 5.5112504959106445,
  "train_iter_time_s": 5.210724115371704,
  "init_seed": 200,
  "train_seed": 202,
  "best_reward_so_far": 3.3926843068830497
}