{
  "sharpness": 4.860291225836799,
  "gradient_smoothness": 0.25332367192874106,
  "loss_mean": 0.0,
  "loss_std": 0.0,
  "loss_trend": -5.042677481633642e-10,
  "parameter_norm": 32.22996636604149,
  "lambda_max_10": -38.827945709228516,
  "hessian_trace_10": 421.4379287719727,
  "fim_trace": 2655.0200029090047,
  "step_count": 9,
  "timestamp": 1764177318.4957123,
  "episode_reward": -392.23931884765625,
  "num_steps": 327680,
  "feature_compute_time_s": 4.879429578781128,
  "train_iter_time_s": 2.910552740097046,
  "init_seed": 201,
  "train_seed": 200,
  "best_reward_so_far": -Infinity
}