{
  "sharpness": 1.927873788142894,
  "gradient_smoothness": 0.08152983693207685,
  "loss_mean": 0.0,
  "loss_std": 0.0,
  "loss_trend": -2.701917694095655e-11,
  "parameter_norm": 28.008864278780678,
  "lambda_max_10": -38.62723922729492,
  "hessian_trace_10": 244.23199996948242,
  "fim_trace": 2013.4866969585419,
  "step_count": 143,
  "timestamp": 1763775732.9821036,
  "num_steps": 4718592,
  "feature_compute_time_s": 6.4043028354644775,
  "train_iter_time_s": 12.574737787246704,
  "init_seed": 200,
  "train_seed": 204,
  "best_reward_so_far": 1079.4461959421221
}