{
  "sharpness": 1.7985984919258768,
  "gradient_smoothness": 0.20166098024282267,
  "loss_mean": 0.0,
  "loss_std": 0.0,
  "loss_trend": -2.699557570755503e-11,
  "parameter_norm": 29.18319039686629,
  "lambda_max_10": -63.475074768066406,
  "hessian_trace_10": 657.0295928955078,
  "fim_trace": 5081.801338046789,
  "step_count": 250,
  "timestamp": 1763777954.8625474,
  "episode_reward": 1135.6942280584817,
  "num_steps": 8224768,
  "feature_compute_time_s": 7.502898454666138,
  "train_iter_time_s": 14.243813276290894,
  "init_seed": 200,
  "train_seed": 204,
  "best_reward_so_far": 1145.9049851280913
}