{
  "sharpness": 1.2917195355572382,
  "gradient_smoothness": 0.0024024216690007433,
  "loss_mean": 0.0,
  "loss_std": 0.0,
  "loss_trend": -6.445195042745456e-11,
  "parameter_norm": 32.103502112616376,
  "lambda_max_10": -24.426000595092773,
  "hessian_trace_10": 334.887272644043,
  "fim_trace": 1939.6687439493835,
  "step_count": 246,
  "timestamp": 1763774261.7327957,
  "episode_reward": 1672.6070327291543,
  "num_steps": 8093696,
  "feature_compute_time_s": 8.336105585098267,
  "train_iter_time_s": 20.137192964553833,
  "init_seed": 207,
  "train_seed": 200,
  "best_reward_so_far": 1906.754474327563
}