{
  "sharpness": 1.283627122973525,
  "gradient_smoothness": 0.18229200942262988,
  "loss_mean": 0.0,
  "loss_std": 0.0,
  "loss_trend": -1.6711036330388903e-11,
  "parameter_norm": 32.59298802938623,
  "lambda_max_10": -26.928743362426758,
  "hessian_trace_10": 341.6027297973633,
  "fim_trace": 1961.758682474494,
  "step_count": 298,
  "timestamp": 1763766692.8264635,
  "episode_reward": 1641.9272480476754,
  "num_steps": 9797632,
  "feature_compute_time_s": 9.045365571975708,
  "train_iter_time_s": 19.054396152496338,
  "init_seed": 200,
  "train_seed": 205,
  "best_reward_so_far": 1923.0704872523756
}