{
  "sharpness": 1.0040591431313481,
  "gradient_smoothness": 0.031651187760671176,
  "loss_mean": 0.0,
  "loss_std": 0.0,
  "loss_trend": 5.014516141337089e-11,
  "parameter_norm": 25.844537196497996,
  "lambda_max_10": 3.5814898014068604,
  "hessian_trace_10": 54.20552062988281,
  "fim_trace": 137.9633270688355,
  "step_count": 50,
  "timestamp": 1763764317.622494,
  "episode_reward": 678.6546287167927,
  "num_steps": 1671168,
  "feature_compute_time_s": 4.835332632064819,
  "train_iter_time_s": 10.55937385559082,
  "init_seed": 200,
  "train_seed": 200,
  "best_reward_so_far": 825.5063438058102
}