{
  "sharpness": 1.340285124606189,
  "gradient_smoothness": 0.037625348354358254,
  "loss_mean": 0.0,
  "loss_std": 0.0,
  "loss_trend": 8.966489343385654e-13,
  "parameter_norm": 31.355575875179294,
  "lambda_max_10": -27.1059513092041,
  "hessian_trace_10": 408.34189758300784,
  "fim_trace": 1793.4749908596277,
  "step_count": 169,
  "timestamp": 1763761457.6792865,
  "episode_reward": 1164.451725869138,
  "num_steps": 5570560,
  "feature_compute_time_s": 5.249921083450317,
  "train_iter_time_s": 9.429823875427246,
  "init_seed": 200,
  "train_seed": 206,
  "best_reward_so_far": 1451.031802439064
}