{
  "sharpness": 1.5639263167501338,
  "gradient_smoothness": 0.049244229500715456,
  "loss_mean": 0.0,
  "loss_std": 0.0,
  "loss_trend": -5.947836670703799e-11,
  "parameter_norm": 28.000758225865084,
  "lambda_max_10": 15.167882919311523,
  "hessian_trace_10": 69.89214630126953,
  "fim_trace": 1126.679466560483,
  "step_count": 148,
  "timestamp": 1763777965.6018934,
  "num_steps": 4882432,
  "feature_compute_time_s": 6.2063517570495605,
  "train_iter_time_s": 12.55724287033081,
  "init_seed": 200,
  "train_seed": 207,
  "best_reward_so_far": 1209.9558799946174
}