{
  "sharpness": 1.5460480037723738,
  "gradient_smoothness": 0.006662376240455136,
  "loss_mean": 0.0,
  "loss_std": 0.0,
  "loss_trend": -4.962287176682319e-11,
  "parameter_norm": 30.953572859734646,
  "lambda_max_10": -40.99306106567383,
  "hessian_trace_10": 418.78008728027345,
  "fim_trace": 1916.3734600301832,
  "step_count": 158,
  "timestamp": 1763769716.0776358,
  "episode_reward": 1291.5409463820904,
  "num_steps": 5210112,
  "feature_compute_time_s": 6.702041387557983,
  "train_iter_time_s": 15.039003372192383,
  "init_seed": 203,
  "train_seed": 200,
  "best_reward_so_far": 1351.1097576089326
}