{
  "sharpness": 2.4833677804204406,
  "gradient_smoothness": 0.2774202093234446,
  "loss_mean": 0.0,
  "loss_std": 0.0,
  "loss_trend": 1.4818078111502355e-10,
  "parameter_norm": 43.856736862403906,
  "lambda_max_10": -39.27557373046875,
  "hessian_trace_10": 532.3897216796875,
  "fim_trace": 15021.487291514874,
  "step_count": 12,
  "timestamp": 1764170375.106146,
  "episode_reward": 839.99853515625,
  "num_steps": 425984,
  "feature_compute_time_s": 6.761200666427612,
  "train_iter_time_s": 4.7064595222473145,
  "init_seed": 200,
  "train_seed": 202,
  "best_reward_so_far": -Infinity
}