{
  "sharpness": 1.2015864670152157,
  "gradient_smoothness": 0.016628111351164904,
  "loss_mean": 0.0,
  "loss_std": 0.0,
  "loss_trend": -9.140104548116544e-12,
  "parameter_norm": 26.687426132600223,
  "lambda_max_10": 4.994255542755127,
  "hessian_trace_10": 76.50314493179322,
  "fim_trace": 1001.1733847856522,
  "step_count": 108,
  "timestamp": 1763773726.1047823,
  "num_steps": 3571712,
  "feature_compute_time_s": 7.476832866668701,
  "train_iter_time_s": 10.793212413787842,
  "init_seed": 200,
  "train_seed": 201,
  "best_reward_so_far": 1095.585190306193
}