{
  "sharpness": 1.2799751550286504,
  "gradient_smoothness": 0.040391845701973135,
  "loss_mean": 0.0,
  "loss_std": 0.0,
  "loss_trend": -9.987784398624628e-11,
  "parameter_norm": 33.55742624011371,
  "lambda_max_10": -23.50995635986328,
  "hessian_trace_10": 340.2129325866699,
  "fim_trace": 1915.6086673736572,
  "step_count": 22,
  "timestamp": 1765438390.1232524,
  "episode_reward": 951.8761596679688,
  "num_steps": 753664,
  "feature_compute_time_s": 5.587643384933472,
  "train_iter_time_s": 3.9057655334472656,
  "init_seed": 200,
  "train_seed": 203,
  "best_reward_so_far": 544.8376509573678
}