{
  "sharpness": 1.2185768331888565,
  "gradient_smoothness": 0.21418003985182774,
  "loss_mean": 0.0,
  "loss_std": 0.0,
  "loss_trend": -3.031010377527809e-10,
  "parameter_norm": 33.303365932881455,
  "lambda_max_10": -26.909320831298828,
  "hessian_trace_10": 589.72080078125,
  "fim_trace": 4169.57708401233,
  "step_count": 10,
  "timestamp": 1765468854.7846503,
  "episode_reward": 88.91033172607422,
  "num_steps": 360448,
  "feature_compute_time_s": 5.854281663894653,
  "train_iter_time_s": 6.872511386871338,
  "init_seed": 200,
  "train_seed": 202,
  "best_reward_so_far": 157.93865553186617
}