{
  "sharpness": 1.419991479096736,
  "gradient_smoothness": 0.1460891755916603,
  "loss_mean": 0.0,
  "loss_std": 0.0,
  "loss_trend": 1.3000113305060434e-10,
  "parameter_norm": 34.01491381133543,
  "lambda_max_10": -24.999753952026367,
  "hessian_trace_10": 407.52489318847654,
  "fim_trace": 2470.7017389163375,
  "step_count": 50,
  "timestamp": 1765438693.7316473,
  "episode_reward": 1968.04541015625,
  "num_steps": 1671168,
  "feature_compute_time_s": 5.5666749477386475,
  "train_iter_time_s": 3.8494060039520264,
  "init_seed": 200,
  "train_seed": 203,
  "best_reward_so_far": 865.9491012605837
}