{
  "sharpness": 1.2507022468802858,
  "gradient_smoothness": 0.21470642792329644,
  "loss_mean": 0.0,
  "loss_std": 0.0,
  "loss_trend": 6.135483692325118e-09,
  "parameter_norm": 33.087713127135665,
  "lambda_max_10": -29.131893157958984,
  "hessian_trace_10": 508.4344421386719,
  "fim_trace": 1294.626169551164,
  "step_count": 4,
  "timestamp": 1765468676.1595175,
  "episode_reward": 30.202178955078125,
  "num_steps": 163840,
  "feature_compute_time_s": 5.352937698364258,
  "train_iter_time_s": 3.927335739135742,
  "init_seed": 200,
  "train_seed": 200,
  "best_reward_so_far": 112.2521465941116
}