{
  "sharpness": 2.4574053094261408,
  "gradient_smoothness": 0.12266006005483486,
  "loss_mean": 0.0,
  "loss_std": 0.0,
  "loss_trend": 6.439987035673374e-09,
  "parameter_norm": 41.29299497879601,
  "lambda_max_10": -43.3513298034668,
  "hessian_trace_10": 290.55910568237306,
  "fim_trace": 4598.495998442173,
  "step_count": 6,
  "timestamp": 1766080590.922822,
  "episode_reward": 1016.0833129882812,
  "num_steps": 229376,
  "feature_compute_time_s": 5.658613204956055,
  "train_iter_time_s": 2.730253219604492,
  "init_seed": 200,
  "train_seed": 206,
  "best_reward_so_far": -Infinity
}