{
  "sharpness": 1.2639604853887514,
  "gradient_smoothness": 0.0,
  "loss_mean": 0.0,
  "loss_std": 0.0,
  "loss_trend": 0.0,
  "parameter_norm": 32.78781258866381,
  "lambda_max_10": -30.571453094482422,
  "hessian_trace_10": 523.1014099121094,
  "fim_trace": 2596.67139197886,
  "step_count": 1,
  "timestamp": 1765438165.9193435,
  "episode_reward": -16.58333396911621,
  "num_steps": 65536,
  "feature_compute_time_s": 5.469101428985596,
  "train_iter_time_s": 4.263289451599121,
  "init_seed": 201,
  "train_seed": 200,
  "best_reward_so_far": 16.848796116808167
}