{
  "sharpness": 1.302761167898265,
  "gradient_smoothness": 0.021042176930538954,
  "loss_mean": 0.0,
  "loss_std": 0.0,
  "loss_trend": -5.723962517022032e-12,
  "parameter_norm": 33.17875568116381,
  "lambda_max_10": -24.24420166015625,
  "hessian_trace_10": 389.0467956542969,
  "fim_trace": 1594.0958412829787,
  "step_count": 13,
  "timestamp": 1765440762.7650185,
  "episode_reward": -17.274621963500977,
  "num_steps": 458752,
  "feature_compute_time_s": 5.612120151519775,
  "train_iter_time_s": 4.0461671352386475,
  "init_seed": 200,
  "train_seed": 203,
  "best_reward_so_far": 258.12953028699485
}