{
  "sharpness": 2.1664357335704154,
  "gradient_smoothness": 0.25258014605794077,
  "loss_mean": 0.0,
  "loss_std": 0.0,
  "loss_trend": -3.323811723315541e-11,
  "parameter_norm": 45.83232644176045,
  "lambda_max_10": -103.86299896240234,
  "hessian_trace_10": 1079.8139038085938,
  "fim_trace": 18718.897037267685,
  "step_count": 11,
  "timestamp": 1765470226.1644588,
  "episode_reward": 287.59613037109375,
  "num_steps": 393216,
  "feature_compute_time_s": 6.811238527297974,
  "train_iter_time_s": 5.521143913269043,
  "init_seed": 207,
  "train_seed": 200,
  "best_reward_so_far": 310.8558441983736
}