{
  "sharpness": 1.3165095615055746,
  "gradient_smoothness": 0.026850446877545578,
  "loss_mean": 0.0,
  "loss_std": 0.0,
  "loss_trend": -7.274877990411758e-11,
  "parameter_norm": 33.74752077171713,
  "lambda_max_10": -21.5416316986084,
  "hessian_trace_10": 375.7945358276367,
  "fim_trace": 2448.717479692772,
  "step_count": 29,
  "timestamp": 1765438465.9576879,
  "episode_reward": 1585.15576171875,
  "num_steps": 983040,
  "feature_compute_time_s": 5.588742017745972,
  "train_iter_time_s": 3.722113609313965,
  "init_seed": 200,
  "train_seed": 203,
  "best_reward_so_far": 728.2085847700804
}