{
  "sharpness": 1.4663006781039272,
  "gradient_smoothness": 0.05019788411800407,
  "loss_mean": 0.0,
  "loss_std": 0.0,
  "loss_trend": 8.129753535743568e-10,
  "parameter_norm": 33.459822609711324,
  "lambda_max_10": -43.23398971557617,
  "hessian_trace_10": 734.6142700195312,
  "fim_trace": 3206.7907566577196,
  "step_count": 10,
  "timestamp": 1765443714.6031194,
  "episode_reward": -3.519427537918091,
  "num_steps": 360448,
  "feature_compute_time_s": 5.578113794326782,
  "train_iter_time_s": 3.7656424045562744,
  "init_seed": 202,
  "train_seed": 200,
  "best_reward_so_far": 6.890486349642113
}