{
  "sharpness": 1.9189162137444764,
  "gradient_smoothness": 0.3471163832965162,
  "loss_mean": 0.0,
  "loss_std": 0.0,
  "loss_trend": 1.0860815521856191e-09,
  "parameter_norm": 29.627614115609568,
  "lambda_max_10": -25.48849868774414,
  "hessian_trace_10": 155.1828300476074,
  "fim_trace": 3083.3778893500566,
  "step_count": 12,
  "timestamp": 1764167883.896091,
  "episode_reward": 3514.602783203125,
  "num_steps": 425984,
  "feature_compute_time_s": 4.899805545806885,
  "train_iter_time_s": 3.1295149326324463,
  "init_seed": 200,
  "train_seed": 207,
  "best_reward_so_far": -Infinity
}