{
  "sharpness": 1.3296178221084365,
  "gradient_smoothness": 0.06294120190117379,
  "loss_mean": 0.0,
  "loss_std": 0.0,
  "loss_trend": 8.519370300741294e-10,
  "parameter_norm": 32.99694411670081,
  "lambda_max_10": -24.689985275268555,
  "hessian_trace_10": 333.40162963867186,
  "fim_trace": 1695.9031947813928,
  "step_count": 8,
  "timestamp": 1765438239.014644,
  "episode_reward": 119.9791488647461,
  "num_steps": 294912,
  "feature_compute_time_s": 5.606020450592041,
  "train_iter_time_s": 3.9238033294677734,
  "init_seed": 200,
  "train_seed": 203,
  "best_reward_so_far": 166.8675741473939
}