{
  "sharpness": 1.568110846723045,
  "gradient_smoothness": 0.03902811851160096,
  "loss_mean": 0.0,
  "loss_std": 0.0,
  "loss_trend": 1.189746008320947e-10,
  "parameter_norm": 33.59324982606303,
  "lambda_max_10": 22.542205810546875,
  "hessian_trace_10": 526.4405334472656,
  "fim_trace": 2084.9152461327612,
  "step_count": 28,
  "timestamp": 1765444323.1542325,
  "episode_reward": -13.391749382019043,
  "num_steps": 950272,
  "feature_compute_time_s": 10.146570444107056,
  "train_iter_time_s": 3.8381030559539795,
  "init_seed": 207,
  "train_seed": 200,
  "best_reward_so_far": 810.4635193759215
}