{
  "sharpness": 1.156183346312196,
  "gradient_smoothness": 0.04243440751964243,
  "loss_mean": 0.0,
  "loss_std": 0.0,
  "loss_trend": -1.4479361786283319e-11,
  "parameter_norm": 32.33035942482011,
  "lambda_max_10": -26.11792755126953,
  "hessian_trace_10": 634.3699768066406,
  "fim_trace": 3451.0747738555074,
  "step_count": 230,
  "timestamp": 1763764478.3860214,
  "episode_reward": 1213.2097632078217,
  "num_steps": 7569408,
  "feature_compute_time_s": 9.78964352607727,
  "train_iter_time_s": 14.502363920211792,
  "init_seed": 200,
  "train_seed": 202,
  "best_reward_so_far": 1478.7569193074428
}