{
  "sharpness": 1.0782659331751268,
  "gradient_smoothness": 0.07724760243522846,
  "loss_mean": 0.0,
  "loss_std": 0.0,
  "loss_trend": 6.02617035387192e-11,
  "parameter_norm": 26.543765100041714,
  "lambda_max_10": 9.482460021972656,
  "hessian_trace_10": 88.68412132263184,
  "fim_trace": 454.53020142018795,
  "step_count": 97,
  "timestamp": 1763776977.0329115,
  "num_steps": 3211264,
  "feature_compute_time_s": 6.379782676696777,
  "train_iter_time_s": 12.006191492080688,
  "init_seed": 200,
  "train_seed": 207,
  "best_reward_so_far": 991.8210150538857
}