{
  "sharpness": 1.249191817779199,
  "gradient_smoothness": 0.03219540623496996,
  "loss_mean": 0.0,
  "loss_std": 0.0,
  "loss_trend": 4.0635018355563025e-11,
  "parameter_norm": 32.36510562112663,
  "lambda_max_10": -13.881983757019043,
  "hessian_trace_10": 205.3336441040039,
  "fim_trace": 1291.545757446438,
  "step_count": 249,
  "timestamp": 1763773322.991227,
  "episode_reward": 1484.4198721808411,
  "num_steps": 8192000,
  "feature_compute_time_s": 8.518533945083618,
  "train_iter_time_s": 18.142168045043945,
  "init_seed": 205,
  "train_seed": 200,
  "best_reward_so_far": 1687.4804612057496
}