{
  "sharpness": 3.108150395742013,
  "gradient_smoothness": 0.035074256571621186,
  "loss_mean": 0.0,
  "loss_std": 0.0,
  "loss_trend": -3.218987415108717e-11,
  "parameter_norm": 29.372755126776656,
  "lambda_max_10": -38.743080139160156,
  "hessian_trace_10": 400.36015167236326,
  "fim_trace": 2059.936916217208,
  "step_count": 211,
  "timestamp": 1763780315.8619618,
  "num_steps": 6946816,
  "feature_compute_time_s": 7.362402439117432,
  "train_iter_time_s": 14.066272974014282,
  "init_seed": 201,
  "train_seed": 200,
  "best_reward_so_far": 1105.6914288870053
}