{
  "sharpness": 2.2484196607398843,
  "gradient_smoothness": 0.06631070717625291,
  "loss_mean": 0.0,
  "loss_std": 0.0,
  "loss_trend": 3.926540495309652e-11,
  "parameter_norm": 28.63400499810219,
  "lambda_max_10": -16.634920120239258,
  "hessian_trace_10": -75.48886928558349,
  "fim_trace": 1323.9960756152868,
  "step_count": 213,
  "timestamp": 1763782626.306339,
  "num_steps": 7012352,
  "feature_compute_time_s": 6.203093767166138,
  "train_iter_time_s": 12.105422496795654,
  "init_seed": 204,
  "train_seed": 200,
  "best_reward_so_far": 2156.601253867987
}