{
  "sharpness": 1.1319065205205663,
  "gradient_smoothness": 0.06803716871018856,
  "loss_mean": 0.0,
  "loss_std": 0.0,
  "loss_trend": 5.698079693818879e-12,
  "parameter_norm": 32.50670345924089,
  "lambda_max_10": -28.311542510986328,
  "hessian_trace_10": 526.9109924316406,
  "fim_trace": 3023.275774013251,
  "step_count": 281,
  "timestamp": 1763765704.307273,
  "episode_reward": 1290.539448220953,
  "num_steps": 9240576,
  "feature_compute_time_s": 9.02636170387268,
  "train_iter_time_s": 13.199785947799683,
  "init_seed": 200,
  "train_seed": 202,
  "best_reward_so_far": 1515.000424593784
}