{
  "sharpness": 1.4142578743050154,
  "gradient_smoothness": 0.057529661395987614,
  "loss_mean": 0.0,
  "loss_std": 0.0,
  "loss_trend": 8.166169977765264e-11,
  "parameter_norm": 28.826608861929667,
  "lambda_max_10": -16.279146194458008,
  "hessian_trace_10": 298.37342834472656,
  "fim_trace": 643.9728990904987,
  "step_count": 101,
  "timestamp": 1763767691.8360267,
  "episode_reward": 1047.4366681775869,
  "num_steps": 3342336,
  "feature_compute_time_s": 10.983866930007935,
  "train_iter_time_s": 13.402875185012817,
  "init_seed": 201,
  "train_seed": 200,
  "best_reward_so_far": 1334.8620943540952
}