{
  "sharpness": 1.8901156236828547,
  "gradient_smoothness": 0.24637783600341873,
  "loss_mean": 0.0,
  "loss_std": 0.0,
  "loss_trend": 2.2733517067169295e-11,
  "parameter_norm": 29.280202961425584,
  "lambda_max_10": -44.35750198364258,
  "hessian_trace_10": 354.4012420654297,
  "fim_trace": 4842.57760193944,
  "step_count": 298,
  "timestamp": 1763787336.6896307,
  "num_steps": 9797632,
  "feature_compute_time_s": 7.897045612335205,
  "train_iter_time_s": 13.265953063964844,
  "init_seed": 207,
  "train_seed": 200,
  "best_reward_so_far": 1481.3861062756432
}