{
  "sharpness": 1.3807162312090304,
  "gradient_smoothness": 0.0005085029425907038,
  "loss_mean": 0.0,
  "loss_std": 0.0,
  "loss_trend": -2.8769368644679507e-11,
  "parameter_norm": 30.69082262743098,
  "lambda_max_10": -22.462696075439453,
  "hessian_trace_10": 416.15648193359374,
  "fim_trace": 1512.2584076151252,
  "step_count": 146,
  "timestamp": 1763761110.1217058,
  "episode_reward": 1038.882505446964,
  "num_steps": 4816896,
  "feature_compute_time_s": 4.81351113319397,
  "train_iter_time_s": 10.467594146728516,
  "init_seed": 200,
  "train_seed": 206,
  "best_reward_so_far": 1318.1460907812038
}