{
  "sharpness": 1.7492943121717455,
  "gradient_smoothness": 0.10472362229673428,
  "loss_mean": 0.0,
  "loss_std": 0.0,
  "loss_trend": -2.4675155381033685e-10,
  "parameter_norm": 29.914410305765266,
  "lambda_max_10": -150.1602783203125,
  "hessian_trace_10": 1150.4889831542969,
  "fim_trace": 13757.116558238864,
  "step_count": 7,
  "timestamp": 1764166643.2555366,
  "episode_reward": 1354.2987060546875,
  "num_steps": 262144,
  "feature_compute_time_s": 7.12348198890686,
  "train_iter_time_s": 4.68813419342041,
  "init_seed": 200,
  "train_seed": 205,
  "best_reward_so_far": -Infinity
}