{
  "sharpness": 2.1979823636601696,
  "gradient_smoothness": 0.14295349830582518,
  "loss_mean": 0.0,
  "loss_std": 0.0,
  "loss_trend": 2.4897653958127813e-11,
  "parameter_norm": 28.644206589420055,
  "lambda_max_10": -64.25735473632812,
  "hessian_trace_10": 215.98524723052978,
  "fim_trace": 3517.5450063347816,
  "step_count": 204,
  "timestamp": 1763782225.5143275,
  "num_steps": 6717440,
  "feature_compute_time_s": 5.89439058303833,
  "train_iter_time_s": 11.635579347610474,
  "init_seed": 203,
  "train_seed": 200,
  "best_reward_so_far": 1357.3043747458817
}