{
  "sharpness": 1.1846955971899986,
  "gradient_smoothness": 0.02108334083170928,
  "loss_mean": 0.0,
  "loss_std": 0.0,
  "loss_trend": 7.674983918391434e-10,
  "parameter_norm": 33.38274464773095,
  "lambda_max_10": -29.200801849365234,
  "hessian_trace_10": 533.8371826171875,
  "fim_trace": 2005.8485560417175,
  "step_count": 11,
  "timestamp": 1765438267.39881,
  "episode_reward": 254.72178649902344,
  "num_steps": 393216,
  "feature_compute_time_s": 5.586360931396484,
  "train_iter_time_s": 3.858027696609497,
  "init_seed": 200,
  "train_seed": 202,
  "best_reward_so_far": 192.45499876076744
}