{
  "sharpness": 1.3171734069685854,
  "gradient_smoothness": 0.38761596224426437,
  "loss_mean": 0.0,
  "loss_std": 0.0,
  "loss_trend": 3.770485813556862e-11,
  "parameter_norm": 25.521600243652575,
  "lambda_max_10": 7.543982982635498,
  "hessian_trace_10": 72.05738258361816,
  "fim_trace": 446.43756330013275,
  "step_count": 78,
  "timestamp": 1763779879.4266818,
  "episode_reward": 947.5052820863062,
  "num_steps": 2588672,
  "feature_compute_time_s": 10.25858473777771,
  "train_iter_time_s": 12.46167516708374,
  "init_seed": 203,
  "train_seed": 200,
  "best_reward_so_far": 947.5052820863062
}