{
  "sharpness": 1.3470324260001405,
  "gradient_smoothness": 0.024163451531185463,
  "loss_mean": 0.0,
  "loss_std": 0.0,
  "loss_trend": 7.191528784662119e-11,
  "parameter_norm": 27.166716652426572,
  "lambda_max_10": -12.641746520996094,
  "hessian_trace_10": 235.11876068115234,
  "fim_trace": 598.1583909317851,
  "step_count": 72,
  "timestamp": 1763760640.7489002,
  "episode_reward": 797.4890963023313,
  "num_steps": 2392064,
  "feature_compute_time_s": 7.317946434020996,
  "train_iter_time_s": 16.822635889053345,
  "init_seed": 200,
  "train_seed": 202,
  "best_reward_so_far": 804.9830145017198
}