{
  "sharpness": 1.3495306696949028,
  "gradient_smoothness": 0.11918055782690075,
  "loss_mean": 0.0,
  "loss_std": 0.0,
  "loss_trend": -2.9099121799432675e-09,
  "parameter_norm": 101.81221752426035,
  "lambda_max_10": 9.740364074707031,
  "hessian_trace_10": 48.57456016540527,
  "fim_trace": 2738.5215319395065,
  "step_count": 7,
  "timestamp": 1764177853.8714955,
  "episode_reward": -416.65521240234375,
  "num_steps": 262144,
  "feature_compute_time_s": 6.0221545696258545,
  "train_iter_time_s": 2.77516770362854,
  "init_seed": 200,
  "train_seed": 205,
  "best_reward_so_far": -Infinity
}