{
  "sharpness": 1.0581646511830118,
  "gradient_smoothness": 0.052436401115276636,
  "loss_mean": 0.0,
  "loss_std": 0.0,
  "loss_trend": -3.464674548104526e-10,
  "parameter_norm": 33.98672468914568,
  "lambda_max_10": -22.457456588745117,
  "hessian_trace_10": 304.1788558959961,
  "fim_trace": 1585.3066651076078,
  "step_count": 28,
  "timestamp": 1765440356.6278028,
  "episode_reward": 225.7024688720703,
  "num_steps": 950272,
  "feature_compute_time_s": 10.717439889907837,
  "train_iter_time_s": 3.9134573936462402,
  "init_seed": 200,
  "train_seed": 204,
  "best_reward_so_far": 373.3622147451547
}