{
  "sharpness": 1.26978424476467,
  "gradient_smoothness": 0.2363206141710925,
  "loss_mean": 0.0,
  "loss_std": 0.0,
  "loss_trend": -1.004452678492995e-10,
  "parameter_norm": 33.36752599227013,
  "lambda_max_10": -23.368553161621094,
  "hessian_trace_10": 422.9555694580078,
  "fim_trace": 1122.9966413900256,
  "step_count": 10,
  "timestamp": 1765468886.0286412,
  "episode_reward": -22.482961654663086,
  "num_steps": 360448,
  "feature_compute_time_s": 7.966924667358398,
  "train_iter_time_s": 5.709275007247925,
  "init_seed": 200,
  "train_seed": 203,
  "best_reward_so_far": 166.5482190842685
}