{
  "sharpness": 2.3187470412985154,
  "gradient_smoothness": 0.09885861285211549,
  "loss_mean": 0.0,
  "loss_std": 0.0,
  "loss_trend": -2.047062210840401e-08,
  "parameter_norm": 29.09287988970414,
  "lambda_max_10": -81.8792953491211,
  "hessian_trace_10": 326.0632888793945,
  "fim_trace": 5604.653827935457,
  "step_count": 2,
  "timestamp": 1764157631.8868372,
  "episode_reward": 1559.5172119140625,
  "num_steps": 98304,
  "feature_compute_time_s": 5.0859010219573975,
  "train_iter_time_s": 4.2701256275177,
  "init_seed": 203,
  "train_seed": 200,
  "best_reward_so_far": -Infinity
}