{
  "sharpness": 1.2861666179932143,
  "gradient_smoothness": 0.06596685328400202,
  "loss_mean": 0.0,
  "loss_std": 0.0,
  "loss_trend": 6.733392582745213e-11,
  "parameter_norm": 29.52843310666641,
  "lambda_max_10": -2.96108078956604,
  "hessian_trace_10": 284.71534423828126,
  "fim_trace": 778.6137098465115,
  "step_count": 117,
  "timestamp": 1763765328.403332,
  "episode_reward": 659.2450171861464,
  "num_steps": 3866624,
  "feature_compute_time_s": 5.143527507781982,
  "train_iter_time_s": 10.98860216140747,
  "init_seed": 200,
  "train_seed": 200,
  "best_reward_so_far": 825.5063438058102
}