{
  "sharpness": 1.2618049267388396,
  "gradient_smoothness": 0.05242239956239244,
  "loss_mean": 0.0,
  "loss_std": 0.0,
  "loss_trend": -7.08223081548718e-11,
  "parameter_norm": 33.969995071527265,
  "lambda_max_10": -26.613815307617188,
  "hessian_trace_10": 503.43340759277345,
  "fim_trace": 3228.9825011231005,
  "step_count": 40,
  "timestamp": 1765439469.137842,
  "episode_reward": 1018.2591552734375,
  "num_steps": 1343488,
  "feature_compute_time_s": 6.467392683029175,
  "train_iter_time_s": 5.44619083404541,
  "init_seed": 200,
  "train_seed": 201,
  "best_reward_so_far": 712.2337632675496
}