{
  "sharpness": 1.2743485495420608,
  "gradient_smoothness": 0.02409543596516593,
  "loss_mean": 0.0,
  "loss_std": 0.0,
  "loss_trend": 2.6301876115819104e-10,
  "parameter_norm": 33.62504057316118,
  "lambda_max_10": -21.697612762451172,
  "hessian_trace_10": 381.64903259277344,
  "fim_trace": 1896.241647001356,
  "step_count": 32,
  "timestamp": 1765443510.2451658,
  "episode_reward": 1208.7264404296875,
  "num_steps": 1081344,
  "feature_compute_time_s": 7.796618223190308,
  "train_iter_time_s": 4.119687795639038,
  "init_seed": 207,
  "train_seed": 200,
  "best_reward_so_far": 843.3543677906013
}