{
  "sharpness": 1.7614912645047511,
  "gradient_smoothness": 0.0072756067409792975,
  "loss_mean": 0.0,
  "loss_std": 0.0,
  "loss_trend": -3.522908352377296e-11,
  "parameter_norm": 29.095181236720677,
  "lambda_max_10": -56.14512252807617,
  "hessian_trace_10": 354.4897735595703,
  "fim_trace": 4698.96085254848,
  "step_count": 232,
  "timestamp": 1763777568.5859873,
  "num_steps": 7634944,
  "feature_compute_time_s": 8.212731838226318,
  "train_iter_time_s": 13.553947687149048,
  "init_seed": 200,
  "train_seed": 204,
  "best_reward_so_far": 1145.9049851280913
}