{
  "sharpness": 1.3260729499101196,
  "gradient_smoothness": 0.004073824706850021,
  "loss_mean": 0.0,
  "loss_std": 0.0,
  "loss_trend": 5.724814803710519e-12,
  "parameter_norm": 32.51569987611931,
  "lambda_max_10": -23.9077091217041,
  "hessian_trace_10": 462.80376892089845,
  "fim_trace": 2446.8016348704696,
  "step_count": 252,
  "timestamp": 1763765495.267137,
  "episode_reward": 1388.3954233315312,
  "num_steps": 8290304,
  "feature_compute_time_s": 5.463988542556763,
  "train_iter_time_s": 16.904489517211914,
  "init_seed": 200,
  "train_seed": 205,
  "best_reward_so_far": 1767.360188889905
}