{
  "sharpness": 1.337687543534097,
  "gradient_smoothness": 0.005715292943671504,
  "loss_mean": 0.0,
  "loss_std": 0.0,
  "loss_trend": 1.8988396769128417e-11,
  "parameter_norm": 30.01832496733587,
  "lambda_max_10": -16.041091918945312,
  "hessian_trace_10": 315.22049102783205,
  "fim_trace": 1359.2446058019996,
  "step_count": 136,
  "timestamp": 1763762621.4936812,
  "episode_reward": 995.1154685648105,
  "num_steps": 4489216,
  "feature_compute_time_s": 8.096734762191772,
  "train_iter_time_s": 20.459447383880615,
  "init_seed": 200,
  "train_seed": 201,
  "best_reward_so_far": 1199.4311176756057
}