{
  "sharpness": 1.1658726912565975,
  "gradient_smoothness": 0.05583851523215706,
  "loss_mean": 0.0,
  "loss_std": 0.0,
  "loss_trend": 7.706618663977454e-11,
  "parameter_norm": 34.180977358803375,
  "lambda_max_10": -22.64188575744629,
  "hessian_trace_10": 462.4097564697266,
  "fim_trace": 2358.9550833553076,
  "step_count": 38,
  "timestamp": 1765444170.0970838,
  "episode_reward": -40.65823745727539,
  "num_steps": 1277952,
  "feature_compute_time_s": 5.520690441131592,
  "train_iter_time_s": 3.739870071411133,
  "init_seed": 204,
  "train_seed": 200,
  "best_reward_so_far": 785.5751910625834
}