{
  "sharpness": 2.492873111480114,
  "gradient_smoothness": 0.0,
  "parameter_norm": 43.71653583418659,
  "lambda_max_10": -65.17298126220703,
  "hessian_trace_10": 526.7467407226562,
  "fim_trace": 11427.227358996868,
  "step_count": 0,
  "timestamp": 1764178156.564002,
  "episode_reward": 685.937255859375,
  "num_steps": 32768,
  "feature_compute_time_s": 5.611540079116821,
  "train_iter_time_s": 2.768311023712158,
  "init_seed": 203,
  "train_seed": 200,
  "best_reward_so_far": -Infinity
}