{
  "sharpness": 1.4507106193493862,
  "gradient_smoothness": 0.01592036951472083,
  "loss_mean": 0.0,
  "loss_std": 0.0,
  "loss_trend": -3.2975803578616677e-10,
  "parameter_norm": 33.71154277524554,
  "lambda_max_10": -38.15915298461914,
  "hessian_trace_10": 469.8065460205078,
  "fim_trace": 4096.01975704357,
  "step_count": 26,
  "timestamp": 1765440260.6642365,
  "episode_reward": 254.01905822753906,
  "num_steps": 884736,
  "feature_compute_time_s": 10.726225852966309,
  "train_iter_time_s": 3.9218525886535645,
  "init_seed": 200,
  "train_seed": 207,
  "best_reward_so_far": 382.4180959689529
}