{
  "sharpness": 1.3101519361439105,
  "gradient_smoothness": 0.036459252010931704,
  "loss_mean": 0.0,
  "loss_std": 0.0,
  "loss_trend": 1.297312255724163e-11,
  "parameter_norm": 26.045035512768084,
  "lambda_max_10": -5.480267524719238,
  "hessian_trace_10": 64.15368795394897,
  "fim_trace": 175.1732286736369,
  "step_count": 56,
  "timestamp": 1763769049.0222929,
  "episode_reward": 858.489739828039,
  "num_steps": 1867776,
  "feature_compute_time_s": 7.977081060409546,
  "train_iter_time_s": 18.803110122680664,
  "init_seed": 207,
  "train_seed": 200,
  "best_reward_so_far": 880.8779277108955
}