{
  "sharpness": 1.37817571014257,
  "gradient_smoothness": 0.08242448246381996,
  "loss_mean": 0.0,
  "loss_std": 0.0,
  "loss_trend": 5.707204314694254e-09,
  "parameter_norm": 33.06445173058235,
  "lambda_max_10": -52.36935043334961,
  "hessian_trace_10": 709.258283996582,
  "fim_trace": 3821.200455788523,
  "step_count": 4,
  "timestamp": 1764117492.8786602,
  "episode_reward": -8.71097130897618,
  "num_steps": 163840,
  "feature_compute_time_s": 51.49649429321289,
  "train_iter_time_s": 46.84890913963318,
  "init_seed": 202,
  "train_seed": 200,
  "best_reward_so_far": 11.258066631550317
}