{
  "sharpness": 1.2887741831862067,
  "gradient_smoothness": 0.036314543438179234,
  "loss_mean": 0.0,
  "loss_std": 0.0,
  "loss_trend": 5.7647339499476286e-11,
  "parameter_norm": 33.08858309950915,
  "lambda_max_10": -22.990270614624023,
  "hessian_trace_10": 365.11318359375,
  "fim_trace": 2150.4711388535798,
  "step_count": 14,
  "timestamp": 1765443255.7213705,
  "episode_reward": 1330.453369140625,
  "num_steps": 491520,
  "feature_compute_time_s": 10.863537549972534,
  "train_iter_time_s": 4.612441539764404,
  "init_seed": 207,
  "train_seed": 200,
  "best_reward_so_far": 246.84150741145442
}