{
  "sharpness": 1.0666718294691802,
  "gradient_smoothness": 0.0820811322532062,
  "loss_mean": 0.0,
  "loss_std": 0.0,
  "loss_trend": 4.128516746405934e-11,
  "parameter_norm": 23.850165556215998,
  "lambda_max_10": 4.438741683959961,
  "hessian_trace_10": 63.2872859954834,
  "fim_trace": 248.61492554470897,
  "step_count": 46,
  "timestamp": 1763774026.465642,
  "episode_reward": 292.7856585693515,
  "num_steps": 1540096,
  "feature_compute_time_s": 5.61877179145813,
  "train_iter_time_s": 11.975850105285645,
  "init_seed": 200,
  "train_seed": 205,
  "best_reward_so_far": 292.7856585693515
}