{
  "sharpness": 4.7661354299205225,
  "gradient_smoothness": 0.007947461014475722,
  "loss_mean": 0.0,
  "loss_std": 0.0,
  "loss_trend": -3.894577532198777e-11,
  "parameter_norm": 29.14441333016912,
  "lambda_max_10": 18.701356887817383,
  "hessian_trace_10": 16.850194644927978,
  "fim_trace": 1944.2833531945944,
  "step_count": 278,
  "timestamp": 1763780516.7195807,
  "num_steps": 9142272,
  "feature_compute_time_s": 5.5017313957214355,
  "train_iter_time_s": 13.728830099105835,
  "init_seed": 200,
  "train_seed": 207,
  "best_reward_so_far": 2381.4297192834874
}