{
  "sharpness": 2.7785916092055603,
  "gradient_smoothness": 0.13583856607136913,
  "loss_mean": 0.0,
  "loss_std": 0.0,
  "loss_trend": -1.040629237039107e-11,
  "parameter_norm": 29.145091611871138,
  "lambda_max_10": 17.576007843017578,
  "hessian_trace_10": -5.962466716766357,
  "fim_trace": 2076.477739751339,
  "step_count": 279,
  "timestamp": 1763780534.1560352,
  "num_steps": 9175040,
  "feature_compute_time_s": 4.886345863342285,
  "train_iter_time_s": 12.54265809059143,
  "init_seed": 200,
  "train_seed": 207,
  "best_reward_so_far": 2381.4297192834874
}