{
  "sharpness": 1.5215191721527244,
  "gradient_smoothness": 0.38513407198798555,
  "loss_mean": 0.0,
  "loss_std": 0.0,
  "loss_trend": 1.7209152794357236e-11,
  "parameter_norm": 32.42145347746448,
  "lambda_max_10": -56.08842468261719,
  "hessian_trace_10": 424.7872833251953,
  "fim_trace": 3379.2379389703274,
  "step_count": 301,
  "timestamp": 1763772910.3397284,
  "episode_reward": 1350.9793179695298,
  "num_steps": 9895936,
  "feature_compute_time_s": 6.4527928829193115,
  "train_iter_time_s": 15.15169095993042,
  "init_seed": 203,
  "train_seed": 200,
  "best_reward_so_far": 1667.9849476248298
}