{
  "sharpness": 1.2691146796745285,
  "gradient_smoothness": 0.09410362532807397,
  "loss_mean": 0.0,
  "loss_std": 0.0,
  "loss_trend": 1.9104234839170676e-10,
  "parameter_norm": 34.22335539369425,
  "lambda_max_10": -33.169944763183594,
  "hessian_trace_10": 464.4415740966797,
  "fim_trace": 2018.7351334802806,
  "step_count": 42,
  "timestamp": 1765440316.8699834,
  "episode_reward": 236.20770263671875,
  "num_steps": 1409024,
  "feature_compute_time_s": 10.557419300079346,
  "train_iter_time_s": 4.246433973312378,
  "init_seed": 200,
  "train_seed": 206,
  "best_reward_so_far": 911.9793225991159
}