{
  "sharpness": 1.3989922420093046,
  "gradient_smoothness": 0.030500066736407917,
  "loss_mean": 0.0,
  "loss_std": 0.0,
  "loss_trend": -4.17083654088385e-11,
  "parameter_norm": 31.976721244153225,
  "lambda_max_10": -35.61466598510742,
  "hessian_trace_10": 488.01240234375,
  "fim_trace": 2357.4268606863916,
  "step_count": 238,
  "timestamp": 1763764127.6009505,
  "episode_reward": 1229.1361867034352,
  "num_steps": 7831552,
  "feature_compute_time_s": 5.268054723739624,
  "train_iter_time_s": 15.456746101379395,
  "init_seed": 200,
  "train_seed": 207,
  "best_reward_so_far": 1548.0433036672314
}