{
  "sharpness": 1.2361274350044218,
  "gradient_smoothness": 0.008166145800217926,
  "loss_mean": 0.0,
  "loss_std": 0.0,
  "loss_trend": 4.033411024343916e-12,
  "parameter_norm": 32.20242748979404,
  "lambda_max_10": -30.665637969970703,
  "hessian_trace_10": 500.6272735595703,
  "fim_trace": 2296.6607648283243,
  "step_count": 286,
  "timestamp": 1763775349.6590676,
  "episode_reward": 1840.8076482285353,
  "num_steps": 9404416,
  "feature_compute_time_s": 10.09669303894043,
  "train_iter_time_s": 18.013035535812378,
  "init_seed": 207,
  "train_seed": 200,
  "best_reward_so_far": 1993.0098351881027
}