{
  "sharpness": 1.2019502710987977,
  "gradient_smoothness": 0.026760941495603336,
  "loss_mean": 0.0,
  "loss_std": 0.0,
  "loss_trend": -4.626824222086112e-11,
  "parameter_norm": 32.38299315256597,
  "lambda_max_10": -21.529705047607422,
  "hessian_trace_10": 584.563818359375,
  "fim_trace": 1730.3744939267635,
  "step_count": 234,
  "timestamp": 1763771434.2889936,
  "episode_reward": 2009.9169952621726,
  "num_steps": 7700480,
  "feature_compute_time_s": 5.464747190475464,
  "train_iter_time_s": 17.358484983444214,
  "init_seed": 204,
  "train_seed": 200,
  "best_reward_so_far": 2163.2595067426028
}