{
  "sharpness": 1.8048421173948654,
  "gradient_smoothness": 0.00030321934191361236,
  "loss_mean": 0.0,
  "loss_std": 0.0,
  "loss_trend": -3.609039493418813e-11,
  "parameter_norm": 28.832339693892575,
  "lambda_max_10": 19.611343383789062,
  "hessian_trace_10": 186.8733352661133,
  "fim_trace": 1614.1052638441324,
  "step_count": 206,
  "timestamp": 1763779093.8936903,
  "num_steps": 6782976,
  "feature_compute_time_s": 7.120803594589233,
  "train_iter_time_s": 13.041532278060913,
  "init_seed": 200,
  "train_seed": 207,
  "best_reward_so_far": 1505.8127368963542
}