{
  "sharpness": 1.5599391954472521,
  "gradient_smoothness": 0.04110823188028905,
  "loss_mean": 0.0,
  "loss_std": 0.0,
  "loss_trend": -1.8010815698829106e-09,
  "parameter_norm": 102.58662979253648,
  "lambda_max_10": 2.184674024581909,
  "hessian_trace_10": -16.53512759208679,
  "fim_trace": 2623.3202895000577,
  "step_count": 4,
  "timestamp": 1765469517.6378052,
  "episode_reward": 8.472311973571777,
  "num_steps": 163840,
  "feature_compute_time_s": 7.0305585861206055,
  "train_iter_time_s": 5.286376953125,
  "init_seed": 200,
  "train_seed": 204,
  "best_reward_so_far": 3.198878694223231
}