{
  "sharpness": 1.2414325113317775,
  "gradient_smoothness": 0.31677400851419857,
  "loss_mean": 0.0,
  "loss_std": 0.0,
  "loss_trend": 8.145787825237276e-11,
  "parameter_norm": 32.5402745087716,
  "lambda_max_10": -29.653718948364258,
  "hessian_trace_10": 227.9978157043457,
  "fim_trace": 1378.8986803553998,
  "step_count": 300,
  "timestamp": 1763765902.1631296,
  "episode_reward": 1677.675264462876,
  "num_steps": 9863168,
  "feature_compute_time_s": 8.18900752067566,
  "train_iter_time_s": 16.657984256744385,
  "init_seed": 200,
  "train_seed": 203,
  "best_reward_so_far": 2246.502645363276
}