{
  "sharpness": 1.5107718055801467,
  "gradient_smoothness": 0.025638476750183156,
  "loss_mean": 0.0,
  "loss_std": 0.0,
  "loss_trend": 2.754311853009187e-11,
  "parameter_norm": 31.264999165154283,
  "lambda_max_10": -34.130287170410156,
  "hessian_trace_10": 574.8579162597656,
  "fim_trace": 2233.4239498004317,
  "step_count": 166,
  "timestamp": 1763769454.3570204,
  "episode_reward": 1714.873111138986,
  "num_steps": 5472256,
  "feature_compute_time_s": 5.043257236480713,
  "train_iter_time_s": 13.855524063110352,
  "init_seed": 202,
  "train_seed": 200,
  "best_reward_so_far": 1714.873111138986
}