{
  "sharpness": 1.1959545572536212,
  "gradient_smoothness": 0.0,
  "parameter_norm": 32.73722898927268,
  "lambda_max_10": -32.350135803222656,
  "hessian_trace_10": 500.74982299804685,
  "fim_trace": 1967.9621730148792,
  "step_count": 0,
  "timestamp": 1765443806.0541677,
  "episode_reward": 20.9393253326416,
  "num_steps": 32768,
  "feature_compute_time_s": 5.600694417953491,
  "train_iter_time_s": 4.174636363983154,
  "init_seed": 204,
  "train_seed": 200,
  "best_reward_so_far": 18.791449870922886
}