{
  "sharpness": 1.1546672157808944,
  "gradient_smoothness": 0.011659223051063827,
  "loss_mean": 0.0,
  "loss_std": 0.0,
  "loss_trend": 5.047112432452405e-11,
  "parameter_norm": 32.18066313529233,
  "lambda_max_10": -20.61446762084961,
  "hessian_trace_10": 448.2278198242187,
  "fim_trace": 2994.4506198465824,
  "step_count": 245,
  "timestamp": 1763767261.9775906,
  "episode_reward": 765.6542732599911,
  "num_steps": 8060928,
  "feature_compute_time_s": 4.813956260681152,
  "train_iter_time_s": 10.599875688552856,
  "init_seed": 200,
  "train_seed": 200,
  "best_reward_so_far": 834.986391696733
}