{
  "sharpness": 1.8037703919132928,
  "gradient_smoothness": 0.058828688004851866,
  "loss_mean": 0.0,
  "loss_std": 0.0,
  "loss_trend": -1.2910109114143094e-11,
  "parameter_norm": 29.094779949559168,
  "lambda_max_10": -38.3773193359375,
  "hessian_trace_10": 505.40835037231443,
  "fim_trace": 5682.589619338512,
  "step_count": 259,
  "timestamp": 1763784578.253919,
  "num_steps": 8519680,
  "feature_compute_time_s": 6.965344429016113,
  "train_iter_time_s": 13.614115953445435,
  "init_seed": 205,
  "train_seed": 200,
  "best_reward_so_far": 1560.4144740260917
}