{
  "sharpness": 0.16801700107772663,
  "gradient_smoothness": 0.19452949093523797,
  "loss_mean": 0.0,
  "loss_std": 0.0,
  "loss_trend": 8.546998191068332e-09,
  "parameter_norm": 19.6741391201403,
  "lambda_max_10": -0.689228892326355,
  "hessian_trace_10": -3.3924655973911286,
  "fim_trace": 26.329443994909525,
  "step_count": 2,
  "timestamp": 1763779755.833646,
  "num_steps": 98304,
  "feature_compute_time_s": 5.173012971878052,
  "train_iter_time_s": 7.231549501419067,
  "init_seed": 206,
  "train_seed": 200,
  "best_reward_so_far": -Infinity
}