{
  "sharpness": 1.212757957663323,
  "gradient_smoothness": 0.23997663349150727,
  "loss_mean": 0.0,
  "loss_std": 0.0,
  "loss_trend": 1.855156936140293e-09,
  "parameter_norm": 101.75228556016529,
  "lambda_max_10": -3.9157896041870117,
  "hessian_trace_10": -10.665846252441407,
  "fim_trace": 1920.6444333791733,
  "step_count": 10,
  "timestamp": 1764177914.7845173,
  "episode_reward": -540.0804443359375,
  "num_steps": 360448,
  "feature_compute_time_s": 8.148514032363892,
  "train_iter_time_s": 4.803779125213623,
  "init_seed": 200,
  "train_seed": 202,
  "best_reward_so_far": -Infinity
}