{
  "sharpness": 1.173316066967059,
  "gradient_smoothness": 0.10191528404673311,
  "loss_mean": 0.0,
  "loss_std": 0.0,
  "loss_trend": 4.772929436416862e-10,
  "parameter_norm": 33.04294394565936,
  "lambda_max_10": -26.452075958251953,
  "hessian_trace_10": 469.49342346191406,
  "fim_trace": 2681.1327165327966,
  "step_count": 3,
  "timestamp": 1765440116.4171674,
  "episode_reward": 250.32479858398438,
  "num_steps": 131072,
  "feature_compute_time_s": 5.590579271316528,
  "train_iter_time_s": 4.546591520309448,
  "init_seed": 200,
  "train_seed": 202,
  "best_reward_so_far": 66.8552310874275
}