{
  "sharpness": 1.4537214956512887,
  "gradient_smoothness": 0.12520576701830521,
  "loss_mean": 0.0,
  "loss_std": 0.0,
  "loss_trend": 1.0293098624720591e-10,
  "parameter_norm": 34.36600690454796,
  "lambda_max_10": -7.611814022064209,
  "hessian_trace_10": 519.6721313476562,
  "fim_trace": 3813.420343115926,
  "step_count": 48,
  "timestamp": 1765439942.2212205,
  "episode_reward": 1542.2445068359375,
  "num_steps": 1605632,
  "feature_compute_time_s": 5.524844646453857,
  "train_iter_time_s": 4.257593870162964,
  "init_seed": 200,
  "train_seed": 202,
  "best_reward_so_far": 1074.6996137314845
}