{
  "sharpness": 1.8735769636931272,
  "gradient_smoothness": 0.0,
  "parameter_norm": 32.8111679293766,
  "lambda_max_10": -40.563934326171875,
  "hessian_trace_10": 473.4413116455078,
  "fim_trace": 3824.9492590129375,
  "step_count": 0,
  "timestamp": 1766080380.3291273,
  "episode_reward": 1263.927734375,
  "num_steps": 32768,
  "feature_compute_time_s": 7.033853054046631,
  "train_iter_time_s": 6.732378005981445,
  "init_seed": 200,
  "train_seed": 206,
  "best_reward_so_far": -Infinity
}