{
  "sharpness": 1.3096341909178506,
  "gradient_smoothness": 0.03832765299064298,
  "loss_mean": 0.0,
  "loss_std": 0.0,
  "loss_trend": -2.8476788662121237e-11,
  "parameter_norm": 30.940177062452943,
  "lambda_max_10": -38.51482009887695,
  "hessian_trace_10": 486.71470947265624,
  "fim_trace": 2314.9229250513017,
  "step_count": 163,
  "timestamp": 1763762484.1248682,
  "episode_reward": 1154.9472685025992,
  "num_steps": 5373952,
  "feature_compute_time_s": 6.749481201171875,
  "train_iter_time_s": 15.420224905014038,
  "init_seed": 200,
  "train_seed": 207,
  "best_reward_so_far": 1267.8556841204008
}