{
  "sharpness": 0.8893053904548949,
  "gradient_smoothness": 0.0035797704835859893,
  "loss_mean": 0.0,
  "loss_std": 0.0,
  "loss_trend": 8.582824381042867e-11,
  "parameter_norm": 24.117844026671964,
  "lambda_max_10": 0.5366041660308838,
  "hessian_trace_10": 47.51206474304199,
  "fim_trace": 220.76193587481976,
  "step_count": 56,
  "timestamp": 1763780431.2458253,
  "num_steps": 1867776,
  "feature_compute_time_s": 4.41465163230896,
  "train_iter_time_s": 8.124032020568848,
  "init_seed": 206,
  "train_seed": 200,
  "best_reward_so_far": 384.86954196986903
}