{
  "sharpness": 1.7172471388077244,
  "gradient_smoothness": 0.16623732978643907,
  "loss_mean": 0.0,
  "loss_std": 0.0,
  "loss_trend": 6.826268746355508e-10,
  "parameter_norm": 29.83091169061906,
  "lambda_max_10": -153.27297973632812,
  "hessian_trace_10": 981.277783203125,
  "fim_trace": 17900.635458648205,
  "step_count": 2,
  "timestamp": 1764166995.3422856,
  "episode_reward": 1344.4368896484375,
  "num_steps": 98304,
  "feature_compute_time_s": 8.316332817077637,
  "train_iter_time_s": 4.447231292724609,
  "init_seed": 200,
  "train_seed": 205,
  "best_reward_so_far": -Infinity
}