{
  "sharpness": 0.8528319038211739,
  "gradient_smoothness": 0.037925503760834096,
  "loss_mean": 0.0,
  "loss_std": 0.0,
  "loss_trend": 2.591287298819846e-10,
  "parameter_norm": 24.7537592812838,
  "lambda_max_10": 3.782665729522705,
  "hessian_trace_10": 43.78244113922119,
  "fim_trace": 116.56395640969276,
  "step_count": 39,
  "timestamp": 1763767827.1458848,
  "episode_reward": 467.88511599173046,
  "num_steps": 1310720,
  "feature_compute_time_s": 9.290317058563232,
  "train_iter_time_s": 17.838496208190918,
  "init_seed": 205,
  "train_seed": 200,
  "best_reward_so_far": 467.88511599173046
}