{
  "sharpness": 1.835008163737993,
  "gradient_smoothness": 0.05028017633013992,
  "loss_mean": 0.0,
  "loss_std": 0.0,
  "loss_trend": 6.505190227831971e-11,
  "parameter_norm": 28.445461183355928,
  "lambda_max_10": -38.003997802734375,
  "hessian_trace_10": 278.4399642944336,
  "fim_trace": 3065.7649876475334,
  "step_count": 183,
  "timestamp": 1763783017.340922,
  "num_steps": 6029312,
  "feature_compute_time_s": 7.65557336807251,
  "train_iter_time_s": 14.284584283828735,
  "init_seed": 205,
  "train_seed": 200,
  "best_reward_so_far": 1399.0191485454125
}