{
  "sharpness": 0.3411975128422951,
  "gradient_smoothness": 0.18157644112650487,
  "loss_mean": 0.0,
  "loss_std": 0.0,
  "loss_trend": -4.557251694316176e-09,
  "parameter_norm": 21.535289170387898,
  "lambda_max_10": 1.1925760507583618,
  "hessian_trace_10": 6.266060554981232,
  "fim_trace": 43.69179220870137,
  "step_count": 7,
  "timestamp": 1763758995.6887884,
  "episode_reward": 143.72115885252785,
  "num_steps": 262144,
  "feature_compute_time_s": 4.911905288696289,
  "train_iter_time_s": 10.411995887756348,
  "init_seed": 200,
  "train_seed": 206,
  "best_reward_so_far": 143.72115885252785
}