{
  "sharpness": 1.290980539073877,
  "gradient_smoothness": 0.09689661978692136,
  "loss_mean": 0.0,
  "loss_std": 0.0,
  "loss_trend": 1.4543787229009812e-08,
  "parameter_norm": 32.64396838175731,
  "lambda_max_10": -25.641632080078125,
  "hessian_trace_10": 387.15016784667966,
  "fim_trace": 2307.900420561433,
  "step_count": 3,
  "timestamp": 1765444776.7130814,
  "episode_reward": 275.48626708984375,
  "num_steps": 131072,
  "feature_compute_time_s": 5.4350807666778564,
  "train_iter_time_s": 4.290881395339966,
  "init_seed": 207,
  "train_seed": 200,
  "best_reward_so_far": 38.417843690417264
}