{
  "sharpness": 1.2713012201923457,
  "gradient_smoothness": 0.3301856317177257,
  "loss_mean": 0.0,
  "loss_std": 0.0,
  "loss_trend": -2.7535201742428886e-10,
  "parameter_norm": 34.895782337516486,
  "lambda_max_10": -41.86713409423828,
  "hessian_trace_10": 383.4508026123047,
  "fim_trace": 3208.1852347031236,
  "step_count": 12,
  "timestamp": 1765469172.437918,
  "episode_reward": 902.2333984375,
  "num_steps": 425984,
  "feature_compute_time_s": 8.930996179580688,
  "train_iter_time_s": 6.370693206787109,
  "init_seed": 200,
  "train_seed": 204,
  "best_reward_so_far": 230.61238543902294
}