{
  "sharpness": 1.7417040947727063,
  "gradient_smoothness": 0.141773350755767,
  "loss_mean": 0.0,
  "loss_std": 0.0,
  "loss_trend": -1.5048100815196665e-09,
  "parameter_norm": 34.738632283891924,
  "lambda_max_10": -49.9292106628418,
  "hessian_trace_10": 848.5195495605469,
  "fim_trace": 4615.759676963091,
  "step_count": 8,
  "timestamp": 1765468863.869828,
  "episode_reward": -15.946290016174316,
  "num_steps": 294912,
  "feature_compute_time_s": 5.694777727127075,
  "train_iter_time_s": 3.838118553161621,
  "init_seed": 202,
  "train_seed": 200,
  "best_reward_so_far": 21.022883522942447
}