{
  "sharpness": 1.4849892027197993,
  "gradient_smoothness": 0.04770548851086645,
  "loss_mean": 0.0,
  "loss_std": 0.0,
  "loss_trend": -5.275619784984733e-12,
  "parameter_norm": 27.589477730680038,
  "lambda_max_10": -15.097390174865723,
  "hessian_trace_10": 128.07982711791993,
  "fim_trace": 872.7375594377518,
  "step_count": 136,
  "timestamp": 1763781436.4871683,
  "num_steps": 4489216,
  "feature_compute_time_s": 4.4232354164123535,
  "train_iter_time_s": 7.567681312561035,
  "init_seed": 206,
  "train_seed": 200,
  "best_reward_so_far": 1046.4933663924853
}