{
  "sharpness": 1.7397053909347882,
  "gradient_smoothness": 0.09186322493354789,
  "loss_mean": 0.0,
  "loss_std": 0.0,
  "loss_trend": -2.8027770115564587e-11,
  "parameter_norm": 29.32120930413486,
  "lambda_max_10": -21.399089813232422,
  "hessian_trace_10": 261.08873291015624,
  "fim_trace": 1734.4297411441803,
  "step_count": 206,
  "timestamp": 1763780209.5316494,
  "num_steps": 6782976,
  "feature_compute_time_s": 7.340046405792236,
  "train_iter_time_s": 13.325549125671387,
  "init_seed": 201,
  "train_seed": 200,
  "best_reward_so_far": 1105.6914288870053
}