{
  "sharpness": 1.6809357208251905,
  "gradient_smoothness": 0.0,
  "parameter_norm": 29.47509194918812,
  "lambda_max_10": 26.862377166748047,
  "hessian_trace_10": 169.6665225982666,
  "fim_trace": 3889.1357395127416,
  "step_count": 0,
  "timestamp": 1764148900.399931,
  "episode_reward": 1553.7044677734375,
  "num_steps": 32768,
  "feature_compute_time_s": 8.237017393112183,
  "train_iter_time_s": 5.079076290130615,
  "init_seed": 200,
  "train_seed": 203,
  "best_reward_so_far": -Infinity
}