{
  "sharpness": 1.7827472739665822,
  "gradient_smoothness": 0.0068259694065269045,
  "loss_mean": 0.0,
  "loss_std": 0.0,
  "loss_trend": -1.4748472660505675e-11,
  "parameter_norm": 28.681190258407376,
  "lambda_max_10": -24.463388442993164,
  "hessian_trace_10": 215.31446361541748,
  "fim_trace": 2573.094194352627,
  "step_count": 208,
  "timestamp": 1763782306.1310256,
  "num_steps": 6848512,
  "feature_compute_time_s": 7.15488862991333,
  "train_iter_time_s": 12.007500410079956,
  "init_seed": 203,
  "train_seed": 200,
  "best_reward_so_far": 1357.3043747458817
}