{
  "sharpness": 1.826813319132018,
  "gradient_smoothness": 0.048769372542730685,
  "loss_mean": 0.0,
  "loss_std": 0.0,
  "loss_trend": -3.7972873273205443e-13,
  "parameter_norm": 28.87343246658812,
  "lambda_max_10": -48.364707946777344,
  "hessian_trace_10": 271.4753784179687,
  "fim_trace": 4001.1364589631557,
  "step_count": 222,
  "timestamp": 1763783818.936735,
  "num_steps": 7307264,
  "feature_compute_time_s": 8.341132879257202,
  "train_iter_time_s": 12.45818305015564,
  "init_seed": 205,
  "train_seed": 200,
  "best_reward_so_far": 1479.405736978144
}