{
  "sharpness": 1.8956007626420406,
  "gradient_smoothness": 0.04242435886383382,
  "loss_mean": 0.0,
  "loss_std": 0.0,
  "loss_trend": 2.4999355860743492e-11,
  "parameter_norm": 29.385911579660224,
  "lambda_max_10": -30.740861892700195,
  "hessian_trace_10": 275.35440521240236,
  "fim_trace": 2776.214772850275,
  "step_count": 235,
  "timestamp": 1763771132.5110474,
  "num_steps": 7733248,
  "feature_compute_time_s": 5.189578056335449,
  "train_iter_time_s": 7.4590535163879395,
  "init_seed": 200,
  "train_seed": 200,
  "best_reward_so_far": 1269.1137796691619
}