{
  "sharpness": 1.7836283294571122,
  "gradient_smoothness": 0.04134180966317536,
  "loss_mean": 0.0,
  "loss_std": 0.0,
  "loss_trend": -3.496840825711434e-11,
  "parameter_norm": 28.001524491090482,
  "lambda_max_10": -45.968326568603516,
  "hessian_trace_10": 523.2044525146484,
  "fim_trace": 3132.2174751609564,
  "step_count": 127,
  "timestamp": 1763775530.9171069,
  "num_steps": 4194304,
  "feature_compute_time_s": 7.524454593658447,
  "train_iter_time_s": 10.85524582862854,
  "init_seed": 200,
  "train_seed": 205,
  "best_reward_so_far": 1048.594711622083
}