{
  "sharpness": 1.7308411364058023,
  "gradient_smoothness": 0.10899438630374754,
  "loss_mean": 0.0,
  "loss_std": 0.0,
  "loss_trend": -1.4780034996841987e-09,
  "parameter_norm": 29.55131006938583,
  "lambda_max_10": 20.458290100097656,
  "hessian_trace_10": 58.109013652801515,
  "fim_trace": 2732.5896912515163,
  "step_count": 7,
  "timestamp": 1764167686.257583,
  "episode_reward": 3259.703369140625,
  "num_steps": 262144,
  "feature_compute_time_s": 5.231486558914185,
  "train_iter_time_s": 2.5711495876312256,
  "init_seed": 200,
  "train_seed": 207,
  "best_reward_so_far": -Infinity
}