{
  "sharpness": 1.3113766051504685,
  "gradient_smoothness": 0.053928918283578806,
  "loss_mean": 0.0,
  "loss_std": 0.0,
  "loss_trend": 4.1294922868845724e-11,
  "parameter_norm": 31.936389584880946,
  "lambda_max_10": -29.944345474243164,
  "hessian_trace_10": 428.8142333984375,
  "fim_trace": 1906.3633874990046,
  "step_count": 198,
  "timestamp": 1763761899.3657506,
  "episode_reward": 1177.3340318500054,
  "num_steps": 6520832,
  "feature_compute_time_s": 5.183670997619629,
  "train_iter_time_s": 9.69308876991272,
  "init_seed": 200,
  "train_seed": 206,
  "best_reward_so_far": 1451.031802439064
}