{
  "sharpness": 2.3654230910944474,
  "gradient_smoothness": 0.489311735565968,
  "loss_mean": 0.0,
  "loss_std": 0.0,
  "loss_trend": 1.531835024959133e-10,
  "parameter_norm": 31.33718280758475,
  "lambda_max_10": -70.16120910644531,
  "hessian_trace_10": 591.4392517089843,
  "fim_trace": 3679.1639952659607,
  "step_count": 13,
  "timestamp": 1764177361.2328281,
  "episode_reward": 1352.3260498046875,
  "num_steps": 458752,
  "feature_compute_time_s": 4.980390787124634,
  "train_iter_time_s": 3.0767245292663574,
  "init_seed": 202,
  "train_seed": 200,
  "best_reward_so_far": -Infinity
}