{
  "sharpness": 1.303825472421825,
  "gradient_smoothness": 0.01962469013034871,
  "loss_mean": 0.0,
  "loss_std": 0.0,
  "loss_trend": 1.8726086174106277e-10,
  "parameter_norm": 33.66201241677804,
  "lambda_max_10": -28.564435958862305,
  "hessian_trace_10": 421.4544387817383,
  "fim_trace": 1966.7175137102604,
  "step_count": 26,
  "timestamp": 1765438433.3388095,
  "episode_reward": 956.1925659179688,
  "num_steps": 884736,
  "feature_compute_time_s": 5.7178895473480225,
  "train_iter_time_s": 3.9458975791931152,
  "init_seed": 200,
  "train_seed": 203,
  "best_reward_so_far": 663.5654138304421
}