{
  "sharpness": 2.553429089724981,
  "gradient_smoothness": 0.34772640301397173,
  "loss_mean": 0.0,
  "loss_std": 0.0,
  "loss_trend": 1.6867196180007383e-09,
  "parameter_norm": 41.365854720698714,
  "lambda_max_10": -16.374977111816406,
  "hessian_trace_10": 187.15929393768312,
  "fim_trace": 3720.685402587056,
  "step_count": 12,
  "timestamp": 1766080652.9593763,
  "episode_reward": 909.4400634765625,
  "num_steps": 425984,
  "feature_compute_time_s": 5.257800102233887,
  "train_iter_time_s": 2.5498082637786865,
  "init_seed": 200,
  "train_seed": 206,
  "best_reward_so_far": -Infinity
}