{
  "sharpness": 2.443243863071798,
  "gradient_smoothness": 0.0078050388037532,
  "loss_mean": 0.0,
  "loss_std": 0.0,
  "loss_trend": 1.4904182995207315e-11,
  "parameter_norm": 46.14824018055081,
  "lambda_max_10": -84.5587387084961,
  "hessian_trace_10": 1101.028253173828,
  "fim_trace": 11465.603115975857,
  "step_count": 3,
  "timestamp": 1765469805.0955634,
  "episode_reward": 99.7437515258789,
  "num_steps": 131072,
  "feature_compute_time_s": 5.740243434906006,
  "train_iter_time_s": 3.8613455295562744,
  "init_seed": 206,
  "train_seed": 200,
  "best_reward_so_far": 25.633060078423348
}