{
  "sharpness": 2.249184031046826,
  "gradient_smoothness": 0.3451768825827975,
  "loss_mean": 0.0,
  "loss_std": 0.0,
  "loss_trend": -4.693371116590229e-10,
  "parameter_norm": 31.718759289664987,
  "lambda_max_10": 57.34185028076172,
  "hessian_trace_10": 414.1822677612305,
  "fim_trace": 4852.574936032295,
  "step_count": 12,
  "timestamp": 1764178503.5579817,
  "episode_reward": 1372.4732666015625,
  "num_steps": 425984,
  "feature_compute_time_s": 8.695258140563965,
  "train_iter_time_s": 3.3406617641448975,
  "init_seed": 207,
  "train_seed": 200,
  "best_reward_so_far": -Infinity
}