{
  "sharpness": 1.2656368195178338,
  "gradient_smoothness": 0.05082710477803557,
  "loss_mean": 0.0,
  "loss_std": 0.0,
  "loss_trend": 3.385664908500414e-09,
  "parameter_norm": 32.934837585745115,
  "lambda_max_10": -26.88800811767578,
  "hessian_trace_10": 386.56810302734374,
  "fim_trace": 2021.69974899292,
  "step_count": 4,
  "timestamp": 1765444751.5824363,
  "episode_reward": 44.28648376464844,
  "num_steps": 163840,
  "feature_compute_time_s": 5.404512166976929,
  "train_iter_time_s": 4.428210258483887,
  "init_seed": 205,
  "train_seed": 200,
  "best_reward_so_far": 94.13786879512762
}