{
  "sharpness": 1.403061507282697,
  "gradient_smoothness": 0.015798876282199267,
  "loss_mean": 0.0,
  "loss_std": 0.0,
  "loss_trend": -2.549977532690128e-10,
  "parameter_norm": 34.016566834756276,
  "lambda_max_10": -44.70659255981445,
  "hessian_trace_10": 515.2449157714843,
  "fim_trace": 2987.3074536956847,
  "step_count": 28,
  "timestamp": 1765442104.2485785,
  "episode_reward": -10.686360359191895,
  "num_steps": 950272,
  "feature_compute_time_s": 5.610666513442993,
  "train_iter_time_s": 3.7013392448425293,
  "init_seed": 202,
  "train_seed": 200,
  "best_reward_so_far": 599.4041237705067
}