{
  "sharpness": 1.3022616487688974,
  "gradient_smoothness": 0.10696031309391392,
  "loss_mean": 0.0,
  "loss_std": 0.0,
  "loss_trend": 1.9454488090755417e-10,
  "parameter_norm": 33.128547677846875,
  "lambda_max_10": -24.113508224487305,
  "hessian_trace_10": 399.00832214355466,
  "fim_trace": 2733.333810299635,
  "step_count": 9,
  "timestamp": 1765443046.2230277,
  "episode_reward": 100.7073974609375,
  "num_steps": 327680,
  "feature_compute_time_s": 5.517355918884277,
  "train_iter_time_s": 4.774380922317505,
  "init_seed": 205,
  "train_seed": 200,
  "best_reward_so_far": 167.25848288687746
}