{
  "sharpness": 1.780724589050528,
  "gradient_smoothness": 0.0,
  "parameter_norm": 29.47527515296661,
  "lambda_max_10": 16.58824920654297,
  "hessian_trace_10": 144.39953556060792,
  "fim_trace": 3448.2854789048433,
  "step_count": 0,
  "timestamp": 1764166548.3380358,
  "episode_reward": 1778.5794677734375,
  "num_steps": 32768,
  "feature_compute_time_s": 5.459738492965698,
  "train_iter_time_s": 4.636135578155518,
  "init_seed": 200,
  "train_seed": 203,
  "best_reward_so_far": -Infinity
}