{
  "sharpness": 1.9909784337575718,
  "gradient_smoothness": 0.2302109910564297,
  "loss_mean": 0.0,
  "loss_std": 0.0,
  "loss_trend": 1.1663475658830636e-08,
  "parameter_norm": 29.345846053876645,
  "lambda_max_10": -13.992950439453125,
  "hessian_trace_10": 165.80087127685547,
  "fim_trace": 1378.3368204832077,
  "step_count": 3,
  "timestamp": 1764168735.4758499,
  "episode_reward": 1271.7958984375,
  "num_steps": 131072,
  "feature_compute_time_s": 4.883208990097046,
  "train_iter_time_s": 3.3224823474884033,
  "init_seed": 206,
  "train_seed": 200,
  "best_reward_so_far": -Infinity
}