{
  "sharpness": 1.71846751712354,
  "gradient_smoothness": 0.3380511683310727,
  "loss_mean": 0.0,
  "loss_std": 0.0,
  "loss_trend": -1.5623373295376808e-09,
  "parameter_norm": 29.569879883956027,
  "lambda_max_10": -34.35366439819336,
  "hessian_trace_10": 272.1664619445801,
  "fim_trace": 2844.220301568508,
  "step_count": 11,
  "timestamp": 1764153452.957163,
  "episode_reward": 3638.18408203125,
  "num_steps": 393216,
  "feature_compute_time_s": 5.072389364242554,
  "train_iter_time_s": 4.271691083908081,
  "init_seed": 200,
  "train_seed": 207,
  "best_reward_so_far": -Infinity
}