{
  "sharpness": 1.2727741056292838,
  "gradient_smoothness": 0.016989016348839567,
  "loss_mean": 0.0,
  "loss_std": 0.0,
  "loss_trend": 2.0267316414375877e-10,
  "parameter_norm": 34.017939707767354,
  "lambda_max_10": -24.016193389892578,
  "hessian_trace_10": 409.3647933959961,
  "fim_trace": 1473.1040696166456,
  "step_count": 29,
  "timestamp": 1765445198.027808,
  "episode_reward": -54.295799255371094,
  "num_steps": 983040,
  "feature_compute_time_s": 6.285646200180054,
  "train_iter_time_s": 4.725898504257202,
  "init_seed": 206,
  "train_seed": 200,
  "best_reward_so_far": 757.2447244108537
}