{
  "sharpness": 0.14429700818416047,
  "gradient_smoothness": 0.10881416401844586,
  "loss_mean": 0.0,
  "loss_std": 0.0,
  "loss_trend": -1.0607609567553095e-08,
  "parameter_norm": 19.828142927145183,
  "lambda_max_10": -0.5438896417617798,
  "hessian_trace_10": -4.3302480459213255,
  "fim_trace": 25.400063678622246,
  "step_count": 4,
  "timestamp": 1763774930.7062213,
  "num_steps": 163840,
  "feature_compute_time_s": 7.983280420303345,
  "train_iter_time_s": 10.49696683883667,
  "init_seed": 200,
  "train_seed": 206,
  "best_reward_so_far": -Infinity
}