{
  "sharpness": 5.671324587332452,
  "gradient_smoothness": 0.03892300006581035,
  "loss_mean": 0.0,
  "loss_std": 0.0,
  "loss_trend": 1.0586409349025914e-10,
  "parameter_norm": 52.52944060383426,
  "lambda_max_10": -74.120361328125,
  "hessian_trace_10": 119.69448127746583,
  "fim_trace": 10275.101496100426,
  "step_count": 6,
  "timestamp": 1766080755.894188,
  "episode_reward": 393.6335144042969,
  "num_steps": 229376,
  "feature_compute_time_s": 5.05724573135376,
  "train_iter_time_s": 2.8342530727386475,
  "init_seed": 200,
  "train_seed": 206,
  "best_reward_so_far": -Infinity
}