{
  "sharpness": 2.0069566266986554,
  "gradient_smoothness": 0.1294629383538608,
  "loss_mean": 0.0,
  "loss_std": 0.0,
  "loss_trend": 3.1027982472496364e-09,
  "parameter_norm": 29.162479908153486,
  "lambda_max_10": 14.171001434326172,
  "hessian_trace_10": 40.87786417007446,
  "fim_trace": 1976.5174028426409,
  "step_count": 5,
  "timestamp": 1764168548.3079925,
  "episode_reward": 4099.52197265625,
  "num_steps": 196608,
  "feature_compute_time_s": 5.481775760650635,
  "train_iter_time_s": 4.107432126998901,
  "init_seed": 204,
  "train_seed": 200,
  "best_reward_so_far": -Infinity
}