{
  "sharpness": 1.2748765382853564,
  "gradient_smoothness": 0.048063222835077475,
  "loss_mean": 0.0,
  "loss_std": 0.0,
  "loss_trend": 3.901729431936004e-10,
  "parameter_norm": 34.02890011188221,
  "lambda_max_10": -47.754642486572266,
  "hessian_trace_10": 578.0026763916015,
  "fim_trace": 4171.218029461801,
  "step_count": 26,
  "timestamp": 1765438468.983487,
  "episode_reward": -5.078657150268555,
  "num_steps": 884736,
  "feature_compute_time_s": 5.705342531204224,
  "train_iter_time_s": 4.975028991699219,
  "init_seed": 200,
  "train_seed": 206,
  "best_reward_so_far": 686.5117858087011
}