{
  "sharpness": 1.581914728861814,
  "gradient_smoothness": 0.7615941559557649,
  "loss_mean": 0.0,
  "loss_std": 0.0,
  "loss_trend": -3.239716520597692e-11,
  "parameter_norm": 33.89276074063274,
  "lambda_max_10": -58.365257263183594,
  "hessian_trace_10": 492.1499542236328,
  "fim_trace": 3185.0995879098773,
  "step_count": 61,
  "timestamp": 1765444725.961852,
  "episode_reward": 1137.828857421875,
  "num_steps": 2031616,
  "feature_compute_time_s": 5.359719514846802,
  "train_iter_time_s": 3.973898410797119,
  "init_seed": 203,
  "train_seed": 200,
  "best_reward_so_far": 1060.7256961144867
}