{
  "sharpness": 0.8535762460952305,
  "gradient_smoothness": 0.01579544966605991,
  "loss_mean": 0.0,
  "loss_std": 0.0,
  "loss_trend": 3.889978431353792e-12,
  "parameter_norm": 25.957036372921333,
  "lambda_max_10": 7.860187530517578,
  "hessian_trace_10": 89.98439311981201,
  "fim_trace": 341.1462215408683,
  "step_count": 76,
  "timestamp": 1763776847.5679798,
  "num_steps": 2523136,
  "feature_compute_time_s": 4.39755392074585,
  "train_iter_time_s": 8.410796642303467,
  "init_seed": 200,
  "train_seed": 200,
  "best_reward_so_far": 634.3610836345866
}