{
  "sharpness": 6.109024578236895,
  "gradient_smoothness": 0.45862334773305247,
  "loss_mean": 0.0,
  "loss_std": 0.0,
  "loss_trend": -4.412585448485251e-10,
  "parameter_norm": 52.46782318769656,
  "lambda_max_10": 62.784934997558594,
  "hessian_trace_10": 49.816372299194335,
  "fim_trace": 10397.909650325775,
  "step_count": 13,
  "timestamp": 1766080766.3582902,
  "episode_reward": 60.123779296875,
  "num_steps": 458752,
  "feature_compute_time_s": 5.5220091342926025,
  "train_iter_time_s": 4.3140692710876465,
  "init_seed": 200,
  "train_seed": 206,
  "best_reward_so_far": -Infinity
}