{
  "sharpness": 8.940745631447841,
  "gradient_smoothness": 0.5674157555474683,
  "loss_mean": 0.0,
  "loss_std": 0.0,
  "loss_trend": -7.793543676303297e-10,
  "parameter_norm": 52.37565840789731,
  "lambda_max_10": -54.045021057128906,
  "hessian_trace_10": -234.8343593597412,
  "fim_trace": 18753.246082544327,
  "step_count": 14,
  "timestamp": 1766083593.5358598,
  "episode_reward": -32.06884002685547,
  "num_steps": 491520,
  "feature_compute_time_s": 6.556932687759399,
  "train_iter_time_s": 4.2341108322143555,
  "init_seed": 207,
  "train_seed": 200,
  "best_reward_so_far": -Infinity
}