{
  "sharpness": 1.9460877732980066,
  "gradient_smoothness": 0.14765789438281893,
  "loss_mean": 0.0,
  "loss_std": 0.0,
  "loss_trend": 8.09363153286442e-09,
  "parameter_norm": 29.75694089997086,
  "lambda_max_10": 47.79961013793945,
  "hessian_trace_10": 255.87641448974608,
  "fim_trace": 4250.676358103752,
  "step_count": 3,
  "timestamp": 1764178015.5165224,
  "episode_reward": 1631.1641845703125,
  "num_steps": 131072,
  "feature_compute_time_s": 5.49568772315979,
  "train_iter_time_s": 4.522746562957764,
  "init_seed": 207,
  "train_seed": 200,
  "best_reward_so_far": -Infinity
}