{
  "sharpness": 1.4945817145593976,
  "gradient_smoothness": 0.0401744112283952,
  "loss_mean": 0.0,
  "loss_std": 0.0,
  "loss_trend": -1.8705531015526195e-10,
  "parameter_norm": 33.06507545004604,
  "lambda_max_10": -16.764020919799805,
  "hessian_trace_10": 370.37828674316404,
  "fim_trace": 1841.7456078007817,
  "step_count": 13,
  "timestamp": 1765444134.1545827,
  "episode_reward": -14.963213920593262,
  "num_steps": 458752,
  "feature_compute_time_s": 10.963075399398804,
  "train_iter_time_s": 4.291047811508179,
  "init_seed": 207,
  "train_seed": 200,
  "best_reward_so_far": 243.10861776847932
}