{
  "sharpness": 1.487753862739344,
  "gradient_smoothness": 0.056242615807408705,
  "loss_mean": 0.0,
  "loss_std": 0.0,
  "loss_trend": -3.554537899223821e-11,
  "parameter_norm": 34.271932509937095,
  "lambda_max_10": 6.053612232208252,
  "hessian_trace_10": 409.8300842285156,
  "fim_trace": 3157.4621786251664,
  "step_count": 36,
  "timestamp": 1765438708.2268722,
  "episode_reward": 1397.8887939453125,
  "num_steps": 1212416,
  "feature_compute_time_s": 10.669921636581421,
  "train_iter_time_s": 3.9379711151123047,
  "init_seed": 200,
  "train_seed": 204,
  "best_reward_so_far": 759.1792516023507
}