{
  "sharpness": 2.18026098819936,
  "gradient_smoothness": 0.0,
  "parameter_norm": 102.41462785499976,
  "lambda_max_10": 30.91814422607422,
  "hessian_trace_10": -8.720671081542969,
  "fim_trace": 3710.6558517478406,
  "step_count": 0,
  "timestamp": 1765469483.868466,
  "episode_reward": -19.720827102661133,
  "num_steps": 32768,
  "feature_compute_time_s": 9.715140581130981,
  "train_iter_time_s": 5.583684682846069,
  "init_seed": 200,
  "train_seed": 203,
  "best_reward_so_far": -8.744967526873335
}