{
  "sharpness": 1.8426075536826134,
  "gradient_smoothness": 0.11821641156397364,
  "loss_mean": 0.0,
  "loss_std": 0.0,
  "loss_trend": 1.3226555878576444e-11,
  "parameter_norm": 27.145810564927913,
  "lambda_max_10": -23.672454833984375,
  "hessian_trace_10": 151.73979072570802,
  "fim_trace": 1269.385254085064,
  "step_count": 112,
  "timestamp": 1763775154.551394,
  "num_steps": 3702784,
  "feature_compute_time_s": 7.439111709594727,
  "train_iter_time_s": 12.585699558258057,
  "init_seed": 200,
  "train_seed": 204,
  "best_reward_so_far": 996.0047688226932
}