{
  "sharpness": 1.8043790366253984,
  "gradient_smoothness": 0.2651075484589005,
  "loss_mean": 0.0,
  "loss_std": 0.0,
  "loss_trend": 5.7616376556020725e-09,
  "parameter_norm": 29.401055769172714,
  "lambda_max_10": -62.665374755859375,
  "hessian_trace_10": 501.64248580932616,
  "fim_trace": 5962.968371838331,
  "step_count": 3,
  "timestamp": 1764167184.9598908,
  "episode_reward": 1322.8670654296875,
  "num_steps": 131072,
  "feature_compute_time_s": 4.754474401473999,
  "train_iter_time_s": 3.003563404083252,
  "init_seed": 200,
  "train_seed": 204,
  "best_reward_so_far": -Infinity
}