{
  "sharpness": 3.128983085068679,
  "gradient_smoothness": 0.35226900317708115,
  "loss_mean": 0.0,
  "loss_std": 0.0,
  "loss_trend": 8.299075873286499e-10,
  "parameter_norm": 44.00009752490347,
  "lambda_max_10": -30.771883010864258,
  "hessian_trace_10": 192.85393218994142,
  "fim_trace": 5559.529582262039,
  "step_count": 12,
  "timestamp": 1764177873.6359048,
  "episode_reward": 2658.778076171875,
  "num_steps": 425984,
  "feature_compute_time_s": 9.907687425613403,
  "train_iter_time_s": 5.642405986785889,
  "init_seed": 200,
  "train_seed": 203,
  "best_reward_so_far": -Infinity
}