{
  "sharpness": 1.5704702268624122,
  "gradient_smoothness": 0.07586971106884795,
  "loss_mean": 0.0,
  "loss_std": 0.0,
  "loss_trend": -5.217388562833035e-12,
  "parameter_norm": 28.98626329503227,
  "lambda_max_10": -21.911184310913086,
  "hessian_trace_10": 234.10573806762696,
  "fim_trace": 1784.3072258234024,
  "step_count": 179,
  "timestamp": 1763778397.8579302,
  "num_steps": 5898240,
  "feature_compute_time_s": 7.400235176086426,
  "train_iter_time_s": 12.936777830123901,
  "init_seed": 200,
  "train_seed": 206,
  "best_reward_so_far": 1100.6991600558704
}