{
  "sharpness": 1.2504329007653938,
  "gradient_smoothness": 0.020005279486139133,
  "loss_mean": 0.0,
  "loss_std": 0.0,
  "loss_trend": -6.318743147654101e-10,
  "parameter_norm": 33.773211963785876,
  "lambda_max_10": -21.123992919921875,
  "hessian_trace_10": 460.9430465698242,
  "fim_trace": 1402.430859938264,
  "step_count": 27,
  "timestamp": 1765440516.6623905,
  "episode_reward": 514.2171020507812,
  "num_steps": 917504,
  "feature_compute_time_s": 10.513389348983765,
  "train_iter_time_s": 8.265507459640503,
  "init_seed": 200,
  "train_seed": 200,
  "best_reward_so_far": 678.1067723061602
}