{
  "sharpness": 1.2564773322325091,
  "gradient_smoothness": 0.07224078328550403,
  "loss_mean": 0.0,
  "loss_std": 0.0,
  "loss_trend": 1.5200036734888038e-10,
  "parameter_norm": 33.90944991774095,
  "lambda_max_10": -26.253215789794922,
  "hessian_trace_10": 343.87584686279297,
  "fim_trace": 2502.2783978432417,
  "step_count": 34,
  "timestamp": 1765443390.307276,
  "episode_reward": 1450.015380859375,
  "num_steps": 1146880,
  "feature_compute_time_s": 5.3777077198028564,
  "train_iter_time_s": 3.930481433868408,
  "init_seed": 205,
  "train_seed": 200,
  "best_reward_so_far": 595.4957043239937
}