{
  "sharpness": 1.3309129029870228,
  "gradient_smoothness": 0.04047357931076774,
  "loss_mean": 0.0,
  "loss_std": 0.0,
  "loss_trend": -2.2469074704977813e-09,
  "parameter_norm": 33.03028632965561,
  "lambda_max_10": -36.39228057861328,
  "hessian_trace_10": 530.704458618164,
  "fim_trace": 2567.552009049803,
  "step_count": 9,
  "timestamp": 1765438249.025489,
  "episode_reward": 514.6710205078125,
  "num_steps": 327680,
  "feature_compute_time_s": 5.315174579620361,
  "train_iter_time_s": 3.9238550662994385,
  "init_seed": 200,
  "train_seed": 203,
  "best_reward_so_far": 174.38445721122793
}