{
  "sharpness": 2.7576365838756924,
  "gradient_smoothness": 0.2820037949193042,
  "loss_mean": 0.0,
  "loss_std": 0.0,
  "loss_trend": 7.270943363738704e-10,
  "parameter_norm": 29.600046254017045,
  "lambda_max_10": 21.758398056030273,
  "hessian_trace_10": -9.176344108581542,
  "fim_trace": 2806.245301067829,
  "step_count": 11,
  "timestamp": 1764167724.8601854,
  "episode_reward": 3713.028076171875,
  "num_steps": 393216,
  "feature_compute_time_s": 5.061082124710083,
  "train_iter_time_s": 3.371412515640259,
  "init_seed": 200,
  "train_seed": 207,
  "best_reward_so_far": -Infinity
}