{
  "sharpness": 2.3517448958948655,
  "gradient_smoothness": 0.10948811592257292,
  "loss_mean": 0.0,
  "loss_std": 0.0,
  "loss_trend": 1.891066753120365e-09,
  "parameter_norm": 29.047158817019454,
  "lambda_max_10": -54.249412536621094,
  "hessian_trace_10": 430.41714935302736,
  "fim_trace": 3901.340624779463,
  "step_count": 7,
  "timestamp": 1764156270.3957372,
  "episode_reward": 1450.5487060546875,
  "num_steps": 262144,
  "feature_compute_time_s": 9.779070615768433,
  "train_iter_time_s": 3.1515393257141113,
  "init_seed": 202,
  "train_seed": 200,
  "best_reward_so_far": -Infinity
}