{
  "sharpness": 1.4203329074582598,
  "gradient_smoothness": 0.05777065011181265,
  "loss_mean": 0.0,
  "loss_std": 0.0,
  "loss_trend": 5.99439613785328e-10,
  "parameter_norm": 33.14217402007856,
  "lambda_max_10": -26.583499908447266,
  "hessian_trace_10": 298.97816009521483,
  "fim_trace": 1502.8235477618873,
  "step_count": 12,
  "timestamp": 1765440942.3745158,
  "episode_reward": 327.7165222167969,
  "num_steps": 425984,
  "feature_compute_time_s": 5.3647379875183105,
  "train_iter_time_s": 4.190260171890259,
  "init_seed": 200,
  "train_seed": 207,
  "best_reward_so_far": 129.3697392016753
}