{
  "sharpness": 2.2553499350146384,
  "gradient_smoothness": 0.10017529157083792,
  "loss_mean": 0.0,
  "loss_std": 0.0,
  "loss_trend": 1.1364498951996349e-09,
  "parameter_norm": 29.042264945305284,
  "lambda_max_10": -55.89948272705078,
  "hessian_trace_10": 302.2000473022461,
  "fim_trace": 4149.802864164114,
  "step_count": 5,
  "timestamp": 1764155855.9311473,
  "episode_reward": 1225.5989990234375,
  "num_steps": 196608,
  "feature_compute_time_s": 5.1578896045684814,
  "train_iter_time_s": 3.3498997688293457,
  "init_seed": 202,
  "train_seed": 200,
  "best_reward_so_far": -Infinity
}