{
  "sharpness": 2.800381121823309,
  "gradient_smoothness": 0.1379450042296172,
  "loss_mean": 0.0,
  "loss_std": 0.0,
  "loss_trend": 1.7898538953843477e-09,
  "parameter_norm": 40.90335893591205,
  "lambda_max_10": -37.73005294799805,
  "hessian_trace_10": 285.8379440307617,
  "fim_trace": 3094.980084232986,
  "step_count": 7,
  "timestamp": 1766080925.776656,
  "episode_reward": 1149.2547607421875,
  "num_steps": 262144,
  "feature_compute_time_s": 5.543047666549683,
  "train_iter_time_s": 2.6652708053588867,
  "init_seed": 203,
  "train_seed": 200,
  "best_reward_so_far": -Infinity
}