{
  "sharpness": 2.873505081062484,
  "gradient_smoothness": 0.2080110279521772,
  "loss_mean": 0.0,
  "loss_std": 0.0,
  "loss_trend": -6.280233437822091e-10,
  "parameter_norm": 52.11314493883841,
  "lambda_max_10": -15.893730163574219,
  "hessian_trace_10": 16.46450901031494,
  "fim_trace": 3097.8056285083294,
  "step_count": 10,
  "timestamp": 1766081170.4095314,
  "episode_reward": 192.88047790527344,
  "num_steps": 360448,
  "feature_compute_time_s": 9.42717719078064,
  "train_iter_time_s": 3.567189931869507,
  "init_seed": 203,
  "train_seed": 200,
  "best_reward_so_far": -Infinity
}