{
  "sharpness": 1.2670476481413449,
  "gradient_smoothness": 0.04762960534854509,
  "loss_mean": 0.0,
  "loss_std": 0.0,
  "loss_trend": 6.287305826948175e-10,
  "parameter_norm": 33.68203167422281,
  "lambda_max_10": -10.739855766296387,
  "hessian_trace_10": 280.13083801269534,
  "fim_trace": 914.4408625438809,
  "step_count": 19,
  "timestamp": 1765443988.4341908,
  "episode_reward": -73.41460418701172,
  "num_steps": 655360,
  "feature_compute_time_s": 5.560779333114624,
  "train_iter_time_s": 3.6936440467834473,
  "init_seed": 204,
  "train_seed": 200,
  "best_reward_so_far": 218.2404073456385
}