{
  "sharpness": 1.2490317178959647,
  "gradient_smoothness": 0.28709429563694633,
  "loss_mean": 0.0,
  "loss_std": 0.0,
  "loss_trend": 1.1296820967909864e-10,
  "parameter_norm": 34.14371638188366,
  "lambda_max_10": -30.356523513793945,
  "hessian_trace_10": 483.98102416992185,
  "fim_trace": 2433.1398614645004,
  "step_count": 56,
  "timestamp": 1765440577.6792817,
  "episode_reward": -23.888784408569336,
  "num_steps": 1867776,
  "feature_compute_time_s": 5.580372333526611,
  "train_iter_time_s": 3.7675673961639404,
  "init_seed": 200,
  "train_seed": 203,
  "best_reward_so_far": 830.7892838604082
}