{
  "sharpness": 6.407876950311966,
  "gradient_smoothness": 0.7615941559557649,
  "loss_mean": 0.0,
  "loss_std": 0.0,
  "loss_trend": -4.056742214043011e-10,
  "parameter_norm": 52.07662515798028,
  "lambda_max_10": -69.74543762207031,
  "hessian_trace_10": 76.21804733276367,
  "fim_trace": 22718.737399101257,
  "step_count": 15,
  "timestamp": 1766081163.1598125,
  "episode_reward": -382.37939453125,
  "num_steps": 524288,
  "feature_compute_time_s": 5.1193132400512695,
  "train_iter_time_s": 2.721865177154541,
  "init_seed": 203,
  "train_seed": 200,
  "best_reward_so_far": -385.37058099294404
}