{
  "sharpness": 4.8420063353295895,
  "gradient_smoothness": 0.0,
  "loss_mean": 0.0,
  "loss_std": 0.0,
  "loss_trend": 0.0,
  "parameter_norm": 52.40052167170896,
  "lambda_max_10": 35.25518798828125,
  "hessian_trace_10": 21.067875862121582,
  "fim_trace": 8104.358636498451,
  "step_count": 1,
  "timestamp": 1766080615.8817585,
  "episode_reward": 120.30500793457031,
  "num_steps": 65536,
  "feature_compute_time_s": 5.855926990509033,
  "train_iter_time_s": 4.2791478633880615,
  "init_seed": 200,
  "train_seed": 206,
  "best_reward_so_far": -Infinity
}