{
  "sharpness": 1.2419820284190308,
  "gradient_smoothness": 0.01874553316164186,
  "loss_mean": 0.0,
  "loss_std": 0.0,
  "loss_trend": -5.072093678366949e-11,
  "parameter_norm": 32.34479498459003,
  "lambda_max_10": -24.12967300415039,
  "hessian_trace_10": 387.7212631225586,
  "fim_trace": 1712.50397740677,
  "step_count": 244,
  "timestamp": 1763773196.3924124,
  "episode_reward": 1415.7116957849903,
  "num_steps": 8028160,
  "feature_compute_time_s": 9.6948721408844,
  "train_iter_time_s": 16.397138357162476,
  "init_seed": 205,
  "train_seed": 200,
  "best_reward_so_far": 1658.3194934058913
}