{
  "sharpness": 2.066038741857357,
  "gradient_smoothness": 0.3453939259502891,
  "loss_mean": 0.0,
  "loss_std": 0.0,
  "loss_trend": -7.829674153575212e-10,
  "parameter_norm": 29.288309370788088,
  "lambda_max_10": -24.79706382751465,
  "hessian_trace_10": 3.2960710525512695,
  "fim_trace": 1842.5300467908382,
  "step_count": 12,
  "timestamp": 1764158735.9172928,
  "episode_reward": 3980.154052734375,
  "num_steps": 425984,
  "feature_compute_time_s": 8.827640056610107,
  "train_iter_time_s": 3.902282953262329,
  "init_seed": 204,
  "train_seed": 200,
  "best_reward_so_far": -Infinity
}