{
  "sharpness": 1.3930582307123125,
  "gradient_smoothness": 0.23346376782983824,
  "loss_mean": 0.0,
  "loss_std": 0.0,
  "loss_trend": 4.1752440030053284e-10,
  "parameter_norm": 34.59674878250115,
  "lambda_max_10": -24.578617095947266,
  "hessian_trace_10": 340.3563491821289,
  "fim_trace": 2824.2715205922723,
  "step_count": 7,
  "timestamp": 1765469964.8894143,
  "episode_reward": -8.469152450561523,
  "num_steps": 262144,
  "feature_compute_time_s": 5.738062620162964,
  "train_iter_time_s": 4.3677942752838135,
  "init_seed": 207,
  "train_seed": 200,
  "best_reward_so_far": 46.36074294762914
}