{
  "sharpness": 1.1227410275915133,
  "gradient_smoothness": 0.01195773106019619,
  "loss_mean": 0.0,
  "loss_std": 0.0,
  "loss_trend": -5.43323920511251e-12,
  "parameter_norm": 31.7248935555941,
  "lambda_max_10": -21.83099365234375,
  "hessian_trace_10": 454.15704040527345,
  "fim_trace": 1163.5851666629314,
  "step_count": 197,
  "timestamp": 1763766536.4263206,
  "episode_reward": 728.3606589851884,
  "num_steps": 6488064,
  "feature_compute_time_s": 5.064158916473389,
  "train_iter_time_s": 9.27677583694458,
  "init_seed": 200,
  "train_seed": 200,
  "best_reward_so_far": 825.5063438058102
}