{
  "sharpness": 1.4616205635608706,
  "gradient_smoothness": 0.038312606892539965,
  "loss_mean": 0.0,
  "loss_std": 0.0,
  "loss_trend": 2.26068152285286e-11,
  "parameter_norm": 25.717275669149824,
  "lambda_max_10": 14.392191886901855,
  "hessian_trace_10": 62.28109645843506,
  "fim_trace": 638.1710529103875,
  "step_count": 81,
  "timestamp": 1763780879.2387476,
  "num_steps": 2686976,
  "feature_compute_time_s": 6.830638885498047,
  "train_iter_time_s": 12.666106939315796,
  "init_seed": 205,
  "train_seed": 200,
  "best_reward_so_far": 1010.056919577341
}