{
  "sharpness": 3.034125873400745,
  "gradient_smoothness": 0.0,
  "parameter_norm": 102.46086093443162,
  "lambda_max_10": -28.684083938598633,
  "hessian_trace_10": 15.716592407226562,
  "fim_trace": 10088.291458286345,
  "step_count": 0,
  "timestamp": 1765469098.87245,
  "episode_reward": -4.950173377990723,
  "num_steps": 32768,
  "feature_compute_time_s": 5.557949066162109,
  "train_iter_time_s": 4.215373992919922,
  "init_seed": 202,
  "train_seed": 200,
  "best_reward_so_far": -4.6363104094734275
}