{
  "sharpness": 1.760045506328372,
  "gradient_smoothness": 0.0,
  "parameter_norm": 29.473945963053207,
  "lambda_max_10": -21.174251556396484,
  "hessian_trace_10": 26.201411056518555,
  "fim_trace": 3355.277256358415,
  "step_count": 0,
  "timestamp": 1764167133.656252,
  "episode_reward": 1582.8599853515625,
  "num_steps": 32768,
  "feature_compute_time_s": 5.449794054031372,
  "train_iter_time_s": 3.2454612255096436,
  "init_seed": 200,
  "train_seed": 203,
  "best_reward_so_far": -Infinity
}