{
  "sharpness": 1.515421129626731,
  "gradient_smoothness": 0.0,
  "parameter_norm": 29.602786401193747,
  "lambda_max_10": -19.348426818847656,
  "hessian_trace_10": 317.97741851806643,
  "fim_trace": 4472.674222260714,
  "step_count": 0,
  "timestamp": 1764152266.1833804,
  "episode_reward": 1367.3660888671875,
  "num_steps": 32768,
  "feature_compute_time_s": 5.110610246658325,
  "train_iter_time_s": 4.8888256549835205,
  "init_seed": 200,
  "train_seed": 206,
  "best_reward_so_far": -Infinity
}