{
  "sharpness": 1.3171493437771713,
  "gradient_smoothness": 0.3523217719674112,
  "loss_mean": 0.0,
  "loss_std": 0.0,
  "loss_trend": -6.730948277019727e-11,
  "parameter_norm": 34.28213284463362,
  "lambda_max_10": -52.38676834106445,
  "hessian_trace_10": 883.8634582519531,
  "fim_trace": 4464.303989268839,
  "step_count": 58,
  "timestamp": 1765440551.788069,
  "episode_reward": 1271.215576171875,
  "num_steps": 1933312,
  "feature_compute_time_s": 10.751313924789429,
  "train_iter_time_s": 3.794215679168701,
  "init_seed": 200,
  "train_seed": 206,
  "best_reward_so_far": 1096.4173361453925
}