{
  "sharpness": 1.1842075475704639,
  "gradient_smoothness": 0.09996957980580684,
  "loss_mean": 0.0,
  "loss_std": 0.0,
  "loss_trend": -6.839838663540981e-12,
  "parameter_norm": 34.19647659247125,
  "lambda_max_10": -29.11714744567871,
  "hessian_trace_10": 669.6869812011719,
  "fim_trace": 3055.3746852502227,
  "step_count": 43,
  "timestamp": 1765441833.833114,
  "episode_reward": -2.9507033824920654,
  "num_steps": 1441792,
  "feature_compute_time_s": 5.575085401535034,
  "train_iter_time_s": 3.824855089187622,
  "init_seed": 204,
  "train_seed": 200,
  "best_reward_so_far": 782.3513870774617
}