{
  "sharpness": 1.3985628878030811,
  "gradient_smoothness": 0.0311395358773131,
  "loss_mean": 0.0,
  "loss_std": 0.0,
  "loss_trend": 3.165862380728215e-11,
  "parameter_norm": 32.05306811209773,
  "lambda_max_10": -34.321533203125,
  "hessian_trace_10": 463.85179443359374,
  "fim_trace": 2025.4858533926308,
  "step_count": 256,
  "timestamp": 1763764524.132644,
  "episode_reward": 1183.0187220204552,
  "num_steps": 8421376,
  "feature_compute_time_s": 6.719219207763672,
  "train_iter_time_s": 15.964411497116089,
  "init_seed": 200,
  "train_seed": 207,
  "best_reward_so_far": 1548.0433036672314
}