{
  "sharpness": 1.7952010683240776,
  "gradient_smoothness": 0.04548414562441972,
  "loss_mean": 0.0,
  "loss_std": 0.0,
  "loss_trend": 2.3864470855159367e-11,
  "parameter_norm": 28.06525513972593,
  "lambda_max_10": -33.89094924926758,
  "hessian_trace_10": 277.89667053222655,
  "fim_trace": 2045.6454623416066,
  "step_count": 146,
  "timestamp": 1763775793.9057543,
  "num_steps": 4816896,
  "feature_compute_time_s": 7.749589920043945,
  "train_iter_time_s": 11.808420658111572,
  "init_seed": 200,
  "train_seed": 204,
  "best_reward_so_far": 1079.4461959421221
}