{
  "sharpness": 1.466917964805681,
  "gradient_smoothness": 0.02777517639614085,
  "loss_mean": 0.0,
  "loss_std": 0.0,
  "loss_trend": 6.239501215673432e-10,
  "parameter_norm": 33.52526802348845,
  "lambda_max_10": -37.64311981201172,
  "hessian_trace_10": 333.75090942382815,
  "fim_trace": 2703.779252514243,
  "step_count": 22,
  "timestamp": 1765440208.281986,
  "episode_reward": 222.81103515625,
  "num_steps": 753664,
  "feature_compute_time_s": 5.4493513107299805,
  "train_iter_time_s": 4.271817207336426,
  "init_seed": 200,
  "train_seed": 207,
  "best_reward_so_far": 321.25155067278524
}