{
  "sharpness": 1.2342386078835155,
  "gradient_smoothness": 0.014862507862830433,
  "loss_mean": 0.0,
  "loss_std": 0.0,
  "loss_trend": -4.451723199073053e-11,
  "parameter_norm": 30.928269025196805,
  "lambda_max_10": -22.619176864624023,
  "hessian_trace_10": 276.00172424316406,
  "fim_trace": 1147.4063387326896,
  "step_count": 166,
  "timestamp": 1763763496.7433796,
  "episode_reward": 1000.6165154983122,
  "num_steps": 5472256,
  "feature_compute_time_s": 8.475391864776611,
  "train_iter_time_s": 20.695321083068848,
  "init_seed": 200,
  "train_seed": 201,
  "best_reward_so_far": 1252.9964524372233
}