{
  "sharpness": 1.3320743935740216,
  "gradient_smoothness": 0.11637467911540098,
  "loss_mean": 0.0,
  "loss_std": 0.0,
  "loss_trend": 1.0713379965127987e-11,
  "parameter_norm": 28.926669625783713,
  "lambda_max_10": -4.696508407592773,
  "hessian_trace_10": 152.16110076904297,
  "fim_trace": 2543.4706468880177,
  "step_count": 175,
  "timestamp": 1763778314.5529916,
  "num_steps": 5767168,
  "feature_compute_time_s": 8.865498065948486,
  "train_iter_time_s": 10.982280731201172,
  "init_seed": 200,
  "train_seed": 206,
  "best_reward_so_far": 1100.6991600558704
}