{
  "sharpness": 2.5095289114980255,
  "gradient_smoothness": 0.13027835101426305,
  "loss_mean": 0.0,
  "loss_std": 0.0,
  "loss_trend": -3.223282825806812e-10,
  "parameter_norm": 31.74127783117057,
  "lambda_max_10": -28.262863159179688,
  "hessian_trace_10": 260.5986022949219,
  "fim_trace": 2003.816804856062,
  "step_count": 8,
  "timestamp": 1764178121.9433413,
  "episode_reward": 1401.078369140625,
  "num_steps": 294912,
  "feature_compute_time_s": 5.118812322616577,
  "train_iter_time_s": 2.6278584003448486,
  "init_seed": 206,
  "train_seed": 200,
  "best_reward_so_far": -Infinity
}