{
  "sharpness": 1.3998716688678776,
  "gradient_smoothness": 0.06289739304959757,
  "loss_mean": 0.0,
  "loss_std": 0.0,
  "loss_trend": -6.604395081918567e-11,
  "parameter_norm": 28.771928306447716,
  "lambda_max_10": 11.952507972717285,
  "hessian_trace_10": 356.9512115478516,
  "fim_trace": 634.2250768318772,
  "step_count": 98,
  "timestamp": 1763768399.2917538,
  "episode_reward": 1314.4068285604276,
  "num_steps": 3244032,
  "feature_compute_time_s": 9.010544776916504,
  "train_iter_time_s": 14.889739036560059,
  "init_seed": 204,
  "train_seed": 200,
  "best_reward_so_far": 1583.253664193215
}