{
  "sharpness": 1.8041715277599473,
  "gradient_smoothness": 0.18031727793603383,
  "loss_mean": 0.0,
  "loss_std": 0.0,
  "loss_trend": -2.8774329628448625e-11,
  "parameter_norm": 29.09385077456084,
  "lambda_max_10": -40.4444694519043,
  "hessian_trace_10": 318.6620361328125,
  "fim_trace": 4604.263365060091,
  "step_count": 260,
  "timestamp": 1763776273.6741872,
  "num_steps": 8552448,
  "feature_compute_time_s": 5.326495170593262,
  "train_iter_time_s": 11.421643495559692,
  "init_seed": 200,
  "train_seed": 201,
  "best_reward_so_far": 1493.1280554831606
}