{
  "sharpness": 1.2365341758665849,
  "gradient_smoothness": 0.03300952733514711,
  "loss_mean": 0.0,
  "loss_std": 0.0,
  "loss_trend": 4.365450745259665e-11,
  "parameter_norm": 32.17839160639028,
  "lambda_max_10": -29.740140914916992,
  "hessian_trace_10": 489.25013275146483,
  "fim_trace": 2201.6546771489084,
  "step_count": 205,
  "timestamp": 1763772281.3980265,
  "episode_reward": 1919.6765118301787,
  "num_steps": 6750208,
  "feature_compute_time_s": 4.460160970687866,
  "train_iter_time_s": 19.245303630828857,
  "init_seed": 206,
  "train_seed": 200,
  "best_reward_so_far": 2116.888918808559
}