{
  "sharpness": 1.2697548947080095,
  "gradient_smoothness": 0.01882565784911232,
  "loss_mean": 0.0,
  "loss_std": 0.0,
  "loss_trend": 5.6259633182492486e-11,
  "parameter_norm": 31.90186336710729,
  "lambda_max_10": -28.287425994873047,
  "hessian_trace_10": 366.9254669189453,
  "fim_trace": 1941.9645719192922,
  "step_count": 226,
  "timestamp": 1763765236.6811428,
  "episode_reward": 1391.984597895691,
  "num_steps": 7438336,
  "feature_compute_time_s": 7.995990753173828,
  "train_iter_time_s": 18.944172143936157,
  "init_seed": 200,
  "train_seed": 201,
  "best_reward_so_far": 1581.1597646115545
}