{
  "sharpness": 1.1196980810998152,
  "gradient_smoothness": 0.34105195438297886,
  "loss_mean": 0.0,
  "loss_std": 0.0,
  "loss_trend": 6.773410915534535e-11,
  "parameter_norm": 34.38831755708143,
  "lambda_max_10": -25.555774688720703,
  "hessian_trace_10": 384.2150253295898,
  "fim_trace": 1368.7201913967729,
  "step_count": 56,
  "timestamp": 1765440024.2709413,
  "episode_reward": 42.33293151855469,
  "num_steps": 1867776,
  "feature_compute_time_s": 5.460277080535889,
  "train_iter_time_s": 3.6320183277130127,
  "init_seed": 200,
  "train_seed": 202,
  "best_reward_so_far": 1165.9476532574915
}