{
  "sharpness": 1.788061945255639,
  "gradient_smoothness": 0.03937728563530497,
  "loss_mean": 0.0,
  "loss_std": 0.0,
  "loss_trend": 1.3227495758084465e-11,
  "parameter_norm": 28.289620108932983,
  "lambda_max_10": -37.59158706665039,
  "hessian_trace_10": 295.9672908782959,
  "fim_trace": 3314.8663727343082,
  "step_count": 173,
  "timestamp": 1763782813.3697343,
  "num_steps": 5701632,
  "feature_compute_time_s": 7.592661380767822,
  "train_iter_time_s": 11.960623025894165,
  "init_seed": 205,
  "train_seed": 200,
  "best_reward_so_far": 1399.0191485454125
}