{
  "sharpness": 1.1683777200572423,
  "gradient_smoothness": 0.012239466363264971,
  "loss_mean": 0.0,
  "loss_std": 0.0,
  "loss_trend": -9.43300291312978e-12,
  "parameter_norm": 32.22153158843557,
  "lambda_max_10": -25.2380313873291,
  "hessian_trace_10": 546.4156127929688,
  "fim_trace": 3488.4088707342744,
  "step_count": 217,
  "timestamp": 1763764169.7863965,
  "episode_reward": 1310.1870005398291,
  "num_steps": 7143424,
  "feature_compute_time_s": 7.3349220752716064,
  "train_iter_time_s": 14.855396747589111,
  "init_seed": 200,
  "train_seed": 202,
  "best_reward_so_far": 1478.7569193074428
}