{
  "sharpness": 2.071802963054374,
  "gradient_smoothness": 0.11759988717601161,
  "loss_mean": 0.0,
  "loss_std": 0.0,
  "loss_trend": 1.3850020237479491e-09,
  "parameter_norm": 29.12634701236493,
  "lambda_max_10": -25.733116149902344,
  "hessian_trace_10": -6.0662823677062985,
  "fim_trace": 1815.8025506213307,
  "step_count": 4,
  "timestamp": 1764157852.8015194,
  "episode_reward": 1669.05859375,
  "num_steps": 163840,
  "feature_compute_time_s": 5.131525754928589,
  "train_iter_time_s": 4.844440937042236,
  "init_seed": 204,
  "train_seed": 200,
  "best_reward_so_far": -Infinity
}