{
  "sharpness": 1.1979634618812,
  "gradient_smoothness": 0.2717131189993853,
  "loss_mean": 0.0,
  "loss_std": 0.0,
  "loss_trend": -1.7751046695611864e-10,
  "parameter_norm": 34.02016447353667,
  "lambda_max_10": -25.83884620666504,
  "hessian_trace_10": 301.18040771484374,
  "fim_trace": 1425.0364151522517,
  "step_count": 56,
  "timestamp": 1765439380.9102178,
  "episode_reward": 1427.96484375,
  "num_steps": 1867776,
  "feature_compute_time_s": 5.5052571296691895,
  "train_iter_time_s": 4.0169517993927,
  "init_seed": 200,
  "train_seed": 203,
  "best_reward_so_far": 883.4176521520553
}