{
  "sharpness": 1.344080764710999,
  "gradient_smoothness": 0.02521074968347666,
  "loss_mean": 0.0,
  "loss_std": 0.0,
  "loss_trend": -3.62745891291082e-11,
  "parameter_norm": 29.012341858726533,
  "lambda_max_10": -11.57421875,
  "hessian_trace_10": 238.85567321777344,
  "fim_trace": 568.6508454754949,
  "step_count": 103,
  "timestamp": 1763768501.1615741,
  "episode_reward": 1460.3554966872866,
  "num_steps": 3407872,
  "feature_compute_time_s": 5.726935625076294,
  "train_iter_time_s": 15.440719842910767,
  "init_seed": 204,
  "train_seed": 200,
  "best_reward_so_far": 1583.253664193215
}