{
  "sharpness": 7.289493541582592,
  "gradient_smoothness": 0.2923012508113036,
  "loss_mean": 0.0,
  "loss_std": 0.0,
  "loss_trend": 3.2247993127574733e-10,
  "parameter_norm": 52.30686038999227,
  "lambda_max_10": -158.3415985107422,
  "hessian_trace_10": -74.37657165527344,
  "fim_trace": 171137.93981790543,
  "step_count": 10,
  "timestamp": 1766083349.7772799,
  "episode_reward": 161.9421844482422,
  "num_steps": 360448,
  "feature_compute_time_s": 5.155836582183838,
  "train_iter_time_s": 2.6066150665283203,
  "init_seed": 207,
  "train_seed": 200,
  "best_reward_so_far": -Infinity
}