{
  "sharpness": 1.7182125934347354,
  "gradient_smoothness": 0.2760602670903684,
  "loss_mean": 0.0,
  "loss_std": 0.0,
  "loss_trend": 8.910519060358328e-10,
  "parameter_norm": 29.964720819311484,
  "lambda_max_10": -124.62662506103516,
  "hessian_trace_10": 1026.8723724365234,
  "fim_trace": 12831.30396297574,
  "step_count": 11,
  "timestamp": 1764151163.4109514,
  "episode_reward": 1390.6517333984375,
  "num_steps": 393216,
  "feature_compute_time_s": 9.593948364257812,
  "train_iter_time_s": 2.607793092727661,
  "init_seed": 200,
  "train_seed": 205,
  "best_reward_so_far": -Infinity
}