{
  "sharpness": 1.3198412144473357,
  "gradient_smoothness": 0.14003468342826728,
  "loss_mean": 0.0,
  "loss_std": 0.0,
  "loss_trend": 2.582701955702122e-11,
  "parameter_norm": 32.10281409318599,
  "lambda_max_10": -34.217750549316406,
  "hessian_trace_10": 407.86390380859376,
  "fim_trace": 1784.7948827296495,
  "step_count": 292,
  "timestamp": 1763765333.8875706,
  "episode_reward": 1377.6745973024445,
  "num_steps": 9601024,
  "feature_compute_time_s": 5.4778265953063965,
  "train_iter_time_s": 15.003950119018555,
  "init_seed": 200,
  "train_seed": 207,
  "best_reward_so_far": 1613.1013248936147
}