{
  "sharpness": 1.7120287931140012,
  "gradient_smoothness": 0.35043309361521474,
  "loss_mean": 0.0,
  "loss_std": 0.0,
  "loss_trend": -4.881535436587494e-09,
  "parameter_norm": 29.879073897368354,
  "lambda_max_10": -2.474513530731201,
  "hessian_trace_10": 270.0312324523926,
  "fim_trace": 1574.8222383409739,
  "step_count": 3,
  "timestamp": 1764155429.5553749,
  "episode_reward": 1313.4525146484375,
  "num_steps": 131072,
  "feature_compute_time_s": 5.084545135498047,
  "train_iter_time_s": 4.3072333335876465,
  "init_seed": 201,
  "train_seed": 200,
  "best_reward_so_far": -Infinity
}