{
  "sharpness": 2.4548912162566925,
  "gradient_smoothness": 0.16508668537526575,
  "loss_mean": 0.0,
  "loss_std": 0.0,
  "loss_trend": -6.558121594005824e-10,
  "parameter_norm": 29.978801649450112,
  "lambda_max_10": -32.137691497802734,
  "hessian_trace_10": 289.1627670288086,
  "fim_trace": 1907.2144948206842,
  "step_count": 7,
  "timestamp": 1764155256.641263,
  "episode_reward": -253.90945434570312,
  "num_steps": 262144,
  "feature_compute_time_s": 9.848320960998535,
  "train_iter_time_s": 2.7438316345214844,
  "init_seed": 201,
  "train_seed": 200,
  "best_reward_so_far": -Infinity
}