{
  "sharpness": 2.4066477335963214,
  "gradient_smoothness": 0.0,
  "loss_mean": 0.0,
  "loss_std": 0.0,
  "loss_trend": 0.0,
  "parameter_norm": 102.53531328449166,
  "lambda_max_10": -14.479994773864746,
  "hessian_trace_10": 29.99495162963867,
  "fim_trace": 4281.743631450459,
  "step_count": 1,
  "timestamp": 1765469943.4950185,
  "episode_reward": -14.299531936645508,
  "num_steps": 65536,
  "feature_compute_time_s": 6.0737762451171875,
  "train_iter_time_s": 4.103020191192627,
  "init_seed": 206,
  "train_seed": 200,
  "best_reward_so_far": -10.035114756002322
}