{
  "sharpness": 1.3864627710734045,
  "gradient_smoothness": 0.00729806568104569,
  "loss_mean": 0.0,
  "loss_std": 0.0,
  "loss_trend": -3.2691642280400707e-13,
  "parameter_norm": 29.64651614368323,
  "lambda_max_10": -10.625129699707031,
  "hessian_trace_10": 170.8104507446289,
  "fim_trace": 621.3255514986813,
  "step_count": 113,
  "timestamp": 1763761262.208638,
  "episode_reward": 1403.8431162017002,
  "num_steps": 3735552,
  "feature_compute_time_s": 5.834333181381226,
  "train_iter_time_s": 14.922276258468628,
  "init_seed": 200,
  "train_seed": 200,
  "best_reward_so_far": 1527.7180206552048
}