{
  "sharpness": 1.1740589310652063,
  "gradient_smoothness": 0.02988767939062694,
  "loss_mean": 0.0,
  "loss_std": 0.0,
  "loss_trend": -3.454518562284864e-11,
  "parameter_norm": 31.746082055493837,
  "lambda_max_10": -15.733315467834473,
  "hessian_trace_10": 460.4444946289062,
  "fim_trace": 1691.8107665888965,
  "step_count": 199,
  "timestamp": 1763766566.9645958,
  "episode_reward": 675.414587559141,
  "num_steps": 6553600,
  "feature_compute_time_s": 4.859160900115967,
  "train_iter_time_s": 10.550528287887573,
  "init_seed": 200,
  "train_seed": 200,
  "best_reward_so_far": 825.5063438058102
}