{
  "sharpness": 2.3615214306990193,
  "gradient_smoothness": 0.377290333499523,
  "loss_mean": 0.0,
  "loss_std": 0.0,
  "loss_trend": 1.4215606564673814e-10,
  "parameter_norm": 102.46083293591069,
  "lambda_max_10": -12.977787017822266,
  "hessian_trace_10": 1.9248884201049805,
  "fim_trace": 3891.5892192050815,
  "step_count": 12,
  "timestamp": 1765469483.0074975,
  "episode_reward": -12.074688911437988,
  "num_steps": 425984,
  "feature_compute_time_s": 7.930028438568115,
  "train_iter_time_s": 5.0722479820251465,
  "init_seed": 201,
  "train_seed": 200,
  "best_reward_so_far": -3.4110343456836882
}