{
  "sharpness": 1.3686791036629191,
  "gradient_smoothness": 0.045767554078056834,
  "loss_mean": 0.0,
  "loss_std": 0.0,
  "loss_trend": -9.066689477032094e-10,
  "parameter_norm": 33.22002511579026,
  "lambda_max_10": -16.806503295898438,
  "hessian_trace_10": 272.3323379516602,
  "fim_trace": 968.7577148452401,
  "step_count": 4,
  "timestamp": 1765442137.7928717,
  "episode_reward": -8.187734603881836,
  "num_steps": 163840,
  "feature_compute_time_s": 6.480458498001099,
  "train_iter_time_s": 4.439436197280884,
  "init_seed": 206,
  "train_seed": 200,
  "best_reward_so_far": 19.7687337044603
}