{
  "sharpness": 2.1418643445766676,
  "gradient_smoothness": 0.06028237887635162,
  "loss_mean": 0.0,
  "loss_std": 0.0,
  "loss_trend": 2.5949159382193036e-09,
  "parameter_norm": 31.67282488375523,
  "lambda_max_10": 71.41719818115234,
  "hessian_trace_10": 289.88131217956544,
  "fim_trace": 3809.598746791482,
  "step_count": 7,
  "timestamp": 1764178441.0558484,
  "episode_reward": 1220.997314453125,
  "num_steps": 262144,
  "feature_compute_time_s": 8.01950478553772,
  "train_iter_time_s": 4.316043853759766,
  "init_seed": 207,
  "train_seed": 200,
  "best_reward_so_far": -Infinity
}