{
  "sharpness": 1.2630539697680714,
  "gradient_smoothness": 0.0031588984795252358,
  "loss_mean": 0.0,
  "loss_std": 0.0,
  "loss_trend": -5.809066656875308e-11,
  "parameter_norm": 33.53313207363874,
  "lambda_max_10": -10.497774124145508,
  "hessian_trace_10": 257.8097396850586,
  "fim_trace": 1331.3576351571828,
  "step_count": 16,
  "timestamp": 1765442769.3610015,
  "episode_reward": -29.494487762451172,
  "num_steps": 557056,
  "feature_compute_time_s": 5.604882717132568,
  "train_iter_time_s": 4.004613399505615,
  "init_seed": 204,
  "train_seed": 200,
  "best_reward_so_far": 204.26963238710061
}