{
  "sharpness": 1.659008285696828,
  "gradient_smoothness": 0.04106781214917325,
  "loss_mean": 0.0,
  "loss_std": 0.0,
  "loss_trend": 8.142311867843059e-11,
  "parameter_norm": 33.73205550852471,
  "lambda_max_10": -40.818870544433594,
  "hessian_trace_10": 271.8547103881836,
  "fim_trace": 2375.9068293981254,
  "step_count": 34,
  "timestamp": 1765444429.1714866,
  "episode_reward": 1013.7455444335938,
  "num_steps": 1146880,
  "feature_compute_time_s": 5.624362945556641,
  "train_iter_time_s": 3.777867555618286,
  "init_seed": 203,
  "train_seed": 200,
  "best_reward_so_far": 703.992726373674
}