{
  "sharpness": 1.8057204786274907,
  "gradient_smoothness": 0.030390676961843024,
  "loss_mean": 0.0,
  "loss_std": 0.0,
  "loss_trend": -2.8352093840121557e-11,
  "parameter_norm": 27.232812807648003,
  "lambda_max_10": 17.637340545654297,
  "hessian_trace_10": 170.02283573150635,
  "fim_trace": 817.9714783579111,
  "step_count": 127,
  "timestamp": 1763781060.5287666,
  "num_steps": 4194304,
  "feature_compute_time_s": 5.020174503326416,
  "train_iter_time_s": 11.15701413154602,
  "init_seed": 204,
  "train_seed": 200,
  "best_reward_so_far": 1171.1158403845616
}