{
  "sharpness": 1.4522511547416883,
  "gradient_smoothness": 0.054897073055625495,
  "loss_mean": 0.0,
  "loss_std": 0.0,
  "loss_trend": 8.439316284604478e-11,
  "parameter_norm": 34.03612601513092,
  "lambda_max_10": -13.166936874389648,
  "hessian_trace_10": 320.19993743896487,
  "fim_trace": 1344.7166662290692,
  "step_count": 37,
  "timestamp": 1765442371.0548015,
  "episode_reward": -12.570512771606445,
  "num_steps": 1245184,
  "feature_compute_time_s": 5.611366033554077,
  "train_iter_time_s": 4.207141876220703,
  "init_seed": 204,
  "train_seed": 200,
  "best_reward_so_far": 848.1893027448955
}