{
  "sharpness": 1.968336132787966,
  "gradient_smoothness": 0.01664241180064806,
  "loss_mean": 0.0,
  "loss_std": 0.0,
  "loss_trend": 3.771366530251143e-11,
  "parameter_norm": 29.10449449417928,
  "lambda_max_10": -37.32489013671875,
  "hessian_trace_10": 122.71602783203124,
  "fim_trace": 2738.5437633618712,
  "step_count": 199,
  "timestamp": 1763770677.6817467,
  "num_steps": 6553600,
  "feature_compute_time_s": 4.434453725814819,
  "train_iter_time_s": 8.640874147415161,
  "init_seed": 200,
  "train_seed": 200,
  "best_reward_so_far": 1219.6336145402115
}