{
  "sharpness": 1.746449593637133,
  "gradient_smoothness": 0.038810963258391076,
  "loss_mean": 0.0,
  "loss_std": 0.0,
  "loss_trend": 2.7724415428406977e-11,
  "parameter_norm": 27.47889483969868,
  "lambda_max_10": -13.462250709533691,
  "hessian_trace_10": 147.4037094116211,
  "fim_trace": 1450.3200754262507,
  "step_count": 111,
  "timestamp": 1763777040.6625626,
  "num_steps": 3670016,
  "feature_compute_time_s": 6.989586114883423,
  "train_iter_time_s": 12.382125854492188,
  "init_seed": 200,
  "train_seed": 206,
  "best_reward_so_far": 986.0568822888088
}