{
  "sharpness": 1.747633701908593,
  "gradient_smoothness": 0.019649740885007615,
  "loss_mean": 0.0,
  "loss_std": 0.0,
  "loss_trend": -6.916003476858417e-13,
  "parameter_norm": 29.102022194085865,
  "lambda_max_10": -17.506023406982422,
  "hessian_trace_10": 365.0098510742188,
  "fim_trace": 665.1966480910778,
  "step_count": 105,
  "timestamp": 1763768073.6506023,
  "episode_reward": 1532.5372709078626,
  "num_steps": 3473408,
  "feature_compute_time_s": 8.143420219421387,
  "train_iter_time_s": 16.862671613693237,
  "init_seed": 202,
  "train_seed": 200,
  "best_reward_so_far": 1558.4979120980925
}