{
  "sharpness": 1.8642173626404102,
  "gradient_smoothness": 0.05014391091833773,
  "loss_mean": 0.0,
  "loss_std": 0.0,
  "loss_trend": -2.449281590960206e-11,
  "parameter_norm": 29.03215496150571,
  "lambda_max_10": -55.086387634277344,
  "hessian_trace_10": 483.1486312866211,
  "fim_trace": 4700.742933601141,
  "step_count": 220,
  "timestamp": 1763777315.9072437,
  "num_steps": 7241728,
  "feature_compute_time_s": 6.0010035037994385,
  "train_iter_time_s": 14.401003122329712,
  "init_seed": 200,
  "train_seed": 204,
  "best_reward_so_far": 1145.9049851280913
}