{
  "sharpness": 1.1658333239609122,
  "gradient_smoothness": 0.4724670131475411,
  "loss_mean": 0.0,
  "loss_std": 0.0,
  "loss_trend": -1.1494558713613011e-10,
  "parameter_norm": 34.03836249319321,
  "lambda_max_10": 16.992645263671875,
  "hessian_trace_10": 409.94244079589845,
  "fim_trace": 2033.2128629013896,
  "step_count": 59,
  "timestamp": 1765440992.9208992,
  "episode_reward": 498.6332092285156,
  "num_steps": 1966080,
  "feature_compute_time_s": 10.298133611679077,
  "train_iter_time_s": 6.337740421295166,
  "init_seed": 200,
  "train_seed": 200,
  "best_reward_so_far": 766.2326117149235
}