{
  "sharpness": 1.5142162360941045,
  "gradient_smoothness": 0.03231486062096114,
  "loss_mean": 0.0,
  "loss_std": 0.0,
  "loss_trend": 2.945617849335677e-11,
  "parameter_norm": 29.341381476126973,
  "lambda_max_10": -9.363615036010742,
  "hessian_trace_10": 224.28768615722657,
  "fim_trace": 611.4803773537278,
  "step_count": 106,
  "timestamp": 1763761116.5404952,
  "episode_reward": 1383.9631233304924,
  "num_steps": 3506176,
  "feature_compute_time_s": 10.345062971115112,
  "train_iter_time_s": 15.771763563156128,
  "init_seed": 200,
  "train_seed": 200,
  "best_reward_so_far": 1527.7180206552048
}