{
  "sharpness": 1.2251692107691436,
  "gradient_smoothness": 0.06204933968410969,
  "loss_mean": 0.0,
  "loss_std": 0.0,
  "loss_trend": -2.116262687481906e-10,
  "parameter_norm": 34.079988177433584,
  "lambda_max_10": -31.644363403320312,
  "hessian_trace_10": 368.2549743652344,
  "fim_trace": 2423.627599351108,
  "step_count": 33,
  "timestamp": 1765439500.577936,
  "episode_reward": 596.1771240234375,
  "num_steps": 1114112,
  "feature_compute_time_s": 9.59291958808899,
  "train_iter_time_s": 3.9777019023895264,
  "init_seed": 200,
  "train_seed": 205,
  "best_reward_so_far": 765.664645096323
}