{
  "sharpness": 1.9265180681782796,
  "gradient_smoothness": 0.0,
  "parameter_norm": 45.9662257500603,
  "lambda_max_10": -132.81228637695312,
  "hessian_trace_10": 2099.8239990234374,
  "fim_trace": 25103.53888732195,
  "step_count": 0,
  "timestamp": 1765469279.4458768,
  "episode_reward": -49.365299224853516,
  "num_steps": 32768,
  "feature_compute_time_s": 7.737614393234253,
  "train_iter_time_s": 7.364137887954712,
  "init_seed": 200,
  "train_seed": 206,
  "best_reward_so_far": -8.99795758532804
}