{
  "sharpness": 1.4439970439754959,
  "gradient_smoothness": 0.025724072703273457,
  "loss_mean": 0.0,
  "loss_std": 0.0,
  "loss_trend": 3.852244729512436e-11,
  "parameter_norm": 28.66983152786822,
  "lambda_max_10": 8.268674850463867,
  "hessian_trace_10": 289.9218719482422,
  "fim_trace": 546.0102220736444,
  "step_count": 93,
  "timestamp": 1763761236.171915,
  "episode_reward": 962.4096177169973,
  "num_steps": 3080192,
  "feature_compute_time_s": 8.15830373764038,
  "train_iter_time_s": 20.056811809539795,
  "init_seed": 200,
  "train_seed": 205,
  "best_reward_so_far": 962.4096177169973
}