{
  "sharpness": 1.2177539252162715,
  "gradient_smoothness": 0.032558382707952596,
  "loss_mean": 0.0,
  "loss_std": 0.0,
  "loss_trend": 2.1276447251810232e-12,
  "parameter_norm": 25.241877002065188,
  "lambda_max_10": -4.294431686401367,
  "hessian_trace_10": 46.818393516540525,
  "fim_trace": 138.24876611121,
  "step_count": 45,
  "timestamp": 1763768756.451285,
  "episode_reward": 781.2741263916215,
  "num_steps": 1507328,
  "feature_compute_time_s": 8.383066177368164,
  "train_iter_time_s": 17.81223750114441,
  "init_seed": 207,
  "train_seed": 200,
  "best_reward_so_far": 781.2741263916215
}