{
  "sharpness": 1.4774697800457184,
  "gradient_smoothness": 0.03147357720774995,
  "loss_mean": 0.0,
  "loss_std": 0.0,
  "loss_trend": 1.2322792384847564e-11,
  "parameter_norm": 29.11705998928478,
  "lambda_max_10": -18.70476722717285,
  "hessian_trace_10": 218.4937255859375,
  "fim_trace": 635.0026186257601,
  "step_count": 107,
  "timestamp": 1763768545.8587425,
  "episode_reward": 884.198303884357,
  "num_steps": 3538944,
  "feature_compute_time_s": 7.812288999557495,
  "train_iter_time_s": 17.068739414215088,
  "init_seed": 203,
  "train_seed": 200,
  "best_reward_so_far": 955.6126386387103
}