{
  "sharpness": 1.381388054935193,
  "gradient_smoothness": 0.6264008464705553,
  "loss_mean": 0.0,
  "loss_std": 0.0,
  "loss_trend": 4.904879134079214e-11,
  "parameter_norm": 33.29262033035444,
  "lambda_max_10": -21.921003341674805,
  "hessian_trace_10": 340.2155731201172,
  "fim_trace": 1968.8574532419443,
  "step_count": 14,
  "timestamp": 1765468676.4550853,
  "episode_reward": 47.11634063720703,
  "num_steps": 491520,
  "feature_compute_time_s": 5.83444356918335,
  "train_iter_time_s": 4.797037124633789,
  "init_seed": 200,
  "train_seed": 205,
  "best_reward_so_far": 168.57340876460046
}