{
  "sharpness": 1.295296960353715,
  "gradient_smoothness": 0.021151261136882413,
  "loss_mean": 0.0,
  "loss_std": 0.0,
  "loss_trend": 8.429656613850239e-12,
  "parameter_norm": 28.854762226945077,
  "lambda_max_10": -3.0603551864624023,
  "hessian_trace_10": 178.04605102539062,
  "fim_trace": 2680.4538285583258,
  "step_count": 169,
  "timestamp": 1763778187.5697122,
  "num_steps": 5570560,
  "feature_compute_time_s": 6.921938180923462,
  "train_iter_time_s": 12.75652265548706,
  "init_seed": 200,
  "train_seed": 206,
  "best_reward_so_far": 1056.6620318005535
}