{
  "sharpness": 1.4750810203159797,
  "gradient_smoothness": 0.0,
  "loss_mean": 0.0,
  "loss_std": 0.0,
  "loss_trend": 0.0,
  "parameter_norm": 34.286304163929564,
  "lambda_max_10": -36.86394500732422,
  "hessian_trace_10": 831.1276123046875,
  "fim_trace": 3317.350723017007,
  "step_count": 1,
  "timestamp": 1765469890.6220531,
  "episode_reward": -14.790804862976074,
  "num_steps": 65536,
  "feature_compute_time_s": 5.801364898681641,
  "train_iter_time_s": 4.896636486053467,
  "init_seed": 207,
  "train_seed": 200,
  "best_reward_so_far": 3.2618105888922715
}