{
  "sharpness": 1.1476833442860233,
  "gradient_smoothness": 0.052075469938375904,
  "loss_mean": 0.0,
  "loss_std": 0.0,
  "loss_trend": 3.256634995059279e-10,
  "parameter_norm": 34.19057873604769,
  "lambda_max_10": -34.83762741088867,
  "hessian_trace_10": 636.8990509033204,
  "fim_trace": 3773.704843610525,
  "step_count": 33,
  "timestamp": 1765439785.0707397,
  "episode_reward": 1454.93505859375,
  "num_steps": 1114112,
  "feature_compute_time_s": 5.307721138000488,
  "train_iter_time_s": 4.074132680892944,
  "init_seed": 200,
  "train_seed": 202,
  "best_reward_so_far": 888.7213328305668
}