{
  "sharpness": 1.6986059571767747,
  "gradient_smoothness": 0.01663536816066273,
  "loss_mean": 0.0,
  "loss_std": 0.0,
  "loss_trend": -3.8763053124809174e-11,
  "parameter_norm": 29.43058489012355,
  "lambda_max_10": 27.82602310180664,
  "hessian_trace_10": 208.7002746582031,
  "fim_trace": 2999.091379970312,
  "step_count": 198,
  "timestamp": 1763778372.3600733,
  "num_steps": 6520832,
  "feature_compute_time_s": 4.350081920623779,
  "train_iter_time_s": 8.449223756790161,
  "init_seed": 200,
  "train_seed": 200,
  "best_reward_so_far": 1485.986216833132
}