{
  "sharpness": 1.1891371576149488,
  "gradient_smoothness": 0.3593844829581376,
  "loss_mean": 0.0,
  "loss_std": 0.0,
  "loss_trend": -1.3135361476524248e-09,
  "parameter_norm": 33.19796667516401,
  "lambda_max_10": -22.61810874938965,
  "hessian_trace_10": 395.0799163818359,
  "fim_trace": 1312.7324497960508,
  "step_count": 12,
  "timestamp": 1765468758.5732949,
  "episode_reward": 71.17777252197266,
  "num_steps": 425984,
  "feature_compute_time_s": 5.531298875808716,
  "train_iter_time_s": 3.808527946472168,
  "init_seed": 200,
  "train_seed": 200,
  "best_reward_so_far": 323.50316133064365
}