{
  "sharpness": 1.2704229523733328,
  "gradient_smoothness": 0.5972945098538234,
  "loss_mean": 0.0,
  "loss_std": 0.0,
  "loss_trend": 3.193901834295025e-10,
  "parameter_norm": 33.13031683123206,
  "lambda_max_10": -27.433141708374023,
  "hessian_trace_10": 339.92605743408205,
  "fim_trace": 1560.8025716468692,
  "step_count": 14,
  "timestamp": 1765468701.5894303,
  "episode_reward": 676.1207885742188,
  "num_steps": 491520,
  "feature_compute_time_s": 8.399967432022095,
  "train_iter_time_s": 7.559955835342407,
  "init_seed": 200,
  "train_seed": 203,
  "best_reward_so_far": 211.91635223279857
}