{
  "sharpness": 2.0090129744103518,
  "gradient_smoothness": 0.22790151666975,
  "loss_mean": 0.0,
  "loss_std": 0.0,
  "loss_trend": 1.6836071049305707e-10,
  "parameter_norm": 41.30793812299678,
  "lambda_max_10": -35.81037139892578,
  "hessian_trace_10": 250.52629013061522,
  "fim_trace": 4237.1679892838,
  "step_count": 10,
  "timestamp": 1766080630.7989337,
  "episode_reward": 1174.7423095703125,
  "num_steps": 360448,
  "feature_compute_time_s": 5.669641971588135,
  "train_iter_time_s": 2.7057576179504395,
  "init_seed": 200,
  "train_seed": 206,
  "best_reward_so_far": -Infinity
}