{
  "sharpness": 1.1968294351562454,
  "gradient_smoothness": 0.4083363263150069,
  "loss_mean": 0.0,
  "loss_std": 0.0,
  "loss_trend": -1.1951370534449937e-10,
  "parameter_norm": 34.686702538066115,
  "lambda_max_10": -19.28936004638672,
  "hessian_trace_10": 443.9809997558594,
  "fim_trace": 2439.750907469541,
  "step_count": 58,
  "timestamp": 1765439436.320989,
  "episode_reward": 2337.9443359375,
  "num_steps": 1933312,
  "feature_compute_time_s": 5.603025436401367,
  "train_iter_time_s": 3.7893781661987305,
  "init_seed": 200,
  "train_seed": 200,
  "best_reward_so_far": 1134.2071315607707
}