{
  "sharpness": 2.662918243313882,
  "gradient_smoothness": 0.09911236414352323,
  "loss_mean": 0.0,
  "loss_std": 0.0,
  "loss_trend": 7.802023342279382e-09,
  "parameter_norm": 29.807767514759387,
  "lambda_max_10": -69.96287536621094,
  "hessian_trace_10": 555.0032775878906,
  "fim_trace": 4173.29249215126,
  "step_count": 6,
  "timestamp": 1764166894.0253384,
  "episode_reward": 1460.2509765625,
  "num_steps": 229376,
  "feature_compute_time_s": 8.695550918579102,
  "train_iter_time_s": 4.57208251953125,
  "init_seed": 200,
  "train_seed": 200,
  "best_reward_so_far": -Infinity
}