{
  "sharpness": 1.2828313126198774,
  "gradient_smoothness": 0.10020060765900393,
  "loss_mean": 0.0,
  "loss_std": 0.0,
  "loss_trend": -1.1033860215814193e-10,
  "parameter_norm": 34.113024640980484,
  "lambda_max_10": -37.91227722167969,
  "hessian_trace_10": 564.331005859375,
  "fim_trace": 3508.783121164888,
  "step_count": 47,
  "timestamp": 1765440337.6447263,
  "episode_reward": 979.313720703125,
  "num_steps": 1572864,
  "feature_compute_time_s": 6.551189661026001,
  "train_iter_time_s": 5.5022852420806885,
  "init_seed": 200,
  "train_seed": 201,
  "best_reward_so_far": 929.4445978943675
}