{
  "sharpness": 1.432565751255614,
  "gradient_smoothness": 0.001530582502088181,
  "loss_mean": 0.0,
  "loss_std": 0.0,
  "loss_trend": -6.411502535354182e-12,
  "parameter_norm": 31.503231962183357,
  "lambda_max_10": -29.03570556640625,
  "hessian_trace_10": 424.76433715820315,
  "fim_trace": 1727.7428042180836,
  "step_count": 193,
  "timestamp": 1763763157.1890676,
  "episode_reward": 1377.5016817119601,
  "num_steps": 6356992,
  "feature_compute_time_s": 7.135723114013672,
  "train_iter_time_s": 15.124083280563354,
  "init_seed": 200,
  "train_seed": 207,
  "best_reward_so_far": 1460.1042203670097
}