{
  "sharpness": 1.738785156904469,
  "gradient_smoothness": 0.6229577031091333,
  "loss_mean": 0.0,
  "loss_std": 0.0,
  "loss_trend": -5.513223000385701e-10,
  "parameter_norm": 101.5613494313986,
  "lambda_max_10": -8.05253791809082,
  "hessian_trace_10": 12.086868190765381,
  "fim_trace": 2417.9266406446695,
  "step_count": 14,
  "timestamp": 1764178498.2110178,
  "episode_reward": -330.92120361328125,
  "num_steps": 491520,
  "feature_compute_time_s": 5.108006715774536,
  "train_iter_time_s": 2.810239553451538,
  "init_seed": 206,
  "train_seed": 200,
  "best_reward_so_far": -Infinity
}