{
  "sharpness": 0.3683242950161757,
  "gradient_smoothness": 0.09732778170920439,
  "loss_mean": 0.0,
  "loss_std": 0.0,
  "loss_trend": -1.9449330970855506e-10,
  "parameter_norm": 22.088125863122375,
  "lambda_max_10": 1.724785327911377,
  "hessian_trace_10": 8.523436546325684,
  "fim_trace": 44.72429279051721,
  "step_count": 10,
  "timestamp": 1763759106.7673583,
  "episode_reward": 242.65623752414479,
  "num_steps": 360448,
  "feature_compute_time_s": 6.4262285232543945,
  "train_iter_time_s": 11.301018238067627,
  "init_seed": 200,
  "train_seed": 200,
  "best_reward_so_far": 242.65623752414479
}