{
  "sharpness": 1.4797478808087743,
  "gradient_smoothness": 0.07571132845308713,
  "loss_mean": 0.0,
  "loss_std": 0.0,
  "loss_trend": 1.792757256076775e-11,
  "parameter_norm": 28.64939293836799,
  "lambda_max_10": -16.846750259399414,
  "hessian_trace_10": 174.83402481079102,
  "fim_trace": 1485.6745880842209,
  "step_count": 160,
  "timestamp": 1763779262.3386838,
  "num_steps": 5275648,
  "feature_compute_time_s": 7.458637237548828,
  "train_iter_time_s": 13.998371601104736,
  "init_seed": 201,
  "train_seed": 200,
  "best_reward_so_far": 1034.7179435106987
}