{
  "sharpness": 1.677957351337601,
  "gradient_smoothness": 0.6120792682894062,
  "loss_mean": 0.0,
  "loss_std": 0.0,
  "loss_trend": 8.424233942567904e-10,
  "parameter_norm": 33.149096250225966,
  "lambda_max_10": -54.370723724365234,
  "hessian_trace_10": 472.8504585266113,
  "fim_trace": 2906.0194043293595,
  "step_count": 14,
  "timestamp": 1765468618.7266557,
  "episode_reward": 903.7566528320312,
  "num_steps": 491520,
  "feature_compute_time_s": 5.550573825836182,
  "train_iter_time_s": 3.6471235752105713,
  "init_seed": 203,
  "train_seed": 200,
  "best_reward_so_far": 218.03584199361327
}