{
  "sharpness": 5.339172954403034,
  "gradient_smoothness": 0.7615941559557649,
  "loss_mean": 0.0,
  "loss_std": 0.0,
  "loss_trend": 1.1482212368735434e-10,
  "parameter_norm": 52.38886097242546,
  "lambda_max_10": 28.126148223876953,
  "hessian_trace_10": 119.52386703491212,
  "fim_trace": 6071.307205796242,
  "step_count": 15,
  "timestamp": 1766080790.579449,
  "episode_reward": 176.06996154785156,
  "num_steps": 524288,
  "feature_compute_time_s": 5.891937494277954,
  "train_iter_time_s": 4.1196653842926025,
  "init_seed": 200,
  "train_seed": 206,
  "best_reward_so_far": 46.622168839751716
}