{
  "sharpness": 3.6356563813655014,
  "gradient_smoothness": 0.18298745496470356,
  "loss_mean": 0.0,
  "loss_std": 0.0,
  "loss_trend": 1.5516208127807518e-09,
  "parameter_norm": 29.98892076240253,
  "lambda_max_10": -40.72329330444336,
  "hessian_trace_10": 367.6988098144531,
  "fim_trace": 1951.4604969620705,
  "step_count": 8,
  "timestamp": 1764167632.1081803,
  "episode_reward": 1409.0892333984375,
  "num_steps": 294912,
  "feature_compute_time_s": 5.9181554317474365,
  "train_iter_time_s": 5.019983768463135,
  "init_seed": 201,
  "train_seed": 200,
  "best_reward_so_far": -Infinity
}