{
  "sharpness": 1.3782566192050147,
  "gradient_smoothness": 0.38341527277400567,
  "loss_mean": 0.0,
  "loss_std": 0.0,
  "loss_trend": 9.682861018499812e-12,
  "parameter_norm": 34.388697838922845,
  "lambda_max_10": -24.779052734375,
  "hessian_trace_10": 453.7821502685547,
  "fim_trace": 2831.6248185690492,
  "step_count": 58,
  "timestamp": 1765440043.9478579,
  "episode_reward": 12.706645965576172,
  "num_steps": 1933312,
  "feature_compute_time_s": 5.604837656021118,
  "train_iter_time_s": 4.027005195617676,
  "init_seed": 200,
  "train_seed": 202,
  "best_reward_so_far": 1165.9476532574915
}