{
  "sharpness": 1.8167343918100287,
  "gradient_smoothness": 0.0,
  "parameter_norm": 29.997870482945984,
  "lambda_max_10": 33.12135314941406,
  "hessian_trace_10": 211.28115997314453,
  "fim_trace": 4997.571301817894,
  "step_count": 0,
  "timestamp": 1764154367.6316407,
  "episode_reward": 1463.57080078125,
  "num_steps": 32768,
  "feature_compute_time_s": 5.019046306610107,
  "train_iter_time_s": 5.0540666580200195,
  "init_seed": 200,
  "train_seed": 200,
  "best_reward_so_far": -Infinity
}