{
  "sharpness": 1.6342896736919397,
  "gradient_smoothness": 0.7615941559557649,
  "loss_mean": 0.0,
  "loss_std": 0.0,
  "loss_trend": 1.0617979059526177e-09,
  "parameter_norm": 34.6193561508312,
  "lambda_max_10": 16.87761688232422,
  "hessian_trace_10": 428.4032897949219,
  "fim_trace": 2788.514634337276,
  "step_count": 15,
  "timestamp": 1765470072.0395622,
  "episode_reward": 8.361383438110352,
  "num_steps": 524288,
  "feature_compute_time_s": 6.13740611076355,
  "train_iter_time_s": 5.072880029678345,
  "init_seed": 207,
  "train_seed": 200,
  "best_reward_so_far": 219.77989705097778
}