{
  "sharpness": 1.5949872523344226,
  "gradient_smoothness": 0.0004990333643118339,
  "loss_mean": 0.0,
  "loss_std": 0.0,
  "loss_trend": -1.598542611080974e-11,
  "parameter_norm": 27.198663926462217,
  "lambda_max_10": -17.905040740966797,
  "hessian_trace_10": 148.24211864471437,
  "fim_trace": 1413.4836005866528,
  "step_count": 103,
  "timestamp": 1763775085.6442132,
  "num_steps": 3407872,
  "feature_compute_time_s": 6.068697452545166,
  "train_iter_time_s": 13.588404178619385,
  "init_seed": 200,
  "train_seed": 205,
  "best_reward_so_far": 919.6405782846987
}