{
  "sharpness": 1.9887535096998745,
  "gradient_smoothness": 0.2166446112988081,
  "loss_mean": 0.0,
  "loss_std": 0.0,
  "loss_trend": -6.478564920334586e-10,
  "parameter_norm": 32.77308390617145,
  "lambda_max_10": 36.47024154663086,
  "hessian_trace_10": 274.64308700561526,
  "fim_trace": 2853.836208820343,
  "step_count": 10,
  "timestamp": 1766083187.5322106,
  "episode_reward": 1446.722900390625,
  "num_steps": 360448,
  "feature_compute_time_s": 5.01269006729126,
  "train_iter_time_s": 2.617161273956299,
  "init_seed": 207,
  "train_seed": 200,
  "best_reward_so_far": -Infinity
}