{
  "sharpness": 1.2919605990888883,
  "gradient_smoothness": 0.10907778289674845,
  "loss_mean": 0.0,
  "loss_std": 0.0,
  "loss_trend": 1.0359181298999706e-12,
  "parameter_norm": 32.29287653438632,
  "lambda_max_10": -26.32598304748535,
  "hessian_trace_10": 493.15248718261716,
  "fim_trace": 1733.5996096655726,
  "step_count": 221,
  "timestamp": 1763764643.9335546,
  "episode_reward": 1234.76345640231,
  "num_steps": 7274496,
  "feature_compute_time_s": 9.369047164916992,
  "train_iter_time_s": 19.15377426147461,
  "init_seed": 200,
  "train_seed": 205,
  "best_reward_so_far": 1498.4441151599328
}