{
  "sharpness": 1.3084873510314572,
  "gradient_smoothness": 0.06185303066182736,
  "loss_mean": 0.0,
  "loss_std": 0.0,
  "loss_trend": 3.6017348833667467e-12,
  "parameter_norm": 31.97094401660031,
  "lambda_max_10": -37.1300163269043,
  "hessian_trace_10": 437.25283126831056,
  "fim_trace": 2208.9572916291654,
  "step_count": 200,
  "timestamp": 1763761930.3756268,
  "episode_reward": 1339.5104619248145,
  "num_steps": 6586368,
  "feature_compute_time_s": 5.503451108932495,
  "train_iter_time_s": 10.004279375076294,
  "init_seed": 200,
  "train_seed": 206,
  "best_reward_so_far": 1451.031802439064
}