{
  "sharpness": 0.6624616589573543,
  "gradient_smoothness": 0.026871316817234023,
  "loss_mean": 0.0,
  "loss_std": 0.0,
  "loss_trend": 2.6588031767704636e-10,
  "parameter_norm": 22.96905676132224,
  "lambda_max_10": 2.8160929679870605,
  "hessian_trace_10": 28.471125316619872,
  "fim_trace": 108.76919443905354,
  "step_count": 38,
  "timestamp": 1763773349.5285292,
  "num_steps": 1277952,
  "feature_compute_time_s": 6.690349102020264,
  "train_iter_time_s": 11.142014980316162,
  "init_seed": 200,
  "train_seed": 203,
  "best_reward_so_far": -43.06746854844024
}