{
  "sharpness": 1.206883750264247,
  "gradient_smoothness": 0.03734861488575198,
  "loss_mean": 0.0,
  "loss_std": 0.0,
  "loss_trend": -2.2631028942665766e-11,
  "parameter_norm": 32.44107372612514,
  "lambda_max_10": -27.271223068237305,
  "hessian_trace_10": 648.2616027832031,
  "fim_trace": 2068.834164701402,
  "step_count": 243,
  "timestamp": 1763771649.2924085,
  "episode_reward": 2329.8849169584846,
  "num_steps": 7995392,
  "feature_compute_time_s": 7.452009677886963,
  "train_iter_time_s": 15.907288312911987,
  "init_seed": 204,
  "train_seed": 200,
  "best_reward_so_far": 2329.8849169584846
}