{
  "sharpness": 1.8008272584337575,
  "gradient_smoothness": 0.010091409007659985,
  "loss_mean": 0.0,
  "loss_std": 0.0,
  "loss_trend": -1.7392532713868206e-11,
  "parameter_norm": 28.849507973091125,
  "lambda_max_10": -53.63934326171875,
  "hessian_trace_10": 308.434090423584,
  "fim_trace": 4272.70811496675,
  "step_count": 198,
  "timestamp": 1763776862.527489,
  "num_steps": 6520832,
  "feature_compute_time_s": 7.633288145065308,
  "train_iter_time_s": 12.906813383102417,
  "init_seed": 200,
  "train_seed": 204,
  "best_reward_so_far": 1128.709426542779
}