{
  "sharpness": 1.601775803421208,
  "gradient_smoothness": 0.45982490373688695,
  "loss_mean": 0.0,
  "loss_std": 0.0,
  "loss_trend": 1.2541315005620675e-09,
  "parameter_norm": 29.76237958083932,
  "lambda_max_10": 2.815108060836792,
  "hessian_trace_10": 291.2279388427734,
  "fim_trace": 4009.596989169717,
  "step_count": 13,
  "timestamp": 1764148855.0049512,
  "episode_reward": 1726.9052734375,
  "num_steps": 458752,
  "feature_compute_time_s": 8.177117586135864,
  "train_iter_time_s": 3.357835531234741,
  "init_seed": 200,
  "train_seed": 203,
  "best_reward_so_far": -Infinity
}