{
  "sharpness": 1.957876298577154,
  "gradient_smoothness": 0.20255289415129502,
  "loss_mean": 0.0,
  "loss_std": 0.0,
  "loss_trend": -1.5714432748648227e-09,
  "parameter_norm": 101.6660317630126,
  "lambda_max_10": 4.905097007751465,
  "hessian_trace_10": -10.203894138336182,
  "fim_trace": 1773.9981526732445,
  "step_count": 9,
  "timestamp": 1764177961.0534356,
  "episode_reward": -470.3901062011719,
  "num_steps": 327680,
  "feature_compute_time_s": 8.23177719116211,
  "train_iter_time_s": 2.7703464031219482,
  "init_seed": 200,
  "train_seed": 207,
  "best_reward_so_far": -Infinity
}