{
  "sharpness": 1.1418051449993467,
  "gradient_smoothness": 0.011088114678389438,
  "loss_mean": 0.0,
  "loss_std": 0.0,
  "loss_trend": -7.418358092762661e-10,
  "parameter_norm": 33.372320534759865,
  "lambda_max_10": -30.835079193115234,
  "hessian_trace_10": 503.87559204101564,
  "fim_trace": 3465.9248636737466,
  "step_count": 9,
  "timestamp": 1765438886.1548872,
  "episode_reward": 151.968017578125,
  "num_steps": 327680,
  "feature_compute_time_s": 5.63441014289856,
  "train_iter_time_s": 4.019232273101807,
  "init_seed": 200,
  "train_seed": 202,
  "best_reward_so_far": 161.70714948630444
}