{
  "sharpness": 0.3697028981639225,
  "gradient_smoothness": 0.009320925657410994,
  "loss_mean": 0.0,
  "loss_std": 0.0,
  "loss_trend": -2.7269818241934764e-09,
  "parameter_norm": 20.178550343438758,
  "lambda_max_10": -0.8869142532348633,
  "hessian_trace_10": -3.027529615163803,
  "fim_trace": 29.726873490959406,
  "step_count": 8,
  "timestamp": 1763776084.6424422,
  "num_steps": 294912,
  "feature_compute_time_s": 6.547826766967773,
  "train_iter_time_s": 13.880982637405396,
  "init_seed": 201,
  "train_seed": 200,
  "best_reward_so_far": -Infinity
}