{
  "sharpness": 2.067751544367608,
  "gradient_smoothness": 0.09351780455976418,
  "loss_mean": 0.0,
  "loss_std": 0.0,
  "loss_trend": 7.966820975251822e-12,
  "parameter_norm": 28.985889351554675,
  "lambda_max_10": -37.5633544921875,
  "hessian_trace_10": 282.78078536987306,
  "fim_trace": 1886.8453336954117,
  "step_count": 189,
  "timestamp": 1763770552.1981168,
  "num_steps": 6225920,
  "feature_compute_time_s": 4.340972900390625,
  "train_iter_time_s": 7.643726110458374,
  "init_seed": 200,
  "train_seed": 200,
  "best_reward_so_far": 1219.6336145402115
}