{
  "sharpness": 1.2617729565643587,
  "gradient_smoothness": 0.04415684714882629,
  "loss_mean": 0.0,
  "loss_std": 0.0,
  "loss_trend": -7.603820597205689e-12,
  "parameter_norm": 30.876939508071782,
  "lambda_max_10": -11.645673751831055,
  "hessian_trace_10": 234.68331298828124,
  "fim_trace": 755.8353162631392,
  "step_count": 154,
  "timestamp": 1763765890.4132304,
  "episode_reward": 734.3886178303794,
  "num_steps": 5079040,
  "feature_compute_time_s": 4.996098279953003,
  "train_iter_time_s": 10.326273441314697,
  "init_seed": 200,
  "train_seed": 200,
  "best_reward_so_far": 825.5063438058102
}