{
  "sharpness": 1.2615800282114766,
  "gradient_smoothness": 0.024859572325213686,
  "loss_mean": 0.0,
  "loss_std": 0.0,
  "loss_trend": 2.4190926636328927e-10,
  "parameter_norm": 33.66450493728675,
  "lambda_max_10": -28.052804946899414,
  "hessian_trace_10": 375.6151397705078,
  "fim_trace": 2736.9994329214096,
  "step_count": 15,
  "timestamp": 1765438376.8434176,
  "episode_reward": 969.7902221679688,
  "num_steps": 524288,
  "feature_compute_time_s": 5.407023191452026,
  "train_iter_time_s": 3.9540491104125977,
  "init_seed": 200,
  "train_seed": 205,
  "best_reward_so_far": 190.4672602905175
}