{
  "sharpness": 1.582675902699341,
  "gradient_smoothness": 0.006724096965544865,
  "loss_mean": 0.0,
  "loss_std": 0.0,
  "loss_trend": -2.1517209147553762e-11,
  "parameter_norm": 29.12198811238289,
  "lambda_max_10": -34.15483474731445,
  "hessian_trace_10": 248.3861961364746,
  "fim_trace": 5340.859098225832,
  "step_count": 276,
  "timestamp": 1763776544.6742585,
  "num_steps": 9076736,
  "feature_compute_time_s": 5.834836959838867,
  "train_iter_time_s": 11.391910791397095,
  "init_seed": 200,
  "train_seed": 201,
  "best_reward_so_far": 1493.8437520621728
}