{
  "sharpness": 1.2651205353653572,
  "gradient_smoothness": 0.013447866437334354,
  "loss_mean": 0.0,
  "loss_std": 0.0,
  "loss_trend": 1.2827638727643589e-10,
  "parameter_norm": 34.279826908823495,
  "lambda_max_10": -23.63852310180664,
  "hessian_trace_10": 449.55835113525393,
  "fim_trace": 2768.8783881515265,
  "step_count": 30,
  "timestamp": 1765441618.246554,
  "episode_reward": -9.99048900604248,
  "num_steps": 1015808,
  "feature_compute_time_s": 5.472028732299805,
  "train_iter_time_s": 4.26865816116333,
  "init_seed": 201,
  "train_seed": 200,
  "best_reward_so_far": 746.4653799700973
}