{
  "sharpness": 1.608993348238249,
  "gradient_smoothness": 0.6136496923227782,
  "loss_mean": 0.0,
  "loss_std": 0.0,
  "loss_trend": 3.039750741997138e-10,
  "parameter_norm": 29.733439333761666,
  "lambda_max_10": -16.823001861572266,
  "hessian_trace_10": 256.7494400024414,
  "fim_trace": 3767.497170895338,
  "step_count": 14,
  "timestamp": 1764149322.618031,
  "episode_reward": 1627.7396240234375,
  "num_steps": 491520,
  "feature_compute_time_s": 8.112207651138306,
  "train_iter_time_s": 5.801652431488037,
  "init_seed": 200,
  "train_seed": 203,
  "best_reward_so_far": -Infinity
}