{
  "sharpness": 1.2428595398210234,
  "gradient_smoothness": 0.0,
  "parameter_norm": 32.60912919422995,
  "lambda_max_10": 16.28779411315918,
  "hessian_trace_10": 239.21589584350585,
  "fim_trace": 1071.9029132723808,
  "step_count": 0,
  "timestamp": 1765439703.5743673,
  "episode_reward": 12.207379341125488,
  "num_steps": 32768,
  "feature_compute_time_s": 5.464863300323486,
  "train_iter_time_s": 4.497986555099487,
  "init_seed": 201,
  "train_seed": 200,
  "best_reward_so_far": -4.86434466388278
}