{
  "sharpness": 1.594682622611306,
  "gradient_smoothness": 0.24130003410283232,
  "loss_mean": 0.0,
  "loss_std": 0.0,
  "loss_trend": 1.3891393561303852e-08,
  "parameter_norm": 29.35575250081944,
  "lambda_max_10": 15.676507949829102,
  "hessian_trace_10": 234.0976760864258,
  "fim_trace": 1313.5995301306248,
  "step_count": 3,
  "timestamp": 1764168583.0365756,
  "episode_reward": 1416.0474853515625,
  "num_steps": 131072,
  "feature_compute_time_s": 5.0532386302948,
  "train_iter_time_s": 3.1814606189727783,
  "init_seed": 206,
  "train_seed": 200,
  "best_reward_so_far": -Infinity
}