{
  "sharpness": 1.1192242668082049,
  "gradient_smoothness": 0.012329810626377311,
  "loss_mean": 0.0,
  "loss_std": 0.0,
  "loss_trend": -6.118636533518823e-11,
  "parameter_norm": 25.886892886676396,
  "lambda_max_10": -3.2486324310302734,
  "hessian_trace_10": 24.949772119522095,
  "fim_trace": 115.3713022377342,
  "step_count": 53,
  "timestamp": 1763766697.37493,
  "episode_reward": 853.2206255054615,
  "num_steps": 1769472,
  "feature_compute_time_s": 9.01261281967163,
  "train_iter_time_s": 14.599172353744507,
  "init_seed": 201,
  "train_seed": 200,
  "best_reward_so_far": 853.2206255054615
}