{
  "sharpness": 1.275655337855543,
  "gradient_smoothness": 0.07943356047878634,
  "loss_mean": 0.0,
  "loss_std": 0.0,
  "loss_trend": 3.118763320588888e-10,
  "parameter_norm": 34.05216702619337,
  "lambda_max_10": -23.43862533569336,
  "hessian_trace_10": 293.0681488037109,
  "fim_trace": 1615.5646086893976,
  "step_count": 37,
  "timestamp": 1765440398.2884235,
  "episode_reward": -27.39651870727539,
  "num_steps": 1245184,
  "feature_compute_time_s": 5.564625978469849,
  "train_iter_time_s": 3.7459232807159424,
  "init_seed": 200,
  "train_seed": 203,
  "best_reward_so_far": 773.5957025929347
}