{
  "sharpness": 1.8350773107051264,
  "gradient_smoothness": 0.03528710721570563,
  "loss_mean": 0.0,
  "loss_std": 0.0,
  "loss_trend": 9.208802637029448e-11,
  "parameter_norm": 28.862200794357342,
  "lambda_max_10": -15.893646240234375,
  "hessian_trace_10": 165.63305130004883,
  "fim_trace": 1297.2573427557945,
  "step_count": 224,
  "timestamp": 1763782541.4412773,
  "num_steps": 7372800,
  "feature_compute_time_s": 4.348970174789429,
  "train_iter_time_s": 7.1869847774505615,
  "init_seed": 206,
  "train_seed": 200,
  "best_reward_so_far": 1216.7121259733326
}