{
  "sharpness": 2.1716058994349083,
  "gradient_smoothness": 0.18131195173778458,
  "loss_mean": 0.0,
  "loss_std": 0.0,
  "loss_trend": -7.880447719127653e-10,
  "parameter_norm": 29.193961679651835,
  "lambda_max_10": -25.495994567871094,
  "hessian_trace_10": 34.805542373657225,
  "fim_trace": 1889.9328408837318,
  "step_count": 5,
  "timestamp": 1764158650.5883646,
  "episode_reward": 3936.1962890625,
  "num_steps": 196608,
  "feature_compute_time_s": 9.912754535675049,
  "train_iter_time_s": 3.2702765464782715,
  "init_seed": 204,
  "train_seed": 200,
  "best_reward_so_far": -Infinity
}