{
  "sharpness": 1.225580082885371,
  "gradient_smoothness": 0.20656756413994892,
  "loss_mean": 0.0,
  "loss_std": 0.0,
  "loss_trend": 4.380337250959651e-11,
  "parameter_norm": 34.029089632951475,
  "lambda_max_10": -30.814476013183594,
  "hessian_trace_10": 498.03136291503904,
  "fim_trace": 3322.5327438786626,
  "step_count": 54,
  "timestamp": 1765438846.9505222,
  "episode_reward": 1023.063232421875,
  "num_steps": 1802240,
  "feature_compute_time_s": 6.657626628875732,
  "train_iter_time_s": 4.829392194747925,
  "init_seed": 200,
  "train_seed": 201,
  "best_reward_so_far": 861.267348274268
}