{
  "sharpness": 1.7476773683088807,
  "gradient_smoothness": 0.04858621507297446,
  "loss_mean": 0.0,
  "loss_std": 0.0,
  "loss_trend": -1.0871629473382818e-10,
  "parameter_norm": 33.700687928226884,
  "lambda_max_10": -40.28603744506836,
  "hessian_trace_10": 374.8241165161133,
  "fim_trace": 3611.702602572739,
  "step_count": 33,
  "timestamp": 1765443755.6814663,
  "episode_reward": 950.583251953125,
  "num_steps": 1114112,
  "feature_compute_time_s": 5.6164398193359375,
  "train_iter_time_s": 4.048463821411133,
  "init_seed": 203,
  "train_seed": 200,
  "best_reward_so_far": 604.7005320935339
}