{
  "sharpness": 1.6587205331065356,
  "gradient_smoothness": 0.1209476793832714,
  "loss_mean": 0.0,
  "loss_std": 0.0,
  "loss_trend": 3.462703082297876e-09,
  "parameter_norm": 29.618351296001677,
  "lambda_max_10": -65.14938354492188,
  "hessian_trace_10": 810.3784484863281,
  "fim_trace": 7523.014336034656,
  "step_count": 5,
  "timestamp": 1764167210.651666,
  "episode_reward": 1297.4754638671875,
  "num_steps": 196608,
  "feature_compute_time_s": 7.192686080932617,
  "train_iter_time_s": 3.8733503818511963,
  "init_seed": 200,
  "train_seed": 202,
  "best_reward_so_far": -Infinity
}