{
  "sharpness": 3.856289775093537,
  "gradient_smoothness": 0.04384211631467025,
  "loss_mean": 0.0,
  "loss_std": 0.0,
  "loss_trend": 1.8200861742704404e-09,
  "parameter_norm": 43.94325622814692,
  "lambda_max_10": -86.88128662109375,
  "hessian_trace_10": 702.6455093383789,
  "fim_trace": 23704.56921875477,
  "step_count": 4,
  "timestamp": 1764170481.169316,
  "episode_reward": 853.22705078125,
  "num_steps": 163840,
  "feature_compute_time_s": 8.844173669815063,
  "train_iter_time_s": 5.32742166519165,
  "init_seed": 200,
  "train_seed": 202,
  "best_reward_so_far": -Infinity
}