{
  "sharpness": 2.4177613415589634,
  "gradient_smoothness": 0.05076884691932175,
  "loss_mean": 0.0,
  "loss_std": 0.0,
  "loss_trend": -4.8106191618147206e-11,
  "parameter_norm": 28.9653618083688,
  "lambda_max_10": -36.314697265625,
  "hessian_trace_10": 266.99493713378905,
  "fim_trace": 3589.272766083479,
  "step_count": 212,
  "timestamp": 1763785518.889514,
  "num_steps": 6979584,
  "feature_compute_time_s": 8.82996416091919,
  "train_iter_time_s": 12.512580871582031,
  "init_seed": 207,
  "train_seed": 200,
  "best_reward_so_far": 1434.58736092986
}