{
  "sharpness": 1.2246704320166288,
  "gradient_smoothness": 0.019966324550873316,
  "loss_mean": 0.0,
  "loss_std": 0.0,
  "loss_trend": -1.0839047878360879e-09,
  "parameter_norm": 33.06783868564631,
  "lambda_max_10": -27.32210350036621,
  "hessian_trace_10": 369.22715759277344,
  "fim_trace": 1571.2050370499492,
  "step_count": 10,
  "timestamp": 1765441429.4627252,
  "episode_reward": -22.47001838684082,
  "num_steps": 360448,
  "feature_compute_time_s": 6.202466726303101,
  "train_iter_time_s": 5.801016092300415,
  "init_seed": 200,
  "train_seed": 201,
  "best_reward_so_far": 178.93956112163812
}