{
  "sharpness": 2.6349336084307833,
  "gradient_smoothness": 0.18512857020318435,
  "loss_mean": 0.0,
  "loss_std": 0.0,
  "loss_trend": 1.5361801863708691e-09,
  "parameter_norm": 46.17447883500274,
  "lambda_max_10": -189.6351318359375,
  "hessian_trace_10": 2718.915283203125,
  "fim_trace": 46412.302885606885,
  "step_count": 8,
  "timestamp": 1765469019.2163007,
  "episode_reward": -15.571900367736816,
  "num_steps": 294912,
  "feature_compute_time_s": 5.657346725463867,
  "train_iter_time_s": 3.786696434020996,
  "init_seed": 202,
  "train_seed": 200,
  "best_reward_so_far": 20.16862310862007
}