{
  "sharpness": 1.4095033306861635,
  "gradient_smoothness": 0.0025277883203202994,
  "loss_mean": 0.0,
  "loss_std": 0.0,
  "loss_trend": 4.894617899623117e-12,
  "parameter_norm": 30.51824183035888,
  "lambda_max_10": -9.90320110321045,
  "hessian_trace_10": 201.12566528320312,
  "fim_trace": 921.4388760589063,
  "step_count": 141,
  "timestamp": 1763762542.7464683,
  "episode_reward": 1095.7937276920698,
  "num_steps": 4653056,
  "feature_compute_time_s": 9.238174676895142,
  "train_iter_time_s": 18.398311614990234,
  "init_seed": 200,
  "train_seed": 204,
  "best_reward_so_far": 1462.3810974770836
}