{
  "sharpness": 1.6839716164008962,
  "gradient_smoothness": 0.0,
  "parameter_norm": 29.44760607134838,
  "lambda_max_10": 26.657533645629883,
  "hessian_trace_10": 137.1519775390625,
  "fim_trace": 3454.5633466541767,
  "step_count": 0,
  "timestamp": 1764149126.5944197,
  "episode_reward": 1510.343994140625,
  "num_steps": 32768,
  "feature_compute_time_s": 7.695187091827393,
  "train_iter_time_s": 5.2399866580963135,
  "init_seed": 200,
  "train_seed": 203,
  "best_reward_so_far": -Infinity
}