{
  "sharpness": 1.700948448528516,
  "gradient_smoothness": 0.06628120056172648,
  "loss_mean": 0.0,
  "loss_std": 0.0,
  "loss_trend": 3.443373864162096e-11,
  "parameter_norm": 29.32005674672501,
  "lambda_max_10": -31.093326568603516,
  "hessian_trace_10": 200.02762393951417,
  "fim_trace": 3299.510268509388,
  "step_count": 242,
  "timestamp": 1763777203.2367578,
  "num_steps": 7962624,
  "feature_compute_time_s": 5.5269293785095215,
  "train_iter_time_s": 12.498485326766968,
  "init_seed": 200,
  "train_seed": 203,
  "best_reward_so_far": 1554.3111130107025
}