{
  "sharpness": 1.8919478351279064,
  "gradient_smoothness": 0.18654195224721357,
  "loss_mean": 0.0,
  "loss_std": 0.0,
  "loss_trend": 3.117655201801383e-11,
  "parameter_norm": 29.482355733739745,
  "lambda_max_10": 8.853565216064453,
  "hessian_trace_10": 208.74070739746094,
  "fim_trace": 1206.9071714282036,
  "step_count": 10,
  "timestamp": 1764160803.331063,
  "episode_reward": 1449.71044921875,
  "num_steps": 360448,
  "feature_compute_time_s": 9.018467903137207,
  "train_iter_time_s": 2.569223642349243,
  "init_seed": 206,
  "train_seed": 200,
  "best_reward_so_far": -Infinity
}