{
  "sharpness": 0.18139232417600815,
  "gradient_smoothness": 0.1648837927018735,
  "loss_mean": 0.0,
  "loss_std": 0.0,
  "loss_trend": 6.253595866292189e-09,
  "parameter_norm": 19.633120334675596,
  "lambda_max_10": -0.762035608291626,
  "hessian_trace_10": -5.24362268447876,
  "fim_trace": 25.527887074276805,
  "step_count": 2,
  "timestamp": 1763772680.1309083,
  "num_steps": 98304,
  "feature_compute_time_s": 5.43161678314209,
  "train_iter_time_s": 11.504743814468384,
  "init_seed": 200,
  "train_seed": 203,
  "best_reward_so_far": -Infinity
}