{
  "sharpness": 1.3456412964956046,
  "gradient_smoothness": 0.09463783301762076,
  "loss_mean": 0.0,
  "loss_std": 0.0,
  "loss_trend": -1.6287603295593936e-10,
  "parameter_norm": 33.959586530821596,
  "lambda_max_10": -28.20403480529785,
  "hessian_trace_10": 402.95479888916014,
  "fim_trace": 2872.320261530578,
  "step_count": 42,
  "timestamp": 1765439226.8956418,
  "episode_reward": 960.33154296875,
  "num_steps": 1409024,
  "feature_compute_time_s": 5.451631784439087,
  "train_iter_time_s": 3.8318259716033936,
  "init_seed": 200,
  "train_seed": 203,
  "best_reward_so_far": 753.853161314581
}