{
  "sharpness": 1.838202756099309,
  "gradient_smoothness": 0.05338770898183583,
  "loss_mean": 0.0,
  "loss_std": 0.0,
  "loss_trend": -8.6301531365053e-11,
  "parameter_norm": 28.904632098925312,
  "lambda_max_10": -13.506261825561523,
  "hessian_trace_10": 57.064662551879884,
  "fim_trace": 2454.0685575455427,
  "step_count": 216,
  "timestamp": 1763779299.6532123,
  "num_steps": 7110656,
  "feature_compute_time_s": 6.689995288848877,
  "train_iter_time_s": 13.276654243469238,
  "init_seed": 200,
  "train_seed": 207,
  "best_reward_so_far": 1505.8127368963542
}