{
  "sharpness": 2.5163641440326128,
  "gradient_smoothness": 0.4927265088100901,
  "loss_mean": 0.0,
  "loss_std": 0.0,
  "loss_trend": 1.134005209255303e-10,
  "parameter_norm": 102.49062573744376,
  "lambda_max_10": -12.333020210266113,
  "hessian_trace_10": 4.071303367614746,
  "fim_trace": 2417.335802499205,
  "step_count": 13,
  "timestamp": 1765470074.6666844,
  "episode_reward": -17.54987907409668,
  "num_steps": 458752,
  "feature_compute_time_s": 5.930036306381226,
  "train_iter_time_s": 3.848350763320923,
  "init_seed": 205,
  "train_seed": 200,
  "best_reward_so_far": -0.8962624766787275
}