{
  "sharpness": 1.803559636333372,
  "gradient_smoothness": 0.17935368288829945,
  "loss_mean": 0.0,
  "loss_std": 0.0,
  "loss_trend": 3.981570021136737e-10,
  "parameter_norm": 30.11887819115037,
  "lambda_max_10": -118.28007507324219,
  "hessian_trace_10": 1151.7008361816406,
  "fim_trace": 17013.761953890324,
  "step_count": 9,
  "timestamp": 1764169624.3594363,
  "episode_reward": 1462.991943359375,
  "num_steps": 327680,
  "feature_compute_time_s": 5.123610258102417,
  "train_iter_time_s": 2.7771155834198,
  "init_seed": 200,
  "train_seed": 205,
  "best_reward_so_far": -Infinity
}