{
  "sharpness": 1.274840802109844,
  "gradient_smoothness": 0.017758722490916163,
  "loss_mean": 0.0,
  "loss_std": 0.0,
  "loss_trend": -1.3011281504416731e-11,
  "parameter_norm": 30.99769161880817,
  "lambda_max_10": 4.711247444152832,
  "hessian_trace_10": 226.93909454345703,
  "fim_trace": 726.957868643105,
  "step_count": 154,
  "timestamp": 1763769636.9678247,
  "episode_reward": 1396.0540638007394,
  "num_steps": 5079040,
  "feature_compute_time_s": 7.830057859420776,
  "train_iter_time_s": 15.360532283782959,
  "init_seed": 204,
  "train_seed": 200,
  "best_reward_so_far": 1710.2117317682237
}