{
  "sharpness": 2.1615445535233033,
  "gradient_smoothness": 0.5556588619939119,
  "loss_mean": 0.0,
  "loss_std": 0.0,
  "loss_trend": 4.467499858930535e-11,
  "parameter_norm": 28.85389284822772,
  "lambda_max_10": -61.58677291870117,
  "hessian_trace_10": 223.21348342895507,
  "fim_trace": 3601.4785704016685,
  "step_count": 234,
  "timestamp": 1763782798.3810294,
  "episode_reward": 1425.3898347977038,
  "num_steps": 7700480,
  "feature_compute_time_s": 7.195964813232422,
  "train_iter_time_s": 12.745186567306519,
  "init_seed": 203,
  "train_seed": 200,
  "best_reward_so_far": 1425.3898347977038
}