{
  "sharpness": 1.7110838909084298,
  "gradient_smoothness": 0.7615941559557649,
  "loss_mean": 0.0,
  "loss_std": 0.0,
  "loss_trend": 3.932095481422675e-11,
  "parameter_norm": 30.230294305321475,
  "lambda_max_10": -27.32712745666504,
  "hessian_trace_10": 101.20469017028809,
  "fim_trace": 5464.328372657299,
  "step_count": 15,
  "timestamp": 1764154742.8993278,
  "episode_reward": 1419.821044921875,
  "num_steps": 524288,
  "feature_compute_time_s": 9.830987215042114,
  "train_iter_time_s": 3.19610595703125,
  "init_seed": 200,
  "train_seed": 200,
  "best_reward_so_far": 1368.3998791990048
}