{
  "sharpness": 1.28535456462051,
  "gradient_smoothness": 0.09142017878017418,
  "loss_mean": 0.0,
  "loss_std": 0.0,
  "loss_trend": 6.149488842282242e-12,
  "parameter_norm": 34.637528221311165,
  "lambda_max_10": -21.26716423034668,
  "hessian_trace_10": 447.7152618408203,
  "fim_trace": 3190.2020617499948,
  "step_count": 44,
  "timestamp": 1765441020.5059466,
  "episode_reward": -7.595083713531494,
  "num_steps": 1474560,
  "feature_compute_time_s": 5.525729656219482,
  "train_iter_time_s": 4.098477602005005,
  "init_seed": 201,
  "train_seed": 200,
  "best_reward_so_far": 839.0227213478097
}