{
  "sharpness": 1.1888103844894922,
  "gradient_smoothness": 0.07829806467945269,
  "loss_mean": 0.0,
  "loss_std": 0.0,
  "loss_trend": 4.125187590534247e-11,
  "parameter_norm": 32.26451553096083,
  "lambda_max_10": 6.800652503967285,
  "hessian_trace_10": 585.6058807373047,
  "fim_trace": 2467.921944588423,
  "step_count": 275,
  "timestamp": 1763767717.1106403,
  "episode_reward": 791.5739532852623,
  "num_steps": 9043968,
  "feature_compute_time_s": 4.739053726196289,
  "train_iter_time_s": 10.041890859603882,
  "init_seed": 200,
  "train_seed": 200,
  "best_reward_so_far": 838.254302905597
}