{
  "sharpness": 1.2366568477198112,
  "gradient_smoothness": 0.004007867225727199,
  "loss_mean": 0.0,
  "loss_std": 0.0,
  "loss_trend": 2.5085984950790608e-11,
  "parameter_norm": 32.089392590577255,
  "lambda_max_10": -24.154579162597656,
  "hessian_trace_10": 411.2678466796875,
  "fim_trace": 1429.6772704906762,
  "step_count": 212,
  "timestamp": 1763772375.8469014,
  "episode_reward": 1399.9123543807991,
  "num_steps": 6979584,
  "feature_compute_time_s": 5.095735788345337,
  "train_iter_time_s": 17.925268411636353,
  "init_seed": 205,
  "train_seed": 200,
  "best_reward_so_far": 1658.3194934058913
}