{
  "sharpness": 1.8037231445224846,
  "gradient_smoothness": 0.12641148783154263,
  "loss_mean": 0.0,
  "loss_std": 0.0,
  "loss_trend": -3.97948890168415e-12,
  "parameter_norm": 27.55698024142596,
  "lambda_max_10": -18.55533218383789,
  "hessian_trace_10": 98.56853647232056,
  "fim_trace": 1292.5234699361026,
  "step_count": 147,
  "timestamp": 1763779664.3928454,
  "num_steps": 4849664,
  "feature_compute_time_s": 7.152245044708252,
  "train_iter_time_s": 11.72614860534668,
  "init_seed": 202,
  "train_seed": 200,
  "best_reward_so_far": 1146.985201074867
}