{
  "sharpness": 1.99646278988358,
  "gradient_smoothness": 0.06971231012258902,
  "loss_mean": 0.0,
  "loss_std": 0.0,
  "loss_trend": 4.044860246762062e-10,
  "parameter_norm": 101.89451276304648,
  "lambda_max_10": -7.326968193054199,
  "hessian_trace_10": 71.00149869918823,
  "fim_trace": 3220.1128946244717,
  "step_count": 5,
  "timestamp": 1764177583.400372,
  "episode_reward": -423.09417724609375,
  "num_steps": 196608,
  "feature_compute_time_s": 4.818180561065674,
  "train_iter_time_s": 2.6153759956359863,
  "init_seed": 201,
  "train_seed": 200,
  "best_reward_so_far": -Infinity
}