{
  "sharpness": 1.1711455743596075,
  "gradient_smoothness": 0.04128440147949112,
  "loss_mean": 0.0,
  "loss_std": 0.0,
  "loss_trend": 6.666696903688066e-13,
  "parameter_norm": 26.637851530957523,
  "lambda_max_10": -3.980988025665283,
  "hessian_trace_10": 41.60140132904053,
  "fim_trace": 207.26628309488297,
  "step_count": 62,
  "timestamp": 1763768460.739773,
  "episode_reward": 749.9094276029917,
  "num_steps": 2064384,
  "feature_compute_time_s": 6.383895635604858,
  "train_iter_time_s": 16.93354320526123,
  "init_seed": 205,
  "train_seed": 200,
  "best_reward_so_far": 767.8665142106602
}