{
  "sharpness": 1.587605249373677,
  "gradient_smoothness": 0.02632952581142118,
  "loss_mean": 0.0,
  "loss_std": 0.0,
  "loss_trend": 2.088024606612078e-11,
  "parameter_norm": 32.41698749784635,
  "lambda_max_10": -52.19602966308594,
  "hessian_trace_10": 587.0318420410156,
  "fim_trace": 3325.039690013975,
  "step_count": 282,
  "timestamp": 1763772505.196557,
  "episode_reward": 1507.8168507416005,
  "num_steps": 9273344,
  "feature_compute_time_s": 6.6771767139434814,
  "train_iter_time_s": 13.791902780532837,
  "init_seed": 203,
  "train_seed": 200,
  "best_reward_so_far": 1667.9849476248298
}