{
  "sharpness": 1.5879892396025055,
  "gradient_smoothness": 0.03972241804819835,
  "loss_mean": 0.0,
  "loss_std": 0.0,
  "loss_trend": 3.211827647530576e-12,
  "parameter_norm": 27.858737440185134,
  "lambda_max_10": -11.056276321411133,
  "hessian_trace_10": 224.49927978515626,
  "fim_trace": 508.31596614420414,
  "step_count": 85,
  "timestamp": 1763760758.879476,
  "episode_reward": 663.0199744129246,
  "num_steps": 2818048,
  "feature_compute_time_s": 6.00283408164978,
  "train_iter_time_s": 16.182565927505493,
  "init_seed": 200,
  "train_seed": 207,
  "best_reward_so_far": 783.7032556449551
}