{
  "sharpness": 1.400378885093317,
  "gradient_smoothness": 0.6232861112875928,
  "loss_mean": 0.0,
  "loss_std": 0.0,
  "loss_trend": -7.874498682447017e-11,
  "parameter_norm": 34.292480070887486,
  "lambda_max_10": -32.722930908203125,
  "hessian_trace_10": 534.8067779541016,
  "fim_trace": 2501.827178746462,
  "step_count": 60,
  "timestamp": 1765443597.0903773,
  "episode_reward": -14.914920806884766,
  "num_steps": 1998848,
  "feature_compute_time_s": 5.52196192741394,
  "train_iter_time_s": 3.9316365718841553,
  "init_seed": 202,
  "train_seed": 200,
  "best_reward_so_far": 1066.352618970459
}