{
  "sharpness": 1.3123880279210147,
  "gradient_smoothness": 0.009597125061150867,
  "loss_mean": 0.0,
  "loss_std": 0.0,
  "loss_trend": 1.155603510683485e-11,
  "parameter_norm": 32.36502196640433,
  "lambda_max_10": -22.984790802001953,
  "hessian_trace_10": 344.51235046386716,
  "fim_trace": 2514.4943646639585,
  "step_count": 229,
  "timestamp": 1763764865.7704015,
  "episode_reward": 1558.2011082293195,
  "num_steps": 7536640,
  "feature_compute_time_s": 9.783825874328613,
  "train_iter_time_s": 18.30629301071167,
  "init_seed": 200,
  "train_seed": 205,
  "best_reward_so_far": 1563.3250833027894
}