{
  "sharpness": 3.0111997115396583,
  "gradient_smoothness": 0.45474649873605744,
  "loss_mean": 0.0,
  "loss_std": 0.0,
  "loss_trend": 4.169690211585065e-10,
  "parameter_norm": 31.27979596097901,
  "lambda_max_10": -36.94318389892578,
  "hessian_trace_10": 159.13553276062012,
  "fim_trace": 6635.284293591976,
  "step_count": 13,
  "timestamp": 1764170408.6557753,
  "episode_reward": 1561.8582763671875,
  "num_steps": 458752,
  "feature_compute_time_s": 5.01453971862793,
  "train_iter_time_s": 5.264753818511963,
  "init_seed": 200,
  "train_seed": 201,
  "best_reward_so_far": -Infinity
}