{
  "sharpness": 1.2356583629424773,
  "gradient_smoothness": 0.02298129506967188,
  "loss_mean": 0.0,
  "loss_std": 0.0,
  "loss_trend": -2.3191878146384018e-10,
  "parameter_norm": 33.929084718825614,
  "lambda_max_10": -13.578229904174805,
  "hessian_trace_10": 328.98214263916014,
  "fim_trace": 1350.6461617015302,
  "step_count": 27,
  "timestamp": 1765444064.5166452,
  "episode_reward": -28.878963470458984,
  "num_steps": 917504,
  "feature_compute_time_s": 5.575757741928101,
  "train_iter_time_s": 3.9069321155548096,
  "init_seed": 204,
  "train_seed": 200,
  "best_reward_so_far": 554.5183848478651
}