{
  "sharpness": 1.4056176769892763,
  "gradient_smoothness": 0.009985047709661006,
  "loss_mean": 0.0,
  "loss_std": 0.0,
  "loss_trend": 1.5101446813776458e-09,
  "parameter_norm": 33.358156022413354,
  "lambda_max_10": -47.11820602416992,
  "hessian_trace_10": 755.1349365234375,
  "fim_trace": 2948.5834085159004,
  "step_count": 8,
  "timestamp": 1765441320.5726776,
  "episode_reward": -3.490534543991089,
  "num_steps": 294912,
  "feature_compute_time_s": 5.584051609039307,
  "train_iter_time_s": 4.291490077972412,
  "init_seed": 202,
  "train_seed": 200,
  "best_reward_so_far": 9.920041685995463
}