{
  "sharpness": 1.8014265558270777,
  "gradient_smoothness": 0.1972756290926287,
  "loss_mean": 0.0,
  "loss_std": 0.0,
  "loss_trend": -1.0277612380183144e-11,
  "parameter_norm": 29.141925535987284,
  "lambda_max_10": -51.35691452026367,
  "hessian_trace_10": 335.9164619445801,
  "fim_trace": 3899.7117803394794,
  "step_count": 293,
  "timestamp": 1763785272.6658633,
  "num_steps": 9633792,
  "feature_compute_time_s": 8.41361117362976,
  "train_iter_time_s": 12.29915714263916,
  "init_seed": 205,
  "train_seed": 200,
  "best_reward_so_far": 1811.1777947196751
}