{
  "sharpness": 1.464568464265726,
  "gradient_smoothness": 0.6352989521304435,
  "loss_mean": 0.0,
  "loss_std": 0.0,
  "loss_trend": -7.876998828204e-11,
  "parameter_norm": 34.388780201529876,
  "lambda_max_10": -15.24400806427002,
  "hessian_trace_10": 740.8897216796875,
  "fim_trace": 4623.7396688349545,
  "step_count": 60,
  "timestamp": 1765440064.5970223,
  "episode_reward": 19.29693603515625,
  "num_steps": 1998848,
  "feature_compute_time_s": 5.564070701599121,
  "train_iter_time_s": 3.873857259750366,
  "init_seed": 200,
  "train_seed": 202,
  "best_reward_so_far": 1165.9476532574915
}