{
  "sharpness": 2.2976214642630794,
  "gradient_smoothness": 0.0,
  "parameter_norm": 28.933651031118284,
  "lambda_max_10": -25.790916442871094,
  "hessian_trace_10": -6.05375862121582,
  "fim_trace": 1896.0897296369076,
  "step_count": 0,
  "timestamp": 1764158583.240673,
  "episode_reward": 1401.2122802734375,
  "num_steps": 32768,
  "feature_compute_time_s": 8.934378623962402,
  "train_iter_time_s": 3.5743279457092285,
  "init_seed": 204,
  "train_seed": 200,
  "best_reward_so_far": -Infinity
}