{
  "sharpness": 1.2243953673718722,
  "gradient_smoothness": 0.33389245249211175,
  "loss_mean": 0.0,
  "loss_std": 0.0,
  "loss_trend": 6.552970814497162e-12,
  "parameter_norm": 32.205029831544536,
  "lambda_max_10": -27.099340438842773,
  "hessian_trace_10": 511.10821838378905,
  "fim_trace": 1351.755004670471,
  "step_count": 301,
  "timestamp": 1763775762.3224938,
  "episode_reward": 1586.1526861956236,
  "num_steps": 9895936,
  "feature_compute_time_s": 8.57820200920105,
  "train_iter_time_s": 19.5791175365448,
  "init_seed": 207,
  "train_seed": 200,
  "best_reward_so_far": 1993.0098351881027
}