{
  "sharpness": 2.3220192745750947,
  "gradient_smoothness": 0.10530916126495196,
  "loss_mean": 0.0,
  "loss_std": 0.0,
  "loss_trend": 3.81279807160065e-09,
  "parameter_norm": 29.818305403523265,
  "lambda_max_10": -61.3216552734375,
  "hessian_trace_10": 419.3213165283203,
  "fim_trace": 4393.463064879179,
  "step_count": 6,
  "timestamp": 1764145852.2687716,
  "episode_reward": 1495.1693115234375,
  "num_steps": 229376,
  "feature_compute_time_s": 5.725943326950073,
  "train_iter_time_s": 2.795595645904541,
  "init_seed": 200,
  "train_seed": 200,
  "best_reward_so_far": -Infinity
}