{
  "sharpness": 1.1222186062726893,
  "gradient_smoothness": 0.041566328996315065,
  "loss_mean": 0.0,
  "loss_std": 0.0,
  "loss_trend": 1.1800402282714094e-09,
  "parameter_norm": 33.11693173078875,
  "lambda_max_10": -20.634366989135742,
  "hessian_trace_10": 471.1328399658203,
  "fim_trace": 1580.968352548778,
  "step_count": 11,
  "timestamp": 1765439298.3596628,
  "episode_reward": 36.80706024169922,
  "num_steps": 393216,
  "feature_compute_time_s": 9.25074028968811,
  "train_iter_time_s": 4.236449956893921,
  "init_seed": 200,
  "train_seed": 200,
  "best_reward_so_far": 303.4620527797981
}