{
  "sharpness": 2.0492393280097616,
  "gradient_smoothness": 0.7615941559557649,
  "loss_mean": 0.0,
  "loss_std": 0.0,
  "loss_trend": -1.615807682907972e-11,
  "parameter_norm": 34.39074471940219,
  "lambda_max_10": 35.30599594116211,
  "hessian_trace_10": 490.45941772460935,
  "fim_trace": 2789.5110524855554,
  "step_count": 61,
  "timestamp": 1765439090.195028,
  "episode_reward": 1651.6295166015625,
  "num_steps": 2031616,
  "feature_compute_time_s": 10.268572330474854,
  "train_iter_time_s": 4.898538589477539,
  "init_seed": 200,
  "train_seed": 204,
  "best_reward_so_far": 865.5885331319788
}