{
  "sharpness": 1.4544796766160322,
  "gradient_smoothness": 9.354082973483126e-06,
  "loss_mean": 0.0,
  "loss_std": 0.0,
  "loss_trend": 1.7641544670027928e-11,
  "parameter_norm": 32.408200500102765,
  "lambda_max_10": -45.252628326416016,
  "hessian_trace_10": 838.3631622314454,
  "fim_trace": 3313.396050401032,
  "step_count": 237,
  "timestamp": 1763771055.1540926,
  "episode_reward": 2137.479497734302,
  "num_steps": 7798784,
  "feature_compute_time_s": 8.052123785018921,
  "train_iter_time_s": 16.8191077709198,
  "init_seed": 202,
  "train_seed": 200,
  "best_reward_so_far": 2436.750246933793
}