{
  "sharpness": 1.4708764108972352,
  "gradient_smoothness": 0.014769688031805632,
  "loss_mean": 0.0,
  "loss_std": 0.0,
  "loss_trend": -3.775612965819295e-11,
  "parameter_norm": 29.751069448749018,
  "lambda_max_10": -15.100078582763672,
  "hessian_trace_10": 351.54864501953125,
  "fim_trace": 921.2758597992361,
  "step_count": 116,
  "timestamp": 1763761838.4453118,
  "episode_reward": 1094.8354534341433,
  "num_steps": 3833856,
  "feature_compute_time_s": 8.615691661834717,
  "train_iter_time_s": 19.199549198150635,
  "init_seed": 200,
  "train_seed": 205,
  "best_reward_so_far": 1122.7138937359193
}