{
  "sharpness": 1.641793102098743,
  "gradient_smoothness": 0.05129418091911571,
  "loss_mean": 0.0,
  "loss_std": 0.0,
  "loss_trend": -4.1494600692332695e-11,
  "parameter_norm": 28.63697633596912,
  "lambda_max_10": -14.695013046264648,
  "hessian_trace_10": 132.54788513183593,
  "fim_trace": 1434.4823158681393,
  "step_count": 186,
  "timestamp": 1763778710.805587,
  "num_steps": 6127616,
  "feature_compute_time_s": 7.14312481880188,
  "train_iter_time_s": 12.241872310638428,
  "init_seed": 200,
  "train_seed": 207,
  "best_reward_so_far": 1358.76474089319
}