{
  "sharpness": 1.7462714430131694,
  "gradient_smoothness": 0.11227843616672534,
  "loss_mean": 0.0,
  "loss_std": 0.0,
  "loss_trend": -1.933760385932894e-09,
  "parameter_norm": 30.1713929147902,
  "lambda_max_10": 35.61643981933594,
  "hessian_trace_10": 403.04728546142576,
  "fim_trace": 5083.435599088669,
  "step_count": 3,
  "timestamp": 1764153771.6503873,
  "episode_reward": 2313.037841796875,
  "num_steps": 131072,
  "feature_compute_time_s": 5.035965442657471,
  "train_iter_time_s": 2.942110776901245,
  "init_seed": 200,
  "train_seed": 200,
  "best_reward_so_far": -Infinity
}