{
  "sharpness": 4.05871094969694,
  "gradient_smoothness": 0.21106054452816664,
  "loss_mean": 0.0,
  "loss_std": 0.0,
  "loss_trend": 3.6999373063601013e-10,
  "parameter_norm": 33.19370033275727,
  "lambda_max_10": -51.1097526550293,
  "hessian_trace_10": 469.66841278076174,
  "fim_trace": 2078.243107497692,
  "step_count": 9,
  "timestamp": 1766082843.8392806,
  "episode_reward": 1286.4873046875,
  "num_steps": 327680,
  "feature_compute_time_s": 5.102869033813477,
  "train_iter_time_s": 2.6863439083099365,
  "init_seed": 201,
  "train_seed": 200,
  "best_reward_so_far": -Infinity
}