{
  "sharpness": 1.8944930216283167,
  "gradient_smoothness": 0.6282423102179331,
  "loss_mean": 0.0,
  "loss_std": 0.0,
  "loss_trend": 5.185533470144887e-10,
  "parameter_norm": 29.48406478659388,
  "lambda_max_10": 47.82960891723633,
  "hessian_trace_10": 323.76531982421875,
  "fim_trace": 3650.5497025698423,
  "step_count": 14,
  "timestamp": 1764168217.3700047,
  "episode_reward": 1682.83203125,
  "num_steps": 491520,
  "feature_compute_time_s": 4.9043262004852295,
  "train_iter_time_s": 2.6637074947357178,
  "init_seed": 207,
  "train_seed": 200,
  "best_reward_so_far": -Infinity
}