{
  "sharpness": 1.4267154515433382,
  "gradient_smoothness": 0.11050267062304182,
  "loss_mean": 0.0,
  "loss_std": 0.0,
  "loss_trend": -5.5864727854232944e-11,
  "parameter_norm": 34.05589574530875,
  "lambda_max_10": -24.31956672668457,
  "hessian_trace_10": 390.51348876953125,
  "fim_trace": 2729.0373855754733,
  "step_count": 48,
  "timestamp": 1765439906.619572,
  "episode_reward": -3.663409948348999,
  "num_steps": 1605632,
  "feature_compute_time_s": 5.549167156219482,
  "train_iter_time_s": 3.8075053691864014,
  "init_seed": 200,
  "train_seed": 203,
  "best_reward_so_far": 899.0085931410182
}