{
  "sharpness": 1.401504544366115,
  "gradient_smoothness": 0.04966657194102436,
  "loss_mean": 0.0,
  "loss_std": 0.0,
  "loss_trend": 2.2318396581949942e-11,
  "parameter_norm": 27.375248089633633,
  "lambda_max_10": -6.846014499664307,
  "hessian_trace_10": 344.32646484375,
  "fim_trace": 609.5513543412089,
  "step_count": 75,
  "timestamp": 1763760715.0025926,
  "episode_reward": 900.0976976607634,
  "num_steps": 2490368,
  "feature_compute_time_s": 7.435915231704712,
  "train_iter_time_s": 17.698776960372925,
  "init_seed": 200,
  "train_seed": 202,
  "best_reward_so_far": 900.0976976607634
}