{
  "sharpness": 1.2159731548028525,
  "gradient_smoothness": 0.17948819596436807,
  "loss_mean": 0.0,
  "loss_std": 0.0,
  "loss_trend": -1.4894834405030819e-09,
  "parameter_norm": 102.51311672189483,
  "lambda_max_10": -7.142127513885498,
  "hessian_trace_10": 7.674780464172363,
  "fim_trace": 1831.42778082937,
  "step_count": 9,
  "timestamp": 1765469738.8446991,
  "episode_reward": -8.164669036865234,
  "num_steps": 327680,
  "feature_compute_time_s": 10.192444324493408,
  "train_iter_time_s": 6.7720842361450195,
  "init_seed": 200,
  "train_seed": 200,
  "best_reward_so_far": -5.650845714392717
}