{
  "sharpness": 1.1615025666986238,
  "gradient_smoothness": 0.06766370583103978,
  "loss_mean": 0.0,
  "loss_std": 0.0,
  "loss_trend": -4.6732943305126225e-11,
  "parameter_norm": 32.757809389906285,
  "lambda_max_10": -23.937427520751953,
  "hessian_trace_10": 236.42597274780275,
  "fim_trace": 1764.535343632102,
  "step_count": 245,
  "timestamp": 1763764114.0847793,
  "episode_reward": 1370.8392456587671,
  "num_steps": 8060928,
  "feature_compute_time_s": 7.269014835357666,
  "train_iter_time_s": 17.373252630233765,
  "init_seed": 200,
  "train_seed": 200,
  "best_reward_so_far": 1756.809322670826
}