{
  "sharpness": 1.6893362393870879,
  "gradient_smoothness": 0.20399137065113954,
  "loss_mean": 0.0,
  "loss_std": 0.0,
  "loss_trend": 3.96948616548714e-10,
  "parameter_norm": 29.718983785602386,
  "lambda_max_10": 14.093099594116211,
  "hessian_trace_10": 224.1718978881836,
  "fim_trace": 3964.3579175174236,
  "step_count": 7,
  "timestamp": 1764148774.7539248,
  "episode_reward": 1692.4976806640625,
  "num_steps": 262144,
  "feature_compute_time_s": 7.3682861328125,
  "train_iter_time_s": 4.314909219741821,
  "init_seed": 200,
  "train_seed": 203,
  "best_reward_so_far": -Infinity
}