{
  "sharpness": 0.22071190477966915,
  "gradient_smoothness": 0.0,
  "loss_mean": 0.0,
  "loss_std": 0.0,
  "loss_trend": 0.0,
  "parameter_norm": 19.60713958473008,
  "lambda_max_10": 0.6606284976005554,
  "hessian_trace_10": 2.1300466537475584,
  "fim_trace": 24.960969101637602,
  "step_count": 1,
  "timestamp": 1763758922.4021404,
  "episode_reward": 3.462782461872012,
  "num_steps": 65536,
  "feature_compute_time_s": 7.325974225997925,
  "train_iter_time_s": 17.75176501274109,
  "init_seed": 200,
  "train_seed": 201,
  "best_reward_so_far": 3.462782461872012
}