{
  "sharpness": 1.449153099877669,
  "gradient_smoothness": 0.042817361587288785,
  "loss_mean": 0.0,
  "loss_std": 0.0,
  "loss_trend": 2.766812140755615e-11,
  "parameter_norm": 27.45436910127506,
  "lambda_max_10": 12.842046737670898,
  "hessian_trace_10": 127.69473648071289,
  "fim_trace": 785.9880593419075,
  "step_count": 135,
  "timestamp": 1763781205.7115984,
  "num_steps": 4456448,
  "feature_compute_time_s": 5.5740132331848145,
  "train_iter_time_s": 11.810376644134521,
  "init_seed": 204,
  "train_seed": 200,
  "best_reward_so_far": 1171.1158403845616
}