{
  "sharpness": 1.705318664140871,
  "gradient_smoothness": 0.1872697445736423,
  "loss_mean": 0.0,
  "loss_std": 0.0,
  "loss_trend": -9.166383167002897e-10,
  "parameter_norm": 29.678278195307385,
  "lambda_max_10": -73.0433120727539,
  "hessian_trace_10": 478.64477920532227,
  "fim_trace": 6401.609200686216,
  "step_count": 9,
  "timestamp": 1764166864.1805637,
  "episode_reward": 1282.402587890625,
  "num_steps": 327680,
  "feature_compute_time_s": 5.801466226577759,
  "train_iter_time_s": 4.092757701873779,
  "init_seed": 200,
  "train_seed": 202,
  "best_reward_so_far": -Infinity
}