{
  "sharpness": 2.4890917637396903,
  "gradient_smoothness": 0.022523472319621388,
  "loss_mean": 0.0,
  "loss_std": 0.0,
  "loss_trend": -4.1694170881119396e-11,
  "parameter_norm": 28.796151087876176,
  "lambda_max_10": -44.96628952026367,
  "hessian_trace_10": 529.5169891357422,
  "fim_trace": 3103.2441077828407,
  "step_count": 222,
  "timestamp": 1763782574.1158652,
  "num_steps": 7307264,
  "feature_compute_time_s": 5.573817014694214,
  "train_iter_time_s": 12.685555219650269,
  "init_seed": 203,
  "train_seed": 200,
  "best_reward_so_far": 1407.48909722189
}