{
  "sharpness": 1.402879425861329,
  "gradient_smoothness": 0.0711166208413423,
  "loss_mean": 0.0,
  "loss_std": 0.0,
  "loss_trend": 2.903610645623035e-10,
  "parameter_norm": 33.51728789917399,
  "lambda_max_10": 14.65948486328125,
  "hessian_trace_10": 429.47967834472655,
  "fim_trace": 756.6169090680778,
  "step_count": 30,
  "timestamp": 1765445178.633727,
  "episode_reward": 1558.041015625,
  "num_steps": 1015808,
  "feature_compute_time_s": 7.166958570480347,
  "train_iter_time_s": 3.717629909515381,
  "init_seed": 207,
  "train_seed": 200,
  "best_reward_so_far": 836.6362618177199
}