{
  "sharpness": 1.1969203008319338,
  "gradient_smoothness": 0.0372403877851781,
  "loss_mean": 0.0,
  "loss_std": 0.0,
  "loss_trend": -1.7306482747243905e-11,
  "parameter_norm": 31.1899605796888,
  "lambda_max_10": -21.26232147216797,
  "hessian_trace_10": 461.67965545654295,
  "fim_trace": 2071.278438605368,
  "step_count": 161,
  "timestamp": 1763762791.9881992,
  "episode_reward": 1214.9955618512547,
  "num_steps": 5308416,
  "feature_compute_time_s": 7.550144910812378,
  "train_iter_time_s": 17.74196720123291,
  "init_seed": 200,
  "train_seed": 202,
  "best_reward_so_far": 1407.3828985638045
}