{
  "sharpness": 1.5361430529027715,
  "gradient_smoothness": 0.21318593076447598,
  "loss_mean": 0.0,
  "loss_std": 0.0,
  "loss_trend": 3.5015980424602936e-09,
  "parameter_norm": 30.562522282319975,
  "lambda_max_10": -21.81078338623047,
  "hessian_trace_10": 279.9820983886719,
  "fim_trace": 2990.303998351097,
  "step_count": 3,
  "timestamp": 1766079938.90424,
  "episode_reward": 1352.0748291015625,
  "num_steps": 131072,
  "feature_compute_time_s": 9.769086122512817,
  "train_iter_time_s": 4.294839859008789,
  "init_seed": 200,
  "train_seed": 206,
  "best_reward_so_far": -Infinity
}