{
  "sharpness": 1.638857872433525,
  "gradient_smoothness": 0.20469985643549002,
  "loss_mean": 0.0,
  "loss_std": 0.0,
  "loss_trend": -4.542333217089022e-11,
  "parameter_norm": 33.90780365226466,
  "lambda_max_10": -62.403778076171875,
  "hessian_trace_10": 371.07300872802733,
  "fim_trace": 3815.371458169073,
  "step_count": 54,
  "timestamp": 1765441983.3243659,
  "episode_reward": 1130.0712890625,
  "num_steps": 1802240,
  "feature_compute_time_s": 5.580510854721069,
  "train_iter_time_s": 3.746187925338745,
  "init_seed": 203,
  "train_seed": 200,
  "best_reward_so_far": 1050.3675324964154
}