{
  "sharpness": 0.8855144162147073,
  "gradient_smoothness": 0.023702957311186764,
  "loss_mean": 0.0,
  "loss_std": 0.0,
  "loss_trend": -7.576539010182583e-11,
  "parameter_norm": 24.989817854386292,
  "lambda_max_10": 2.5490236282348633,
  "hessian_trace_10": 29.055923962593077,
  "fim_trace": 92.06446426734328,
  "step_count": 42,
  "timestamp": 1763768675.7797165,
  "episode_reward": 650.0218450030687,
  "num_steps": 1409024,
  "feature_compute_time_s": 8.001148223876953,
  "train_iter_time_s": 18.592849493026733,
  "init_seed": 207,
  "train_seed": 200,
  "best_reward_so_far": 650.0218450030687
}