{
  "sharpness": 1.7646310610997444,
  "gradient_smoothness": 0.604563530908608,
  "loss_mean": 0.0,
  "loss_std": 0.0,
  "loss_trend": -9.139228762514625e-10,
  "parameter_norm": 29.576106173256363,
  "lambda_max_10": 15.074908256530762,
  "hessian_trace_10": 38.68682050704956,
  "fim_trace": 2524.9577988684177,
  "step_count": 14,
  "timestamp": 1764153488.802224,
  "episode_reward": 3752.707275390625,
  "num_steps": 491520,
  "feature_compute_time_s": 5.116770505905151,
  "train_iter_time_s": 2.868151903152466,
  "init_seed": 200,
  "train_seed": 207,
  "best_reward_so_far": -Infinity
}