{
  "sharpness": 1.8292847226020625,
  "gradient_smoothness": 0.05068918817330832,
  "loss_mean": 0.0,
  "loss_std": 0.0,
  "loss_trend": -8.0319304972194e-12,
  "parameter_norm": 28.785955751013528,
  "lambda_max_10": -39.00712585449219,
  "hessian_trace_10": 243.0539405822754,
  "fim_trace": 3860.4873146414757,
  "step_count": 212,
  "timestamp": 1763783615.845511,
  "num_steps": 6979584,
  "feature_compute_time_s": 7.4015045166015625,
  "train_iter_time_s": 13.211715936660767,
  "init_seed": 205,
  "train_seed": 200,
  "best_reward_so_far": 1455.536138834872
}