{
  "sharpness": 2.1438110755783875,
  "gradient_smoothness": 0.06329566181410777,
  "loss_mean": 0.0,
  "loss_std": 0.0,
  "loss_trend": -5.21891028980245e-09,
  "parameter_norm": 29.898836304080803,
  "lambda_max_10": -27.992883682250977,
  "hessian_trace_10": 345.94494476318357,
  "fim_trace": 1681.9579303860664,
  "step_count": 4,
  "timestamp": 1764167970.355364,
  "episode_reward": 1308.5635986328125,
  "num_steps": 163840,
  "feature_compute_time_s": 5.3970208168029785,
  "train_iter_time_s": 3.930936574935913,
  "init_seed": 201,
  "train_seed": 200,
  "best_reward_so_far": -Infinity
}