{
  "sharpness": 1.759832732145778,
  "gradient_smoothness": 0.10061626448361324,
  "loss_mean": 0.0,
  "loss_std": 0.0,
  "loss_trend": -5.314024782308679e-11,
  "parameter_norm": 29.324038311435753,
  "lambda_max_10": -27.26830291748047,
  "hessian_trace_10": 183.66084899902344,
  "fim_trace": 3216.158221796155,
  "step_count": 243,
  "timestamp": 1763777223.216956,
  "num_steps": 7995392,
  "feature_compute_time_s": 7.593244791030884,
  "train_iter_time_s": 12.378350019454956,
  "init_seed": 200,
  "train_seed": 203,
  "best_reward_so_far": 1554.3111130107025
}