{
  "sharpness": 2.0816027630302623,
  "gradient_smoothness": 0.7615941559557649,
  "loss_mean": 0.0,
  "loss_std": 0.0,
  "loss_trend": 7.782960677217158e-10,
  "parameter_norm": 29.257606837334492,
  "lambda_max_10": 28.814727783203125,
  "hessian_trace_10": 290.1957122802734,
  "fim_trace": 2526.159830749035,
  "step_count": 15,
  "timestamp": 1764167774.7313776,
  "episode_reward": 1592.269775390625,
  "num_steps": 524288,
  "feature_compute_time_s": 6.006988048553467,
  "train_iter_time_s": 3.2046666145324707,
  "init_seed": 203,
  "train_seed": 200,
  "best_reward_so_far": 1080.1016574101081
}