{
  "sharpness": 2.1374967574790973,
  "gradient_smoothness": 0.05845772793849289,
  "loss_mean": 0.0,
  "loss_std": 0.0,
  "loss_trend": -5.4599074502658665e-11,
  "parameter_norm": 29.430791891362983,
  "lambda_max_10": -39.825218200683594,
  "hessian_trace_10": 340.23485565185547,
  "fim_trace": 2440.0699708759785,
  "step_count": 247,
  "timestamp": 1763771282.0597517,
  "num_steps": 8126464,
  "feature_compute_time_s": 4.453136682510376,
  "train_iter_time_s": 7.14137864112854,
  "init_seed": 200,
  "train_seed": 200,
  "best_reward_so_far": 1269.1137796691619
}