{
  "sharpness": 1.2868904152774976,
  "gradient_smoothness": 0.020409384379764122,
  "loss_mean": 0.0,
  "loss_std": 0.0,
  "loss_trend": -9.48439170554516e-12,
  "parameter_norm": 32.34864056487722,
  "lambda_max_10": -23.956703186035156,
  "hessian_trace_10": 264.7181106567383,
  "fim_trace": 1754.230273578316,
  "step_count": 234,
  "timestamp": 1763764389.2899787,
  "episode_reward": 1888.2115003894205,
  "num_steps": 7700480,
  "feature_compute_time_s": 5.3002941608428955,
  "train_iter_time_s": 16.29348635673523,
  "init_seed": 200,
  "train_seed": 203,
  "best_reward_so_far": 2246.502645363276
}