{
  "sharpness": 1.4182856096548782,
  "gradient_smoothness": 0.0,
  "loss_mean": 0.0,
  "loss_std": 0.0,
  "loss_trend": 0.0,
  "parameter_norm": 32.926486416884764,
  "lambda_max_10": -57.80563735961914,
  "hessian_trace_10": 714.4647644042968,
  "fim_trace": 4124.877262927592,
  "step_count": 1,
  "timestamp": 1765443627.741242,
  "episode_reward": -35.953025817871094,
  "num_steps": 65536,
  "feature_compute_time_s": 5.54451847076416,
  "train_iter_time_s": 4.111307859420776,
  "init_seed": 202,
  "train_seed": 200,
  "best_reward_so_far": 6.890486349642113
}