{
  "sharpness": 1.2767513794732084,
  "gradient_smoothness": 0.04780251991403347,
  "loss_mean": 0.0,
  "loss_std": 0.0,
  "loss_trend": 4.327754480193392e-11,
  "parameter_norm": 30.95159334785257,
  "lambda_max_10": -22.47031021118164,
  "hessian_trace_10": 355.93243408203125,
  "fim_trace": 1241.7329928018153,
  "step_count": 167,
  "timestamp": 1763763524.4267316,
  "episode_reward": 1147.9834377462732,
  "num_steps": 5505024,
  "feature_compute_time_s": 8.859687566757202,
  "train_iter_time_s": 18.817790269851685,
  "init_seed": 200,
  "train_seed": 201,
  "best_reward_so_far": 1252.9964524372233
}