{
  "sharpness": 1.1907731089258633,
  "gradient_smoothness": 0.04893387745413103,
  "loss_mean": 0.0,
  "loss_std": 0.0,
  "loss_trend": -4.014356761642778e-11,
  "parameter_norm": 34.40922744149634,
  "lambda_max_10": -22.142488479614258,
  "hessian_trace_10": 282.70570068359376,
  "fim_trace": 1167.3169724978507,
  "step_count": 48,
  "timestamp": 1765442408.7611187,
  "episode_reward": 440.0550842285156,
  "num_steps": 1605632,
  "feature_compute_time_s": 5.474260568618774,
  "train_iter_time_s": 4.101821422576904,
  "init_seed": 200,
  "train_seed": 204,
  "best_reward_so_far": 834.3966687431189
}