{
  "sharpness": 1.2801858901209844,
  "gradient_smoothness": 0.029892247813115797,
  "loss_mean": 0.0,
  "loss_std": 0.0,
  "loss_trend": -3.703261793878524e-11,
  "parameter_norm": 32.43539808558859,
  "lambda_max_10": -27.81077003479004,
  "hessian_trace_10": 351.1242935180664,
  "fim_trace": 1976.975998070091,
  "step_count": 245,
  "timestamp": 1763764644.1582146,
  "episode_reward": 1627.309168269992,
  "num_steps": 8060928,
  "feature_compute_time_s": 8.251727819442749,
  "train_iter_time_s": 16.123598098754883,
  "init_seed": 200,
  "train_seed": 203,
  "best_reward_so_far": 2246.502645363276
}