{
  "sharpness": 2.0649050578712598,
  "gradient_smoothness": 0.613046830964948,
  "loss_mean": 0.0,
  "loss_std": 0.0,
  "loss_trend": 1.7211525742246235e-10,
  "parameter_norm": 29.711440829984177,
  "lambda_max_10": -64.09185028076172,
  "hessian_trace_10": 563.797152709961,
  "fim_trace": 6683.212740391493,
  "step_count": 14,
  "timestamp": 1764169420.5105608,
  "episode_reward": 746.4319458007812,
  "num_steps": 491520,
  "feature_compute_time_s": 9.497002601623535,
  "train_iter_time_s": 5.096862316131592,
  "init_seed": 200,
  "train_seed": 204,
  "best_reward_so_far": -Infinity
}