{
  "sharpness": 1.4298912002984971,
  "gradient_smoothness": 0.016066158044425984,
  "loss_mean": 0.0,
  "loss_std": 0.0,
  "loss_trend": -2.2010259374119384e-11,
  "parameter_norm": 26.40910378833751,
  "lambda_max_10": -1.8131004571914673,
  "hessian_trace_10": 114.53005409240723,
  "fim_trace": 414.6473598778248,
  "step_count": 94,
  "timestamp": 1763776917.6522696,
  "num_steps": 3112960,
  "feature_compute_time_s": 8.022802352905273,
  "train_iter_time_s": 13.642807245254517,
  "init_seed": 200,
  "train_seed": 207,
  "best_reward_so_far": 991.8210150538857
}