{
  "sharpness": 2.6515114044626555,
  "gradient_smoothness": 0.3348654651188574,
  "loss_mean": 0.0,
  "loss_std": 0.0,
  "loss_trend": 2.0414196495848672e-10,
  "parameter_norm": 41.08106982260613,
  "lambda_max_10": -105.8804702758789,
  "hessian_trace_10": 1287.7522384643555,
  "fim_trace": 20824.49835449457,
  "step_count": 12,
  "timestamp": 1766080980.518549,
  "episode_reward": 1272.5816650390625,
  "num_steps": 425984,
  "feature_compute_time_s": 5.074374437332153,
  "train_iter_time_s": 2.891350030899048,
  "init_seed": 203,
  "train_seed": 200,
  "best_reward_so_far": -Infinity
}