{
  "sharpness": 1.268990326490409,
  "gradient_smoothness": 0.06665907097736938,
  "loss_mean": 0.0,
  "loss_std": 0.0,
  "loss_trend": 1.0549012947370556e-10,
  "parameter_norm": 34.201941905316836,
  "lambda_max_10": -21.404273986816406,
  "hessian_trace_10": 453.40309753417966,
  "fim_trace": 2851.6028526201844,
  "step_count": 44,
  "timestamp": 1765439646.534439,
  "episode_reward": 292.5903015136719,
  "num_steps": 1474560,
  "feature_compute_time_s": 5.601678848266602,
  "train_iter_time_s": 4.4812750816345215,
  "init_seed": 200,
  "train_seed": 205,
  "best_reward_so_far": 871.0608828335556
}