{
  "sharpness": 1.191556238753644,
  "gradient_smoothness": 0.00666107985377234,
  "loss_mean": 0.0,
  "loss_std": 0.0,
  "loss_trend": -3.683322805273062e-12,
  "parameter_norm": 31.906023899030316,
  "lambda_max_10": -20.02329444885254,
  "hessian_trace_10": 511.4924346923828,
  "fim_trace": 1764.23188944906,
  "step_count": 211,
  "timestamp": 1763766746.3656626,
  "episode_reward": 784.1532729396694,
  "num_steps": 6946816,
  "feature_compute_time_s": 4.869178056716919,
  "train_iter_time_s": 9.279511213302612,
  "init_seed": 200,
  "train_seed": 200,
  "best_reward_so_far": 825.5063438058102
}