{
  "sharpness": 1.5998885659495796,
  "gradient_smoothness": 0.08554248725803636,
  "loss_mean": 0.0,
  "loss_std": 0.0,
  "loss_trend": 5.451905611817412e-10,
  "parameter_norm": 29.68642006074675,
  "lambda_max_10": 6.539403438568115,
  "hessian_trace_10": 189.4876895904541,
  "fim_trace": 3715.696397341788,
  "step_count": 6,
  "timestamp": 1764148977.8775873,
  "episode_reward": 1510.6734619140625,
  "num_steps": 229376,
  "feature_compute_time_s": 8.392099857330322,
  "train_iter_time_s": 3.0093164443969727,
  "init_seed": 200,
  "train_seed": 203,
  "best_reward_so_far": -Infinity
}