{
  "sharpness": 1.2373743833530184,
  "gradient_smoothness": 0.19571685095966962,
  "loss_mean": 0.0,
  "loss_std": 0.0,
  "loss_trend": 3.4446248672915926e-11,
  "parameter_norm": 32.12895327106996,
  "lambda_max_10": -33.51325988769531,
  "hessian_trace_10": 442.84983520507814,
  "fim_trace": 3292.2960258871317,
  "step_count": 296,
  "timestamp": 1763767239.5507092,
  "episode_reward": 1621.1317959684377,
  "num_steps": 9732096,
  "feature_compute_time_s": 9.687139511108398,
  "train_iter_time_s": 20.043046474456787,
  "init_seed": 200,
  "train_seed": 201,
  "best_reward_so_far": 1797.2171900036203
}