{
  "sharpness": 1.3492079486043418,
  "gradient_smoothness": 0.10388304104701704,
  "loss_mean": 0.0,
  "loss_std": 0.0,
  "loss_trend": -1.3345588314989294e-10,
  "parameter_norm": 34.261289773206705,
  "lambda_max_10": -46.41911697387695,
  "hessian_trace_10": 557.2613739013672,
  "fim_trace": 3485.6214539669454,
  "step_count": 48,
  "timestamp": 1765440406.3117912,
  "episode_reward": 1217.1016845703125,
  "num_steps": 1605632,
  "feature_compute_time_s": 10.854396104812622,
  "train_iter_time_s": 3.887573003768921,
  "init_seed": 200,
  "train_seed": 206,
  "best_reward_so_far": 1023.5471249064985
}