{
  "sharpness": 1.3110925119150931,
  "gradient_smoothness": 0.1059744366630393,
  "loss_mean": 0.0,
  "loss_std": 0.0,
  "loss_trend": 6.035120110596119e-12,
  "parameter_norm": 33.95856262854528,
  "lambda_max_10": -20.38404083251953,
  "hessian_trace_10": 167.4887222290039,
  "fim_trace": 1572.4559051394463,
  "step_count": 41,
  "timestamp": 1765445291.2700558,
  "episode_reward": 1399.9227294921875,
  "num_steps": 1376256,
  "feature_compute_time_s": 10.89535903930664,
  "train_iter_time_s": 4.182408094406128,
  "init_seed": 205,
  "train_seed": 200,
  "best_reward_so_far": 810.1724082668643
}