{
  "sharpness": 2.768705138759305,
  "gradient_smoothness": 0.030711056907999263,
  "loss_mean": 0.0,
  "loss_std": 0.0,
  "loss_trend": -3.4667904372022516e-11,
  "parameter_norm": 27.035441518418764,
  "lambda_max_10": -18.573415756225586,
  "hessian_trace_10": 182.25355224609376,
  "fim_trace": 849.6551542133093,
  "step_count": 123,
  "timestamp": 1763779225.3294618,
  "num_steps": 4063232,
  "feature_compute_time_s": 8.101149559020996,
  "train_iter_time_s": 12.253593921661377,
  "init_seed": 202,
  "train_seed": 200,
  "best_reward_so_far": 1062.6672268788607
}