{
  "sharpness": 2.6523874145831607,
  "gradient_smoothness": 0.6202252510061718,
  "loss_mean": 0.0,
  "loss_std": 0.0,
  "loss_trend": -4.322364338996747e-10,
  "parameter_norm": 43.90650908858969,
  "lambda_max_10": -2.7921524047851562,
  "hessian_trace_10": 169.10334014892578,
  "fim_trace": 4338.762321591377,
  "step_count": 14,
  "timestamp": 1764177512.7781212,
  "episode_reward": 979.2402954101562,
  "num_steps": 491520,
  "feature_compute_time_s": 5.093536376953125,
  "train_iter_time_s": 2.702298402786255,
  "init_seed": 200,
  "train_seed": 206,
  "best_reward_so_far": -Infinity
}