{
  "sharpness": 2.506600792768351,
  "gradient_smoothness": 0.021391956987925113,
  "loss_mean": 0.0,
  "loss_std": 0.0,
  "loss_trend": -9.919269282120507e-12,
  "parameter_norm": 28.02152337402617,
  "lambda_max_10": -46.047359466552734,
  "hessian_trace_10": 330.7603889465332,
  "fim_trace": 2099.7913137301803,
  "step_count": 139,
  "timestamp": 1763769927.9437406,
  "num_steps": 4587520,
  "feature_compute_time_s": 4.628778696060181,
  "train_iter_time_s": 7.3298585414886475,
  "init_seed": 200,
  "train_seed": 200,
  "best_reward_so_far": 1052.216030372616
}