{
  "sharpness": 1.5492210996003855,
  "gradient_smoothness": 0.09568380285894183,
  "loss_mean": 0.0,
  "loss_std": 0.0,
  "loss_trend": 4.4204010645260537e-10,
  "parameter_norm": 33.541785689244634,
  "lambda_max_10": 19.314189910888672,
  "hessian_trace_10": 474.99268951416013,
  "fim_trace": 2013.083086811006,
  "step_count": 33,
  "timestamp": 1765442682.1429625,
  "episode_reward": -16.164575576782227,
  "num_steps": 1114112,
  "feature_compute_time_s": 10.724304676055908,
  "train_iter_time_s": 4.407797813415527,
  "init_seed": 207,
  "train_seed": 200,
  "best_reward_so_far": 963.40357397438
}