{
  "sharpness": 2.470317221295832,
  "gradient_smoothness": 0.09020614449023029,
  "loss_mean": 0.0,
  "loss_std": 0.0,
  "loss_trend": -1.7849085334977891e-09,
  "parameter_norm": 29.774800804030104,
  "lambda_max_10": -52.93245315551758,
  "hessian_trace_10": 354.6488723754883,
  "fim_trace": 3766.4391401410103,
  "step_count": 4,
  "timestamp": 1764166862.4667685,
  "episode_reward": 1116.0513916015625,
  "num_steps": 163840,
  "feature_compute_time_s": 9.431997776031494,
  "train_iter_time_s": 2.6863911151885986,
  "init_seed": 200,
  "train_seed": 200,
  "best_reward_so_far": -Infinity
}