{
  "sharpness": 1.1649972038735417,
  "gradient_smoothness": 0.07831372278861191,
  "loss_mean": 0.0,
  "loss_std": 0.0,
  "loss_trend": -1.3281231309787378e-10,
  "parameter_norm": 34.29880333230157,
  "lambda_max_10": -34.92398452758789,
  "hessian_trace_10": 645.4060424804687,
  "fim_trace": 5115.24354749918,
  "step_count": 40,
  "timestamp": 1765439858.5506144,
  "episode_reward": 30.575454711914062,
  "num_steps": 1343488,
  "feature_compute_time_s": 5.537205219268799,
  "train_iter_time_s": 3.9770824909210205,
  "init_seed": 200,
  "train_seed": 202,
  "best_reward_so_far": 1057.4152997908818
}