{
  "sharpness": 2.3280263377189105,
  "gradient_smoothness": 0.07986224692256058,
  "loss_mean": 0.0,
  "loss_std": 0.0,
  "loss_trend": 6.24277032450094e-11,
  "parameter_norm": 28.724499038080523,
  "lambda_max_10": -20.397960662841797,
  "hessian_trace_10": -30.503238105773924,
  "fim_trace": 1497.765776693821,
  "step_count": 229,
  "timestamp": 1763782920.3024528,
  "num_steps": 7536640,
  "feature_compute_time_s": 5.381602764129639,
  "train_iter_time_s": 10.005985260009766,
  "init_seed": 204,
  "train_seed": 200,
  "best_reward_so_far": 2362.191069493134
}