{
  "sharpness": 0.955489066929135,
  "gradient_smoothness": 0.018135097562452032,
  "loss_mean": 0.0,
  "loss_std": 0.0,
  "loss_trend": 1.5435040529075172e-10,
  "parameter_norm": 22.175854135732116,
  "lambda_max_10": -3.264317512512207,
  "hessian_trace_10": -11.517655038833619,
  "fim_trace": 90.68105595931411,
  "step_count": 28,
  "timestamp": 1763773554.7554367,
  "num_steps": 950272,
  "feature_compute_time_s": 8.864129781723022,
  "train_iter_time_s": 12.074397563934326,
  "init_seed": 200,
  "train_seed": 204,
  "best_reward_so_far": -277.5810413466993
}