{
  "sharpness": 1.3231223477613003,
  "gradient_smoothness": 0.06270153499571529,
  "loss_mean": 0.0,
  "loss_std": 0.0,
  "loss_trend": 1.7293428524366888e-10,
  "parameter_norm": 33.373720090826055,
  "lambda_max_10": -20.644031524658203,
  "hessian_trace_10": 421.55116882324216,
  "fim_trace": 1850.9887961354107,
  "step_count": 9,
  "timestamp": 1765444266.7346444,
  "episode_reward": -20.451364517211914,
  "num_steps": 327680,
  "feature_compute_time_s": 5.621605157852173,
  "train_iter_time_s": 4.226245641708374,
  "init_seed": 206,
  "train_seed": 200,
  "best_reward_so_far": 85.32679456383269
}