{
  "sharpness": 1.9152652501975191,
  "gradient_smoothness": 0.27055661204189085,
  "loss_mean": 0.0,
  "loss_std": 0.0,
  "loss_trend": 1.2679692457651174e-09,
  "parameter_norm": 29.89185842071082,
  "lambda_max_10": 55.265010833740234,
  "hessian_trace_10": 295.12373008728025,
  "fim_trace": 3943.3849834501743,
  "step_count": 10,
  "timestamp": 1764178091.8456247,
  "episode_reward": 1762.776123046875,
  "num_steps": 360448,
  "feature_compute_time_s": 5.247742414474487,
  "train_iter_time_s": 4.959132671356201,
  "init_seed": 207,
  "train_seed": 200,
  "best_reward_so_far": -Infinity
}