{
  "sharpness": 0.7913489696540356,
  "gradient_smoothness": 0.06192973896726106,
  "loss_mean": 0.0,
  "loss_std": 0.0,
  "loss_trend": 2.3604772573788786e-11,
  "parameter_norm": 24.845941967085647,
  "lambda_max_10": 3.1118710041046143,
  "hessian_trace_10": 20.409675693511964,
  "fim_trace": 104.87700419872999,
  "step_count": 42,
  "timestamp": 1763766655.4277394,
  "episode_reward": 476.67619661026924,
  "num_steps": 1409024,
  "feature_compute_time_s": 9.16465163230896,
  "train_iter_time_s": 16.362789154052734,
  "init_seed": 202,
  "train_seed": 200,
  "best_reward_so_far": 491.2189757641856
}