{
  "sharpness": 1.429218835928307,
  "gradient_smoothness": 0.031784741650460385,
  "loss_mean": 0.0,
  "loss_std": 0.0,
  "loss_trend": -3.94061981500326e-11,
  "parameter_norm": 29.82228771432561,
  "lambda_max_10": -31.39229965209961,
  "hessian_trace_10": 521.7598403930664,
  "fim_trace": 1674.3595612607896,
  "step_count": 126,
  "timestamp": 1763761656.8357196,
  "episode_reward": 927.2005716240773,
  "num_steps": 4161536,
  "feature_compute_time_s": 6.791788578033447,
  "train_iter_time_s": 14.730485677719116,
  "init_seed": 200,
  "train_seed": 207,
  "best_reward_so_far": 981.154221282493
}