{
  "sharpness": 1.2897349127638806,
  "gradient_smoothness": 0.10635046391448007,
  "loss_mean": 0.0,
  "loss_std": 0.0,
  "loss_trend": -2.4071811156600692e-11,
  "parameter_norm": 32.529035309942344,
  "lambda_max_10": -33.750343322753906,
  "hessian_trace_10": 408.1167816162109,
  "fim_trace": 2036.5531543567777,
  "step_count": 277,
  "timestamp": 1763765390.574768,
  "episode_reward": 1970.591501177134,
  "num_steps": 9109504,
  "feature_compute_time_s": 6.076044321060181,
  "train_iter_time_s": 15.954554080963135,
  "init_seed": 200,
  "train_seed": 203,
  "best_reward_so_far": 2246.502645363276
}