{
  "sharpness": 1.405863318460111,
  "gradient_smoothness": 0.028921479640070153,
  "loss_mean": 0.0,
  "loss_std": 0.0,
  "loss_trend": -3.4893388647596363e-09,
  "parameter_norm": 33.00462108451445,
  "lambda_max_10": -56.270591735839844,
  "hessian_trace_10": 880.8541809082031,
  "fim_trace": 4068.9466071091592,
  "step_count": 2,
  "timestamp": 1765443041.1919992,
  "episode_reward": -13.586024284362793,
  "num_steps": 98304,
  "feature_compute_time_s": 5.503407001495361,
  "train_iter_time_s": 3.8717591762542725,
  "init_seed": 202,
  "train_seed": 200,
  "best_reward_so_far": 9.726554939553498
}