{
  "sharpness": 0.772932740646885,
  "gradient_smoothness": 0.09164394805884463,
  "loss_mean": 0.0,
  "loss_std": 0.0,
  "loss_trend": -3.567538364005861e-11,
  "parameter_norm": 23.743368896004167,
  "lambda_max_10": 4.035735607147217,
  "hessian_trace_10": 57.25989875793457,
  "fim_trace": 138.16382061317563,
  "step_count": 47,
  "timestamp": 1763779608.4054167,
  "num_steps": 1572864,
  "feature_compute_time_s": 8.500191450119019,
  "train_iter_time_s": 8.404654264450073,
  "init_seed": 204,
  "train_seed": 200,
  "best_reward_so_far": 367.45302269182537
}