{
  "sharpness": 1.2826027902730044,
  "gradient_smoothness": 0.3761475441086508,
  "loss_mean": 0.0,
  "loss_std": 0.0,
  "loss_trend": -2.1143021970877873e-11,
  "parameter_norm": 33.70144256351826,
  "lambda_max_10": -24.29363250732422,
  "hessian_trace_10": 365.2725494384766,
  "fim_trace": 1292.7309028618038,
  "step_count": 57,
  "timestamp": 1765442970.4139018,
  "episode_reward": -31.232009887695312,
  "num_steps": 1900544,
  "feature_compute_time_s": 5.4331724643707275,
  "train_iter_time_s": 4.526226282119751,
  "init_seed": 207,
  "train_seed": 200,
  "best_reward_so_far": 1172.2557113243363
}