{
  "sharpness": 0.663112441943384,
  "gradient_smoothness": 0.011567850067131472,
  "loss_mean": 0.0,
  "loss_std": 0.0,
  "loss_trend": 9.094412437093379e-11,
  "parameter_norm": 24.114055215312646,
  "lambda_max_10": 2.8573925495147705,
  "hessian_trace_10": 33.613319396972656,
  "fim_trace": 85.38373699598014,
  "step_count": 33,
  "timestamp": 1763759713.3440418,
  "episode_reward": 384.14420383936204,
  "num_steps": 1114112,
  "feature_compute_time_s": 8.072855234146118,
  "train_iter_time_s": 16.783499717712402,
  "init_seed": 200,
  "train_seed": 202,
  "best_reward_so_far": 387.8066137581376
}