{
  "sharpness": 2.461365719944052,
  "gradient_smoothness": 0.06464985431459533,
  "loss_mean": 0.0,
  "loss_std": 0.0,
  "loss_trend": -1.6494946158105048e-11,
  "parameter_norm": 28.70779430186921,
  "lambda_max_10": -61.13981628417969,
  "hessian_trace_10": 179.8863838195801,
  "fim_trace": 2895.4083389788866,
  "step_count": 273,
  "timestamp": 1763781968.6809855,
  "num_steps": 8978432,
  "feature_compute_time_s": 6.254305124282837,
  "train_iter_time_s": 11.886931419372559,
  "init_seed": 202,
  "train_seed": 200,
  "best_reward_so_far": 1300.6552043643742
}