{
  "sharpness": 1.9257042362937329,
  "gradient_smoothness": 0.002235948566033391,
  "loss_mean": 0.0,
  "loss_std": 0.0,
  "loss_trend": -1.4866804300145225e-11,
  "parameter_norm": 27.561734592421352,
  "lambda_max_10": -20.860511779785156,
  "hessian_trace_10": 107.20477981567383,
  "fim_trace": 993.9004618674517,
  "step_count": 123,
  "timestamp": 1763769724.4895184,
  "num_steps": 4063232,
  "feature_compute_time_s": 4.38338303565979,
  "train_iter_time_s": 7.38237452507019,
  "init_seed": 200,
  "train_seed": 200,
  "best_reward_so_far": 984.1982364479951
}