{
  "sharpness": 1.2748298839883438,
  "gradient_smoothness": 0.10878160831028509,
  "loss_mean": 0.0,
  "loss_std": 0.0,
  "loss_trend": -4.79426205027782e-10,
  "parameter_norm": 33.4978106592352,
  "lambda_max_10": -28.79534339904785,
  "hessian_trace_10": 614.9949188232422,
  "fim_trace": 2359.525410287082,
  "step_count": 12,
  "timestamp": 1765444297.005407,
  "episode_reward": -15.13627815246582,
  "num_steps": 425984,
  "feature_compute_time_s": 5.931482553482056,
  "train_iter_time_s": 4.131079435348511,
  "init_seed": 206,
  "train_seed": 200,
  "best_reward_so_far": 171.13500445819312
}