{
  "sharpness": 0.29618497389780585,
  "gradient_smoothness": 0.014160958343062328,
  "loss_mean": 0.0,
  "loss_std": 0.0,
  "loss_trend": 2.381608533028924e-09,
  "parameter_norm": 20.536444563574314,
  "lambda_max_10": 0.9700450897216797,
  "hessian_trace_10": 3.174125647544861,
  "fim_trace": 29.93428700044751,
  "step_count": 4,
  "timestamp": 1763758992.480721,
  "episode_reward": 22.52483584257335,
  "num_steps": 163840,
  "feature_compute_time_s": 8.545907974243164,
  "train_iter_time_s": 17.57918381690979,
  "init_seed": 200,
  "train_seed": 202,
  "best_reward_so_far": 22.52483584257335
}