{
  "sharpness": 1.3001436644804318,
  "gradient_smoothness": 0.34502038516572364,
  "loss_mean": 0.0,
  "loss_std": 0.0,
  "loss_trend": -7.888385199655914e-10,
  "parameter_norm": 33.488831754701096,
  "lambda_max_10": 14.410711288452148,
  "hessian_trace_10": 280.86102905273435,
  "fim_trace": 1051.4846579805017,
  "step_count": 12,
  "timestamp": 1765468857.313534,
  "episode_reward": -18.735870361328125,
  "num_steps": 425984,
  "feature_compute_time_s": 8.333398580551147,
  "train_iter_time_s": 5.699007987976074,
  "init_seed": 201,
  "train_seed": 200,
  "best_reward_so_far": 239.08557238099158
}