{
  "sharpness": 1.1592473546324364,
  "gradient_smoothness": 0.4456461047753102,
  "loss_mean": 0.0,
  "loss_std": 0.0,
  "loss_trend": -1.0082231924327145e-10,
  "parameter_norm": 34.26539940062376,
  "lambda_max_10": -26.511394500732422,
  "hessian_trace_10": 387.8687316894531,
  "fim_trace": 2719.0222363360226,
  "step_count": 59,
  "timestamp": 1765443451.7355995,
  "episode_reward": -8.279879570007324,
  "num_steps": 1966080,
  "feature_compute_time_s": 6.576020002365112,
  "train_iter_time_s": 4.960902452468872,
  "init_seed": 206,
  "train_seed": 200,
  "best_reward_so_far": 1087.678601068288
}