{
  "sharpness": 1.2744867838994676,
  "gradient_smoothness": 0.025170764606228416,
  "loss_mean": 0.0,
  "loss_std": 0.0,
  "loss_trend": -1.0882209170295526e-09,
  "parameter_norm": 33.2199377673322,
  "lambda_max_10": -24.461257934570312,
  "hessian_trace_10": 327.1564575195313,
  "fim_trace": 1640.6149675175548,
  "step_count": 12,
  "timestamp": 1765438935.412426,
  "episode_reward": -19.31541633605957,
  "num_steps": 425984,
  "feature_compute_time_s": 5.582283020019531,
  "train_iter_time_s": 3.8768815994262695,
  "init_seed": 200,
  "train_seed": 203,
  "best_reward_so_far": 256.6504556825978
}