{
  "sharpness": 1.6630752717651143,
  "gradient_smoothness": 0.04835659135121162,
  "loss_mean": 0.0,
  "loss_std": 0.0,
  "loss_trend": -2.740581896328231e-11,
  "parameter_norm": 25.98020690951289,
  "lambda_max_10": 9.572897911071777,
  "hessian_trace_10": 106.38442764282226,
  "fim_trace": 502.56539019197226,
  "step_count": 89,
  "timestamp": 1763780078.628859,
  "num_steps": 2949120,
  "feature_compute_time_s": 5.45926308631897,
  "train_iter_time_s": 11.630193710327148,
  "init_seed": 203,
  "train_seed": 200,
  "best_reward_so_far": 947.5052820863062
}