{
  "sharpness": 1.2053760857625084,
  "gradient_smoothness": 0.12600317495232785,
  "loss_mean": 0.0,
  "loss_std": 0.0,
  "loss_trend": -7.475266688638802e-11,
  "parameter_norm": 34.76459291426567,
  "lambda_max_10": 7.661689758300781,
  "hessian_trace_10": 669.4973937988282,
  "fim_trace": 3677.0740191563964,
  "step_count": 52,
  "timestamp": 1765441299.4568114,
  "episode_reward": 2354.430908203125,
  "num_steps": 1736704,
  "feature_compute_time_s": 5.592882394790649,
  "train_iter_time_s": 4.109878778457642,
  "init_seed": 200,
  "train_seed": 200,
  "best_reward_so_far": 1270.1186734549192
}