{
  "sharpness": 3.4873682716754875,
  "gradient_smoothness": 0.18855574339462838,
  "loss_mean": 0.0,
  "loss_std": 0.0,
  "loss_trend": -2.2928599466504108e-10,
  "parameter_norm": 31.608262678677384,
  "lambda_max_10": -75.5926284790039,
  "hessian_trace_10": 392.21436614990233,
  "fim_trace": 9833.34765277803,
  "step_count": 9,
  "timestamp": 1764177520.9101832,
  "episode_reward": 1435.697265625,
  "num_steps": 327680,
  "feature_compute_time_s": 5.814752817153931,
  "train_iter_time_s": 5.379111051559448,
  "init_seed": 200,
  "train_seed": 201,
  "best_reward_so_far": -Infinity
}