{
  "sharpness": 1.2152457602147293,
  "gradient_smoothness": 0.10888726480238664,
  "loss_mean": 0.0,
  "loss_std": 0.0,
  "loss_trend": -1.3625177156926207e-10,
  "parameter_norm": 34.06208514114414,
  "lambda_max_10": -46.42402648925781,
  "hessian_trace_10": 656.6015869140625,
  "fim_trace": 5163.558661777526,
  "step_count": 54,
  "timestamp": 1765439644.6050422,
  "episode_reward": 1026.88232421875,
  "num_steps": 1802240,
  "feature_compute_time_s": 5.688436269760132,
  "train_iter_time_s": 4.4633989334106445,
  "init_seed": 200,
  "train_seed": 201,
  "best_reward_so_far": 860.5812428050442
}