{
  "sharpness": 1.190044742125096,
  "gradient_smoothness": 0.009132036262988124,
  "loss_mean": 0.0,
  "loss_std": 0.0,
  "loss_trend": -2.4026477424025573e-12,
  "parameter_norm": 23.90688514834184,
  "lambda_max_10": 7.022442817687988,
  "hessian_trace_10": 60.80330543518066,
  "fim_trace": 245.62278024107218,
  "step_count": 49,
  "timestamp": 1763772732.38806,
  "num_steps": 1638400,
  "feature_compute_time_s": 5.981149196624756,
  "train_iter_time_s": 11.192029237747192,
  "init_seed": 200,
  "train_seed": 201,
  "best_reward_so_far": 451.1427809405769
}