{
  "sharpness": 1.3034876040233072,
  "gradient_smoothness": 0.09726442064973109,
  "loss_mean": 0.0,
  "loss_std": 0.0,
  "loss_trend": 3.1266965107150656e-10,
  "parameter_norm": 33.765465762874335,
  "lambda_max_10": -22.841278076171875,
  "hessian_trace_10": 343.76258850097656,
  "fim_trace": 1409.3373596072197,
  "step_count": 39,
  "timestamp": 1765444450.7356398,
  "episode_reward": -15.41784954071045,
  "num_steps": 1310720,
  "feature_compute_time_s": 5.408094882965088,
  "train_iter_time_s": 4.134081125259399,
  "init_seed": 207,
  "train_seed": 200,
  "best_reward_so_far": 825.5760108493558
}