{
  "sharpness": 1.7084059913239813,
  "gradient_smoothness": 0.24525789925972874,
  "loss_mean": 0.0,
  "loss_std": 0.0,
  "loss_trend": 2.7450958934910567e-09,
  "parameter_norm": 29.32592761941294,
  "lambda_max_10": 46.32432556152344,
  "hessian_trace_10": 122.5647087097168,
  "fim_trace": 5331.498441755772,
  "step_count": 6,
  "timestamp": 1764166850.8191142,
  "episode_reward": 1390.1175537109375,
  "num_steps": 229376,
  "feature_compute_time_s": 8.253773212432861,
  "train_iter_time_s": 3.70143985748291,
  "init_seed": 200,
  "train_seed": 201,
  "best_reward_so_far": -Infinity
}