{
  "sharpness": 1.3814660884143273,
  "gradient_smoothness": 0.07086098042389492,
  "loss_mean": 0.0,
  "loss_std": 0.0,
  "loss_trend": -1.0980438348516628e-08,
  "parameter_norm": 32.73577458968111,
  "lambda_max_10": -32.849979400634766,
  "hessian_trace_10": 476.2348297119141,
  "fim_trace": 2518.8072894196957,
  "step_count": 4,
  "timestamp": 1765439108.597121,
  "episode_reward": 94.5645980834961,
  "num_steps": 163840,
  "feature_compute_time_s": 5.46979284286499,
  "train_iter_time_s": 4.085507869720459,
  "init_seed": 200,
  "train_seed": 207,
  "best_reward_so_far": 80.5698188680231
}