{
  "sharpness": 1.7221706129413756,
  "gradient_smoothness": 0.29876933379738807,
  "loss_mean": 0.0,
  "loss_std": 0.0,
  "loss_trend": -1.883914398176354e-10,
  "parameter_norm": 30.36273277029559,
  "lambda_max_10": -12.818525314331055,
  "hessian_trace_10": 312.6052433013916,
  "fim_trace": 5101.180550158024,
  "step_count": 11,
  "timestamp": 1764177345.5562456,
  "episode_reward": 1685.3333740234375,
  "num_steps": 393216,
  "feature_compute_time_s": 7.980205297470093,
  "train_iter_time_s": 3.8133342266082764,
  "init_seed": 200,
  "train_seed": 203,
  "best_reward_so_far": -Infinity
}