{
  "sharpness": 1.1842548302436051,
  "gradient_smoothness": 0.012710888747475774,
  "loss_mean": 0.0,
  "loss_std": 0.0,
  "loss_trend": 1.0177445027484346e-11,
  "parameter_norm": 29.469102558132047,
  "lambda_max_10": -6.935424327850342,
  "hessian_trace_10": 155.25562744140626,
  "fim_trace": 386.7637636177242,
  "step_count": 115,
  "timestamp": 1763765296.7031312,
  "episode_reward": 662.5793545566596,
  "num_steps": 3801088,
  "feature_compute_time_s": 4.908799409866333,
  "train_iter_time_s": 10.722109317779541,
  "init_seed": 200,
  "train_seed": 200,
  "best_reward_so_far": 825.5063438058102
}