{
  "sharpness": 1.3338062566441429,
  "gradient_smoothness": 0.1151282850397401,
  "loss_mean": 0.0,
  "loss_std": 0.0,
  "loss_trend": -8.002187581664211e-09,
  "parameter_norm": 32.825739908343095,
  "lambda_max_10": -39.16770553588867,
  "hessian_trace_10": 457.3238952636719,
  "fim_trace": 1837.9580532982945,
  "step_count": 2,
  "timestamp": 1765468702.5542283,
  "episode_reward": 117.72383117675781,
  "num_steps": 98304,
  "feature_compute_time_s": 5.697856426239014,
  "train_iter_time_s": 7.670231580734253,
  "init_seed": 200,
  "train_seed": 207,
  "best_reward_so_far": 77.97553323322816
}