{
  "sharpness": 1.8192996750023644,
  "gradient_smoothness": 0.02207691499843508,
  "loss_mean": 0.0,
  "loss_std": 0.0,
  "loss_trend": -6.088746383453007e-11,
  "parameter_norm": 28.854339166378107,
  "lambda_max_10": -43.43761444091797,
  "hessian_trace_10": 314.3612762451172,
  "fim_trace": 3394.467415332794,
  "step_count": 199,
  "timestamp": 1763776882.51622,
  "num_steps": 6553600,
  "feature_compute_time_s": 6.909121990203857,
  "train_iter_time_s": 13.071561813354492,
  "init_seed": 200,
  "train_seed": 204,
  "best_reward_so_far": 1128.709426542779
}