{
  "sharpness": 1.5785048675096207,
  "gradient_smoothness": 0.004350764610139179,
  "loss_mean": 0.0,
  "loss_std": 0.0,
  "loss_trend": 1.9969340220969617e-11,
  "parameter_norm": 27.606011707324715,
  "lambda_max_10": -21.338119506835938,
  "hessian_trace_10": 147.31850357055663,
  "fim_trace": 2055.0944432392716,
  "step_count": 137,
  "timestamp": 1763774210.7421727,
  "num_steps": 4521984,
  "feature_compute_time_s": 4.936923503875732,
  "train_iter_time_s": 10.131495952606201,
  "init_seed": 200,
  "train_seed": 201,
  "best_reward_so_far": 1238.0324117331297
}