{
  "sharpness": 1.3071026185187016,
  "gradient_smoothness": 0.021476039139524398,
  "loss_mean": 0.0,
  "loss_std": 0.0,
  "loss_trend": 5.837450331308336e-11,
  "parameter_norm": 25.462504898176324,
  "lambda_max_10": -7.128574371337891,
  "hessian_trace_10": 53.454855585098265,
  "fim_trace": 455.03820318728685,
  "step_count": 71,
  "timestamp": 1763777406.1240485,
  "num_steps": 2359296,
  "feature_compute_time_s": 6.93906044960022,
  "train_iter_time_s": 13.302679538726807,
  "init_seed": 201,
  "train_seed": 200,
  "best_reward_so_far": 557.3038567220179
}