{
  "sharpness": 1.222787318941409,
  "gradient_smoothness": 0.23081294267647945,
  "loss_mean": 0.0,
  "loss_std": 0.0,
  "loss_trend": 4.3620091759144065e-11,
  "parameter_norm": 32.12742462785813,
  "lambda_max_10": -26.742284774780273,
  "hessian_trace_10": 374.0873168945312,
  "fim_trace": 1751.0623694621027,
  "step_count": 287,
  "timestamp": 1763766989.2401183,
  "episode_reward": 1501.1967641345655,
  "num_steps": 9437184,
  "feature_compute_time_s": 8.114710569381714,
  "train_iter_time_s": 19.86383867263794,
  "init_seed": 200,
  "train_seed": 201,
  "best_reward_so_far": 1754.2972291488036
}