{
  "sharpness": 6.284714096031699,
  "gradient_smoothness": 0.7615941559557649,
  "loss_mean": 0.0,
  "loss_std": 0.0,
  "loss_trend": -1.453256798021421e-10,
  "parameter_norm": 43.79358707978425,
  "lambda_max_10": -73.89900207519531,
  "hessian_trace_10": 359.79776763916016,
  "fim_trace": 7143.303278326988,
  "step_count": 15,
  "timestamp": 1764178297.961046,
  "episode_reward": 2071.56884765625,
  "num_steps": 524288,
  "feature_compute_time_s": 4.871161222457886,
  "train_iter_time_s": 3.1156928539276123,
  "init_seed": 205,
  "train_seed": 200,
  "best_reward_so_far": 1199.3818996078876
}