{
  "sharpness": 1.2901899475025944,
  "gradient_smoothness": 0.022472201403736524,
  "loss_mean": 0.0,
  "loss_std": 0.0,
  "loss_trend": 1.2197623887575625e-11,
  "parameter_norm": 31.060979590276087,
  "lambda_max_10": -33.84492874145508,
  "hessian_trace_10": 451.076611328125,
  "fim_trace": 1212.4018500894308,
  "step_count": 169,
  "timestamp": 1763762619.9216006,
  "episode_reward": 1124.535172722398,
  "num_steps": 5570560,
  "feature_compute_time_s": 6.557328701019287,
  "train_iter_time_s": 16.171188354492188,
  "init_seed": 200,
  "train_seed": 207,
  "best_reward_so_far": 1267.8556841204008
}