{
  "sharpness": 1.671606553924089,
  "gradient_smoothness": 0.09101625434724857,
  "loss_mean": 0.0,
  "loss_std": 0.0,
  "loss_trend": -3.275142334257134e-10,
  "parameter_norm": 29.63140705183777,
  "lambda_max_10": -72.14752197265625,
  "hessian_trace_10": 617.4988403320312,
  "fim_trace": 6521.917743504047,
  "step_count": 5,
  "timestamp": 1764167008.6928062,
  "episode_reward": 1275.85791015625,
  "num_steps": 196608,
  "feature_compute_time_s": 5.36788535118103,
  "train_iter_time_s": 4.48286247253418,
  "init_seed": 200,
  "train_seed": 202,
  "best_reward_so_far": -Infinity
}