{
  "sharpness": 1.9012841875048037,
  "gradient_smoothness": 0.3033988303180694,
  "loss_mean": 0.0,
  "loss_std": 0.0,
  "loss_trend": -1.5137540978203242e-09,
  "parameter_norm": 31.87766859527993,
  "lambda_max_10": -86.7958755493164,
  "hessian_trace_10": 871.9699340820313,
  "fim_trace": 10984.347246438265,
  "step_count": 12,
  "timestamp": 1764177538.6887138,
  "episode_reward": 1251.67431640625,
  "num_steps": 425984,
  "feature_compute_time_s": 7.555412769317627,
  "train_iter_time_s": 4.561909198760986,
  "init_seed": 200,
  "train_seed": 202,
  "best_reward_so_far": -Infinity
}