{
  "sharpness": 1.3303106486386875,
  "gradient_smoothness": 0.035894533360973147,
  "loss_mean": 0.0,
  "loss_std": 0.0,
  "loss_trend": 3.238110190625487e-11,
  "parameter_norm": 31.352951344037372,
  "lambda_max_10": -25.34693145751953,
  "hessian_trace_10": 359.2350708007813,
  "fim_trace": 1757.483741570264,
  "step_count": 176,
  "timestamp": 1763769257.2467914,
  "episode_reward": 988.1183120640746,
  "num_steps": 5799936,
  "feature_compute_time_s": 9.14150333404541,
  "train_iter_time_s": 13.50154709815979,
  "init_seed": 201,
  "train_seed": 200,
  "best_reward_so_far": 1399.3877383843885
}