{
  "sharpness": 1.3161200124626853,
  "gradient_smoothness": 0.01291642681281197,
  "loss_mean": 0.0,
  "loss_std": 0.0,
  "loss_trend": -5.893083418042776e-12,
  "parameter_norm": 31.461295400021108,
  "lambda_max_10": -26.225210189819336,
  "hessian_trace_10": 355.47124938964845,
  "fim_trace": 1544.3954414278269,
  "step_count": 174,
  "timestamp": 1763763060.071129,
  "episode_reward": 1500.1736469936463,
  "num_steps": 5734400,
  "feature_compute_time_s": 4.968320369720459,
  "train_iter_time_s": 17.57788920402527,
  "init_seed": 200,
  "train_seed": 203,
  "best_reward_so_far": 1755.9926325268689
}