{
  "sharpness": 1.8181742623769306,
  "gradient_smoothness": 0.23594150018808027,
  "loss_mean": 0.0,
  "loss_std": 0.0,
  "loss_trend": -1.1369113821036507e-09,
  "parameter_norm": 31.94732079472434,
  "lambda_max_10": -22.428720474243164,
  "hessian_trace_10": 389.45932922363284,
  "fim_trace": 6975.256612479687,
  "step_count": 10,
  "timestamp": 1764177580.411065,
  "episode_reward": 1504.3455810546875,
  "num_steps": 360448,
  "feature_compute_time_s": 10.461027383804321,
  "train_iter_time_s": 3.1264731884002686,
  "init_seed": 200,
  "train_seed": 203,
  "best_reward_so_far": -Infinity
}