{
  "sharpness": 1.3890002189719124,
  "gradient_smoothness": 0.028871093370025004,
  "loss_mean": 0.0,
  "loss_std": 0.0,
  "loss_trend": 1.3634154800517476e-11,
  "parameter_norm": 31.88613557294779,
  "lambda_max_10": -29.165708541870117,
  "hessian_trace_10": 368.13775634765625,
  "fim_trace": 1476.5521143376827,
  "step_count": 224,
  "timestamp": 1763763820.6531827,
  "episode_reward": 1454.0342642965525,
  "num_steps": 7372800,
  "feature_compute_time_s": 5.797860860824585,
  "train_iter_time_s": 13.573076248168945,
  "init_seed": 200,
  "train_seed": 207,
  "best_reward_so_far": 1548.0433036672314
}