{
  "sharpness": 1.3555570282940013,
  "gradient_smoothness": 0.04573085868409845,
  "loss_mean": 0.0,
  "loss_std": 0.0,
  "loss_trend": -3.39631758213337e-11,
  "parameter_norm": 30.77205841546902,
  "lambda_max_10": -20.65860366821289,
  "hessian_trace_10": 223.17845916748047,
  "fim_trace": 723.9791758116335,
  "step_count": 149,
  "timestamp": 1763762470.9664845,
  "episode_reward": 1471.0493240946075,
  "num_steps": 4915200,
  "feature_compute_time_s": 5.985997438430786,
  "train_iter_time_s": 18.20054531097412,
  "init_seed": 200,
  "train_seed": 203,
  "best_reward_so_far": 1752.399877744231
}