{
  "sharpness": 1.2968877420355842,
  "gradient_smoothness": 0.007434727001965484,
  "loss_mean": 0.0,
  "loss_std": 0.0,
  "loss_trend": -2.471754986545677e-11,
  "parameter_norm": 31.583204662513978,
  "lambda_max_10": 8.488493919372559,
  "hessian_trace_10": 277.15745697021487,
  "fim_trace": 1378.2778510302305,
  "step_count": 177,
  "timestamp": 1763763486.6691372,
  "episode_reward": 1249.5422240932298,
  "num_steps": 5832704,
  "feature_compute_time_s": 8.182017087936401,
  "train_iter_time_s": 15.76997423171997,
  "init_seed": 200,
  "train_seed": 204,
  "best_reward_so_far": 1513.5471951679838
}