{
  "sharpness": 0.5449483750668618,
  "gradient_smoothness": 0.0029077998045803325,
  "loss_mean": 0.0,
  "loss_std": 0.0,
  "loss_trend": -2.065258541607751e-10,
  "parameter_norm": 23.661552413838525,
  "lambda_max_10": 2.5969223976135254,
  "hessian_trace_10": 16.112228775024413,
  "fim_trace": 75.70899223349988,
  "step_count": 27,
  "timestamp": 1763759576.0486195,
  "episode_reward": 402.4379675814482,
  "num_steps": 917504,
  "feature_compute_time_s": 4.410919666290283,
  "train_iter_time_s": 15.796688079833984,
  "init_seed": 200,
  "train_seed": 203,
  "best_reward_so_far": 402.4379675814482
}