{
  "sharpness": 1.1669582408167918,
  "gradient_smoothness": 0.06134974473298101,
  "loss_mean": 0.0,
  "loss_std": 0.0,
  "loss_trend": -1.0027056457486002e-10,
  "parameter_norm": 34.36091507683718,
  "lambda_max_10": -27.430932998657227,
  "hessian_trace_10": 422.10314025878904,
  "fim_trace": 2092.3893827684224,
  "step_count": 41,
  "timestamp": 1765442307.5344038,
  "episode_reward": 1267.8428955078125,
  "num_steps": 1376256,
  "feature_compute_time_s": 5.5253167152404785,
  "train_iter_time_s": 3.907855272293091,
  "init_seed": 200,
  "train_seed": 204,
  "best_reward_so_far": 748.4537788119768
}