{
  "sharpness": 1.5218364662800363,
  "gradient_smoothness": 0.04664133603580565,
  "loss_mean": 0.0,
  "loss_std": 0.0,
  "loss_trend": -4.387121284248322e-11,
  "parameter_norm": 27.25900811867277,
  "lambda_max_10": -13.14726448059082,
  "hessian_trace_10": 172.70004806518554,
  "fim_trace": 425.5261012651026,
  "step_count": 72,
  "timestamp": 1763767727.2315447,
  "episode_reward": 847.8645785659236,
  "num_steps": 2392064,
  "feature_compute_time_s": 6.484879970550537,
  "train_iter_time_s": 14.540977239608765,
  "init_seed": 203,
  "train_seed": 200,
  "best_reward_so_far": 847.8645785659236
}