{
  "sharpness": 1.9033046528438513,
  "gradient_smoothness": 0.0,
  "loss_mean": 0.0,
  "loss_std": 0.0,
  "loss_trend": 0.0,
  "parameter_norm": 31.608100951733416,
  "lambda_max_10": -48.56290817260742,
  "hessian_trace_10": 531.3038024902344,
  "fim_trace": 8597.311704188585,
  "step_count": 1,
  "timestamp": 1764177376.2354984,
  "episode_reward": 1044.3060302734375,
  "num_steps": 65536,
  "feature_compute_time_s": 5.864704370498657,
  "train_iter_time_s": 4.339541435241699,
  "init_seed": 200,
  "train_seed": 204,
  "best_reward_so_far": -Infinity
}