{
  "sharpness": 1.2797506939128132,
  "gradient_smoothness": 0.03727015992992229,
  "loss_mean": 0.0,
  "loss_std": 0.0,
  "loss_trend": 2.718520946990625e-12,
  "parameter_norm": 27.60375102137858,
  "lambda_max_10": -7.835792541503906,
  "hessian_trace_10": 89.79412612915038,
  "fim_trace": 249.89914413169026,
  "step_count": 77,
  "timestamp": 1763760055.833355,
  "episode_reward": 652.3820720701221,
  "num_steps": 2555904,
  "feature_compute_time_s": 4.836089849472046,
  "train_iter_time_s": 9.577998638153076,
  "init_seed": 200,
  "train_seed": 206,
  "best_reward_so_far": 759.9048924750981
}