{
  "sharpness": 1.538465258259456,
  "gradient_smoothness": 0.006956907682648585,
  "loss_mean": 0.0,
  "loss_std": 0.0,
  "loss_trend": 3.929837829541853e-11,
  "parameter_norm": 29.367706867255382,
  "lambda_max_10": -14.217657089233398,
  "hessian_trace_10": 278.4236373901367,
  "fim_trace": 632.6182088926435,
  "step_count": 107,
  "timestamp": 1763761596.0706005,
  "episode_reward": 1053.4262470718782,
  "num_steps": 3538944,
  "feature_compute_time_s": 9.531757116317749,
  "train_iter_time_s": 18.146894931793213,
  "init_seed": 200,
  "train_seed": 205,
  "best_reward_so_far": 1089.4988569723243
}