{
  "sharpness": 2.942871850247186,
  "gradient_smoothness": 0.27108395612210906,
  "loss_mean": 0.0,
  "loss_std": 0.0,
  "loss_trend": 4.413351189901613e-10,
  "parameter_norm": 43.798287053627114,
  "lambda_max_10": -153.0032501220703,
  "hessian_trace_10": 1331.548314666748,
  "fim_trace": 23385.032978773117,
  "step_count": 11,
  "timestamp": 1764177773.358324,
  "episode_reward": 452.5123291015625,
  "num_steps": 393216,
  "feature_compute_time_s": 5.154358625411987,
  "train_iter_time_s": 2.8362691402435303,
  "init_seed": 200,
  "train_seed": 201,
  "best_reward_so_far": -Infinity
}