{
  "sharpness": 1.3062923208796982,
  "gradient_smoothness": 0.0024815188927945885,
  "loss_mean": 0.0,
  "loss_std": 0.0,
  "loss_trend": 9.518373442085796e-12,
  "parameter_norm": 31.859685340722677,
  "lambda_max_10": -31.168476104736328,
  "hessian_trace_10": 387.00374603271484,
  "fim_trace": 1760.1221526451409,
  "step_count": 195,
  "timestamp": 1763763536.4530334,
  "episode_reward": 1851.8846668228794,
  "num_steps": 6422528,
  "feature_compute_time_s": 6.648107290267944,
  "train_iter_time_s": 15.988971710205078,
  "init_seed": 200,
  "train_seed": 203,
  "best_reward_so_far": 1851.8846668228794
}