{
  "sharpness": 1.0653574704144964,
  "gradient_smoothness": 0.11253298460519912,
  "loss_mean": 0.0,
  "loss_std": 0.0,
  "loss_trend": 1.2141980592206525e-10,
  "parameter_norm": 23.90015907124066,
  "lambda_max_10": 3.5861661434173584,
  "hessian_trace_10": 14.180586624145509,
  "fim_trace": 196.97606010735035,
  "step_count": 49,
  "timestamp": 1763768810.2443924,
  "num_steps": 1638400,
  "feature_compute_time_s": 4.428402662277222,
  "train_iter_time_s": 7.769875526428223,
  "init_seed": 200,
  "train_seed": 200,
  "best_reward_so_far": 280.84089715106006
}