{
  "sharpness": 1.0925199333124378,
  "gradient_smoothness": 0.011410978149995697,
  "loss_mean": 0.0,
  "loss_std": 0.0,
  "loss_trend": 1.6217579706725365e-11,
  "parameter_norm": 25.20139819597256,
  "lambda_max_10": 8.718816757202148,
  "hessian_trace_10": 53.76382217407227,
  "fim_trace": 412.2151410728693,
  "step_count": 71,
  "timestamp": 1763779744.1251233,
  "num_steps": 2359296,
  "feature_compute_time_s": 6.530060291290283,
  "train_iter_time_s": 13.308061361312866,
  "init_seed": 203,
  "train_seed": 200,
  "best_reward_so_far": 776.6701632648294
}