{
  "sharpness": 0.6241462061530495,
  "gradient_smoothness": 0.29424097635987867,
  "loss_mean": 0.0,
  "loss_std": 0.0,
  "loss_trend": 4.3142883291445383e-10,
  "parameter_norm": 20.878147525715946,
  "lambda_max_10": -1.586040735244751,
  "hessian_trace_10": -7.697169542312622,
  "fim_trace": 40.96515278890729,
  "step_count": 15,
  "timestamp": 1763776232.8822224,
  "episode_reward": -268.61471429214737,
  "num_steps": 524288,
  "feature_compute_time_s": 7.804588794708252,
  "train_iter_time_s": 14.408266544342041,
  "init_seed": 201,
  "train_seed": 200,
  "best_reward_so_far": -268.61471429214737
}