{
  "sharpness": 1.4448648629047376,
  "gradient_smoothness": 0.027912637826925758,
  "loss_mean": 0.0,
  "loss_std": 0.0,
  "loss_trend": 2.693896748226092e-11,
  "parameter_norm": 30.305163946076835,
  "lambda_max_10": -19.613555908203125,
  "hessian_trace_10": 332.9512222290039,
  "fim_trace": 880.0574619285762,
  "step_count": 130,
  "timestamp": 1763762203.199976,
  "episode_reward": 1187.2160371938446,
  "num_steps": 4292608,
  "feature_compute_time_s": 7.567090034484863,
  "train_iter_time_s": 17.79841923713684,
  "init_seed": 200,
  "train_seed": 205,
  "best_reward_so_far": 1235.63615712506
}