{
  "sharpness": 2.136067379224564,
  "gradient_smoothness": 0.0681737614343678,
  "loss_mean": 0.0,
  "loss_std": 0.0,
  "loss_trend": -7.64548484572525e-12,
  "parameter_norm": 28.085103210422584,
  "lambda_max_10": 10.184136390686035,
  "hessian_trace_10": -37.529812049865725,
  "fim_trace": 847.4948572218418,
  "step_count": 168,
  "timestamp": 1763781802.1598246,
  "num_steps": 5537792,
  "feature_compute_time_s": 5.41010308265686,
  "train_iter_time_s": 10.806173324584961,
  "init_seed": 204,
  "train_seed": 200,
  "best_reward_so_far": 1341.6283196094407
}