{
  "sharpness": 0.7071978421674273,
  "gradient_smoothness": 0.03493045375372476,
  "loss_mean": 0.0,
  "loss_std": 0.0,
  "loss_trend": 1.0015461772159515e-10,
  "parameter_norm": 24.575408396962175,
  "lambda_max_10": 2.9105916023254395,
  "hessian_trace_10": 39.639071464538574,
  "fim_trace": 85.37805718742311,
  "step_count": 36,
  "timestamp": 1763759650.125679,
  "episode_reward": 433.1781822242702,
  "num_steps": 1212416,
  "feature_compute_time_s": 5.040067672729492,
  "train_iter_time_s": 14.489372491836548,
  "init_seed": 200,
  "train_seed": 200,
  "best_reward_so_far": 466.8221116581489
}