{
  "sharpness": 1.6731077103789527,
  "gradient_smoothness": 0.09295833135041884,
  "loss_mean": 0.0,
  "loss_std": 0.0,
  "loss_trend": 3.2669858903752325e-11,
  "parameter_norm": 26.553834738709213,
  "lambda_max_10": -1.2185770273208618,
  "hessian_trace_10": 108.51466445922851,
  "fim_trace": 705.4235657304525,
  "step_count": 106,
  "timestamp": 1763780400.5554538,
  "num_steps": 3506176,
  "feature_compute_time_s": 5.95242714881897,
  "train_iter_time_s": 11.209806442260742,
  "init_seed": 203,
  "train_seed": 200,
  "best_reward_so_far": 1072.63937614953
}