{
  "sharpness": 1.5911073408881307,
  "gradient_smoothness": 0.019470528350601375,
  "loss_mean": 0.0,
  "loss_std": 0.0,
  "loss_trend": -1.8056381012169063e-11,
  "parameter_norm": 28.04278828969179,
  "lambda_max_10": -34.239559173583984,
  "hessian_trace_10": 245.78294105529784,
  "fim_trace": 2997.6584670469165,
  "step_count": 134,
  "timestamp": 1763773726.1972868,
  "num_steps": 4423680,
  "feature_compute_time_s": 4.389673233032227,
  "train_iter_time_s": 8.410949468612671,
  "init_seed": 200,
  "train_seed": 202,
  "best_reward_so_far": 1002.6145604640119
}