{
  "sharpness": 1.4054012229200954,
  "gradient_smoothness": 0.0,
  "parameter_norm": 32.79601249096507,
  "lambda_max_10": -55.64204406738281,
  "hessian_trace_10": 651.6473541259766,
  "fim_trace": 3451.4837816804647,
  "step_count": 0,
  "timestamp": 1765442429.7992141,
  "episode_reward": 110.3020248413086,
  "num_steps": 32768,
  "feature_compute_time_s": 5.51209568977356,
  "train_iter_time_s": 3.8523449897766113,
  "init_seed": 202,
  "train_seed": 200,
  "best_reward_so_far": -12.212158699756257
}