{
  "sharpness": 0.7202981803556772,
  "gradient_smoothness": 0.07585390315670948,
  "loss_mean": 0.0,
  "loss_std": 0.0,
  "loss_trend": -1.1938159626241346e-10,
  "parameter_norm": 24.36943416534237,
  "lambda_max_10": 4.327470302581787,
  "hessian_trace_10": 43.53112258911133,
  "fim_trace": 174.3420582152903,
  "step_count": 52,
  "timestamp": 1763776544.354002,
  "num_steps": 1736704,
  "feature_compute_time_s": 4.366788387298584,
  "train_iter_time_s": 7.530123472213745,
  "init_seed": 200,
  "train_seed": 200,
  "best_reward_so_far": 323.76531977675165
}