{
  "sharpness": 1.2069602709683993,
  "gradient_smoothness": 0.054338556713438166,
  "loss_mean": 0.0,
  "loss_std": 0.0,
  "loss_trend": -1.9889116108161707e-09,
  "parameter_norm": 33.16100134288799,
  "lambda_max_10": -17.96817398071289,
  "hessian_trace_10": 287.2640579223633,
  "fim_trace": 1569.7861100584269,
  "step_count": 13,
  "timestamp": 1765441469.6162314,
  "episode_reward": 870.3652954101562,
  "num_steps": 458752,
  "feature_compute_time_s": 6.209308624267578,
  "train_iter_time_s": 5.075498104095459,
  "init_seed": 200,
  "train_seed": 201,
  "best_reward_so_far": 203.7502173500387
}