{
  "sharpness": 1.3646021940193398,
  "gradient_smoothness": 0.09097264409573946,
  "loss_mean": 0.0,
  "loss_std": 0.0,
  "loss_trend": -4.288405805097298e-09,
  "parameter_norm": 101.81600382990364,
  "lambda_max_10": -6.003345489501953,
  "hessian_trace_10": 32.92478399276733,
  "fim_trace": 2345.7965345084667,
  "step_count": 5,
  "timestamp": 1764177831.9425106,
  "episode_reward": -590.527099609375,
  "num_steps": 196608,
  "feature_compute_time_s": 5.375058650970459,
  "train_iter_time_s": 3.717078685760498,
  "init_seed": 200,
  "train_seed": 205,
  "best_reward_so_far": -Infinity
}