{
  "sharpness": 1.2159113376147903,
  "gradient_smoothness": 0.009265727994110445,
  "loss_mean": 0.0,
  "loss_std": 0.0,
  "loss_trend": 2.4605235350184626e-11,
  "parameter_norm": 31.88033804125275,
  "lambda_max_10": -31.378063201904297,
  "hessian_trace_10": 363.5975646972656,
  "fim_trace": 1654.111044248566,
  "step_count": 223,
  "timestamp": 1763765151.802323,
  "episode_reward": 1461.0979880319126,
  "num_steps": 7340032,
  "feature_compute_time_s": 9.069793224334717,
  "train_iter_time_s": 18.78941321372986,
  "init_seed": 200,
  "train_seed": 201,
  "best_reward_so_far": 1581.1597646115545
}