{
  "sharpness": 1.5344178805461899,
  "gradient_smoothness": 0.04068128586013415,
  "loss_mean": 0.0,
  "loss_std": 0.0,
  "loss_trend": 5.5910891700977946e-11,
  "parameter_norm": 26.622252234401312,
  "lambda_max_10": -6.271779537200928,
  "hessian_trace_10": 97.53335762023926,
  "fim_trace": 247.29752537980676,
  "step_count": 65,
  "timestamp": 1763760666.2763073,
  "episode_reward": 926.9817705009978,
  "num_steps": 2162688,
  "feature_compute_time_s": 9.149386644363403,
  "train_iter_time_s": 20.11311960220337,
  "init_seed": 200,
  "train_seed": 201,
  "best_reward_so_far": 943.1509381580047
}