{
  "sharpness": 1.4513188689391143,
  "gradient_smoothness": 0.06898751073496139,
  "loss_mean": 0.0,
  "loss_std": 0.0,
  "loss_trend": -4.043234327200192e-12,
  "parameter_norm": 34.30361166168847,
  "lambda_max_10": -29.265422821044922,
  "hessian_trace_10": 458.50412902832034,
  "fim_trace": 2411.8492381945252,
  "step_count": 41,
  "timestamp": 1765441634.4265466,
  "episode_reward": -6.146029949188232,
  "num_steps": 1376256,
  "feature_compute_time_s": 5.578495979309082,
  "train_iter_time_s": 3.6215808391571045,
  "init_seed": 202,
  "train_seed": 200,
  "best_reward_so_far": 722.6166826183535
}