{
  "sharpness": 1.2163649024364418,
  "gradient_smoothness": 0.006258445507639036,
  "loss_mean": 0.0,
  "loss_std": 0.0,
  "loss_trend": -1.0688960582297973e-11,
  "parameter_norm": 31.09556194102972,
  "lambda_max_10": -23.605785369873047,
  "hessian_trace_10": 338.0986724853516,
  "fim_trace": 1246.3264733031392,
  "step_count": 172,
  "timestamp": 1763763669.6744847,
  "episode_reward": 1252.7914439638437,
  "num_steps": 5668864,
  "feature_compute_time_s": 9.48634123802185,
  "train_iter_time_s": 19.689974784851074,
  "init_seed": 200,
  "train_seed": 201,
  "best_reward_so_far": 1320.3123804879615
}