{
  "sharpness": 1.2615929426147334,
  "gradient_smoothness": 0.02952560656501176,
  "loss_mean": 0.0,
  "loss_std": 0.0,
  "loss_trend": -3.6455004487295505e-11,
  "parameter_norm": 32.408136235179576,
  "lambda_max_10": -29.54338836669922,
  "hessian_trace_10": 301.1637420654297,
  "fim_trace": 1649.6130596660078,
  "step_count": 241,
  "timestamp": 1763764551.7031991,
  "episode_reward": 1957.706418718229,
  "num_steps": 7929856,
  "feature_compute_time_s": 6.817660570144653,
  "train_iter_time_s": 14.305336952209473,
  "init_seed": 200,
  "train_seed": 203,
  "best_reward_so_far": 2246.502645363276
}