{
  "sharpness": 2.023120410476707,
  "gradient_smoothness": 0.06008140842749641,
  "loss_mean": 0.0,
  "loss_std": 0.0,
  "loss_trend": -3.329585431655284e-11,
  "parameter_norm": 28.996992562899578,
  "lambda_max_10": -37.499664306640625,
  "hessian_trace_10": 357.724422454834,
  "fim_trace": 3473.3467554450035,
  "step_count": 286,
  "timestamp": 1763783779.8897324,
  "num_steps": 9404416,
  "feature_compute_time_s": 8.559823036193848,
  "train_iter_time_s": 11.115555047988892,
  "init_seed": 203,
  "train_seed": 200,
  "best_reward_so_far": 1429.3840557746269
}