{
  "sharpness": 1.356557397587536,
  "gradient_smoothness": 0.05809813235766075,
  "loss_mean": 0.0,
  "loss_std": 0.0,
  "loss_trend": 6.469484434940803e-12,
  "parameter_norm": 32.09697820248004,
  "lambda_max_10": -34.55705261230469,
  "hessian_trace_10": 427.3966033935547,
  "fim_trace": 1810.2835523039103,
  "step_count": 279,
  "timestamp": 1763765040.5092719,
  "episode_reward": 1612.1888452986846,
  "num_steps": 9175040,
  "feature_compute_time_s": 6.4921324253082275,
  "train_iter_time_s": 16.24061894416809,
  "init_seed": 200,
  "train_seed": 207,
  "best_reward_so_far": 1612.1888452986846
}