{
  "sharpness": 1.611713366777023,
  "gradient_smoothness": 0.04649038924963827,
  "loss_mean": 0.0,
  "loss_std": 0.0,
  "loss_trend": 3.259530473222402e-11,
  "parameter_norm": 27.963023047440682,
  "lambda_max_10": -9.671632766723633,
  "hessian_trace_10": 144.96735305786132,
  "fim_trace": 416.57230032607913,
  "step_count": 80,
  "timestamp": 1763760557.9952116,
  "episode_reward": 1027.3853036493836,
  "num_steps": 2654208,
  "feature_compute_time_s": 5.580626010894775,
  "train_iter_time_s": 12.220092058181763,
  "init_seed": 200,
  "train_seed": 200,
  "best_reward_so_far": 1027.3853036493836
}