{
  "sharpness": 1.8235917494968343,
  "gradient_smoothness": 0.45366279352088734,
  "loss_mean": 0.0,
  "loss_std": 0.0,
  "loss_trend": -9.568685156102963e-10,
  "parameter_norm": 33.15942133448353,
  "lambda_max_10": -31.194154739379883,
  "hessian_trace_10": 405.4241668701172,
  "fim_trace": 3942.771124303341,
  "step_count": 13,
  "timestamp": 1766080551.813652,
  "episode_reward": 867.4746704101562,
  "num_steps": 458752,
  "feature_compute_time_s": 6.593861818313599,
  "train_iter_time_s": 3.3889496326446533,
  "init_seed": 200,
  "train_seed": 206,
  "best_reward_so_far": -Infinity
}