{
  "sharpness": 0.7222333101861246,
  "gradient_smoothness": 0.044478199032173066,
  "loss_mean": 0.0,
  "loss_std": 0.0,
  "loss_trend": 2.2184940017606067e-11,
  "parameter_norm": 24.874674633102337,
  "lambda_max_10": 2.7231574058532715,
  "hessian_trace_10": 49.79615325927735,
  "fim_trace": 104.7993090171367,
  "step_count": 41,
  "timestamp": 1763759906.065251,
  "episode_reward": 579.9306886210047,
  "num_steps": 1376256,
  "feature_compute_time_s": 8.275827407836914,
  "train_iter_time_s": 17.322491884231567,
  "init_seed": 200,
  "train_seed": 202,
  "best_reward_so_far": 579.9306886210047
}