{
  "sharpness": 5.682990368545904,
  "gradient_smoothness": 0.0,
  "parameter_norm": 102.24286498909132,
  "lambda_max_10": 33.67449951171875,
  "hessian_trace_10": -41.55254211425781,
  "fim_trace": 7097.809243284166,
  "step_count": 0,
  "timestamp": 1765469271.3634086,
  "episode_reward": -17.723773956298828,
  "num_steps": 32768,
  "feature_compute_time_s": 8.015053033828735,
  "train_iter_time_s": 5.462069749832153,
  "init_seed": 200,
  "train_seed": 207,
  "best_reward_so_far": -7.842144104280878
}