{
  "sharpness": 0.34016961552441194,
  "gradient_smoothness": 0.039051171700266674,
  "loss_mean": 0.0,
  "loss_std": 0.0,
  "loss_trend": -1.3494912532941277e-09,
  "parameter_norm": 20.21565281454411,
  "lambda_max_10": -0.8503165245056152,
  "hessian_trace_10": -7.329737293720245,
  "fim_trace": 33.20002568513155,
  "step_count": 9,
  "timestamp": 1763768309.4839225,
  "num_steps": 327680,
  "feature_compute_time_s": 4.60992693901062,
  "train_iter_time_s": 7.299980401992798,
  "init_seed": 200,
  "train_seed": 200,
  "best_reward_so_far": -Infinity
}