{
  "sharpness": 1.5644596596617595,
  "gradient_smoothness": 0.020329443436086832,
  "loss_mean": 0.0,
  "loss_std": 0.0,
  "loss_trend": -2.881514134641979e-12,
  "parameter_norm": 31.28557341654925,
  "lambda_max_10": -37.01819610595703,
  "hessian_trace_10": 328.57784271240234,
  "fim_trace": 1705.071871995926,
  "step_count": 170,
  "timestamp": 1763769994.667553,
  "episode_reward": 1317.2347927319588,
  "num_steps": 5603328,
  "feature_compute_time_s": 7.322993755340576,
  "train_iter_time_s": 18.003480195999146,
  "init_seed": 203,
  "train_seed": 200,
  "best_reward_so_far": 1449.9691037397827
}