{
  "sharpness": 1.132908788209353,
  "gradient_smoothness": 0.01256803808593263,
  "loss_mean": 0.0,
  "loss_std": 0.0,
  "loss_trend": 3.6785838127400174e-10,
  "parameter_norm": 33.52770452511982,
  "lambda_max_10": -9.725042343139648,
  "hessian_trace_10": 253.87238159179688,
  "fim_trace": 929.663386233151,
  "step_count": 20,
  "timestamp": 1765441363.8940294,
  "episode_reward": 496.0533752441406,
  "num_steps": 688128,
  "feature_compute_time_s": 7.409664869308472,
  "train_iter_time_s": 3.873720169067383,
  "init_seed": 200,
  "train_seed": 200,
  "best_reward_so_far": 540.2788790414912
}