{
  "sharpness": 1.3244871063448127,
  "gradient_smoothness": 0.0,
  "loss_mean": 0.0,
  "loss_std": 0.0,
  "loss_trend": 0.0,
  "parameter_norm": 34.314572869724394,
  "lambda_max_10": -45.74258804321289,
  "hessian_trace_10": 458.85730438232423,
  "fim_trace": 4078.784233033657,
  "step_count": 1,
  "timestamp": 1765468972.1622345,
  "episode_reward": 117.76580810546875,
  "num_steps": 65536,
  "feature_compute_time_s": 8.098511695861816,
  "train_iter_time_s": 4.190605163574219,
  "init_seed": 200,
  "train_seed": 201,
  "best_reward_so_far": 7.391510713194865
}