{
  "sharpness": 1.0183814060855347,
  "gradient_smoothness": 0.025785602510397108,
  "loss_mean": 0.0,
  "loss_std": 0.0,
  "loss_trend": -1.9043222084681076e-11,
  "parameter_norm": 26.19782074399735,
  "lambda_max_10": -3.3363895416259766,
  "hessian_trace_10": 47.3547562122345,
  "fim_trace": 147.0588749498129,
  "step_count": 58,
  "timestamp": 1763760473.1102395,
  "episode_reward": 802.2481231694184,
  "num_steps": 1933312,
  "feature_compute_time_s": 7.190813779830933,
  "train_iter_time_s": 19.1256685256958,
  "init_seed": 200,
  "train_seed": 201,
  "best_reward_so_far": 884.0875498218861
}