{
  "sharpness": 3.757772923117757,
  "gradient_smoothness": 0.0,
  "parameter_norm": 32.971803614288206,
  "lambda_max_10": -24.404361724853516,
  "hessian_trace_10": 306.95416870117185,
  "fim_trace": 2074.4193736314774,
  "step_count": 0,
  "timestamp": 1766082759.524487,
  "episode_reward": 1194.777587890625,
  "num_steps": 32768,
  "feature_compute_time_s": 5.311874628067017,
  "train_iter_time_s": 4.764236211776733,
  "init_seed": 201,
  "train_seed": 200,
  "best_reward_so_far": -Infinity
}