{
  "sharpness": 1.6916270069685484,
  "gradient_smoothness": 0.01606340096463789,
  "loss_mean": 0.0,
  "loss_std": 0.0,
  "loss_trend": 1.1980428824562166e-09,
  "parameter_norm": 29.781274276610333,
  "lambda_max_10": -73.47514343261719,
  "hessian_trace_10": 841.1862365722657,
  "fim_trace": 6826.087230920792,
  "step_count": 4,
  "timestamp": 1764176985.533477,
  "episode_reward": 1198.179443359375,
  "num_steps": 163840,
  "feature_compute_time_s": 5.458492755889893,
  "train_iter_time_s": 3.76261305809021,
  "init_seed": 200,
  "train_seed": 202,
  "best_reward_so_far": -Infinity
}