{
  "sharpness": 2.6990488931688676,
  "gradient_smoothness": 0.44448613628056277,
  "loss_mean": 0.0,
  "loss_std": 0.0,
  "loss_trend": -6.468636132768885e-10,
  "parameter_norm": 29.517839153783612,
  "lambda_max_10": -23.91905975341797,
  "hessian_trace_10": 220.30902481079102,
  "fim_trace": 1177.427524138242,
  "step_count": 13,
  "timestamp": 1764168524.007402,
  "episode_reward": 1477.9564208984375,
  "num_steps": 458752,
  "feature_compute_time_s": 5.098376035690308,
  "train_iter_time_s": 2.6653430461883545,
  "init_seed": 206,
  "train_seed": 200,
  "best_reward_so_far": -Infinity
}