{
  "sharpness": 1.7145917883206188,
  "gradient_smoothness": 0.0,
  "loss_mean": 0.0,
  "loss_std": 0.0,
  "loss_trend": 0.0,
  "parameter_norm": 29.393672689795274,
  "lambda_max_10": 16.888256072998047,
  "hessian_trace_10": 322.07337646484376,
  "fim_trace": 2816.528020232916,
  "step_count": 1,
  "timestamp": 1764167783.3747551,
  "episode_reward": 3068.659423828125,
  "num_steps": 65536,
  "feature_compute_time_s": 5.17544412612915,
  "train_iter_time_s": 3.0728189945220947,
  "init_seed": 200,
  "train_seed": 207,
  "best_reward_so_far": -Infinity
}