{
  "sharpness": 1.6342149533720258,
  "gradient_smoothness": 0.06715626061990607,
  "loss_mean": 0.0,
  "loss_std": 0.0,
  "loss_trend": -1.718251523796466e-11,
  "parameter_norm": 28.37615901930032,
  "lambda_max_10": -34.26187515258789,
  "hessian_trace_10": 259.1534019470215,
  "fim_trace": 2346.2677462995052,
  "step_count": 150,
  "timestamp": 1763773928.9007618,
  "num_steps": 4947968,
  "feature_compute_time_s": 4.417195558547974,
  "train_iter_time_s": 8.401072025299072,
  "init_seed": 200,
  "train_seed": 202,
  "best_reward_so_far": 1028.4548306048155
}