{
  "sharpness": 1.1833998585830519,
  "gradient_smoothness": 0.04830306815094176,
  "loss_mean": 0.0,
  "loss_std": 0.0,
  "loss_trend": 8.400830495349521e-11,
  "parameter_norm": 25.30722055614632,
  "lambda_max_10": 1.4517335891723633,
  "hessian_trace_10": 28.45338377952576,
  "fim_trace": 118.97756474465132,
  "step_count": 46,
  "timestamp": 1763760150.273546,
  "episode_reward": 699.8647061893449,
  "num_steps": 1540096,
  "feature_compute_time_s": 9.169087886810303,
  "train_iter_time_s": 16.96505093574524,
  "init_seed": 200,
  "train_seed": 201,
  "best_reward_so_far": 699.8647061893449
}