{
  "sharpness": 1.2894478694863554,
  "gradient_smoothness": 0.07104826224837892,
  "loss_mean": 0.0,
  "loss_std": 0.0,
  "loss_trend": -2.174760300015143e-11,
  "parameter_norm": 32.18939723042931,
  "lambda_max_10": -23.339712142944336,
  "hessian_trace_10": 431.1787353515625,
  "fim_trace": 1704.260551419109,
  "step_count": 271,
  "timestamp": 1763774943.1447284,
  "episode_reward": 1631.4711308093938,
  "num_steps": 8912896,
  "feature_compute_time_s": 7.944883108139038,
  "train_iter_time_s": 19.47035574913025,
  "init_seed": 207,
  "train_seed": 200,
  "best_reward_so_far": 1993.0098351881027
}