{
  "sharpness": 1.9017008235162673,
  "gradient_smoothness": 0.1613428668893203,
  "loss_mean": 0.0,
  "loss_std": 0.0,
  "loss_trend": -7.2992323106112674e-09,
  "parameter_norm": 29.217933694647513,
  "lambda_max_10": -8.790823936462402,
  "hessian_trace_10": 102.35422210693359,
  "fim_trace": 5107.606189578772,
  "step_count": 3,
  "timestamp": 1764167012.0746949,
  "episode_reward": 1399.5784912109375,
  "num_steps": 131072,
  "feature_compute_time_s": 5.126324653625488,
  "train_iter_time_s": 4.077740430831909,
  "init_seed": 200,
  "train_seed": 201,
  "best_reward_so_far": -Infinity
}