{
  "sharpness": 1.2638808548121367,
  "gradient_smoothness": 0.1944268547602317,
  "loss_mean": 0.0,
  "loss_std": 0.0,
  "loss_trend": -2.936255749475606e-09,
  "parameter_norm": 33.331909348367994,
  "lambda_max_10": -26.41640281677246,
  "hessian_trace_10": 348.68793029785155,
  "fim_trace": 1980.8922620229423,
  "step_count": 7,
  "timestamp": 1765468839.5992236,
  "episode_reward": -22.107627868652344,
  "num_steps": 262144,
  "feature_compute_time_s": 7.335096836090088,
  "train_iter_time_s": 7.2705769538879395,
  "init_seed": 200,
  "train_seed": 203,
  "best_reward_so_far": 131.6812948733657
}