{
  "sharpness": 1.4979706795895391,
  "gradient_smoothness": 0.02347902639918728,
  "loss_mean": 0.0,
  "loss_std": 0.0,
  "loss_trend": 4.08892611264133e-11,
  "parameter_norm": 27.0588995714337,
  "lambda_max_10": -17.24480438232422,
  "hessian_trace_10": 117.88850364685058,
  "fim_trace": 1096.3241748511791,
  "step_count": 99,
  "timestamp": 1763776789.6239133,
  "num_steps": 3276800,
  "feature_compute_time_s": 6.1409010887146,
  "train_iter_time_s": 11.967143297195435,
  "init_seed": 200,
  "train_seed": 206,
  "best_reward_so_far": 930.8724800089183
}