{
  "sharpness": 1.46895059603414,
  "gradient_smoothness": 0.04384533111801596,
  "loss_mean": 0.0,
  "loss_std": 0.0,
  "loss_trend": -8.855867218266041e-12,
  "parameter_norm": 27.818691958437352,
  "lambda_max_10": -10.832731246948242,
  "hessian_trace_10": 191.11871032714845,
  "fim_trace": 555.573325805366,
  "step_count": 85,
  "timestamp": 1763769824.3020794,
  "episode_reward": 817.5796593984106,
  "num_steps": 2818048,
  "feature_compute_time_s": 8.062143564224243,
  "train_iter_time_s": 18.0252366065979,
  "init_seed": 207,
  "train_seed": 200,
  "best_reward_so_far": 929.3437669618957
}