{
  "sharpness": 1.8243735858514016,
  "gradient_smoothness": 0.08877285662360905,
  "loss_mean": 0.0,
  "loss_std": 0.0,
  "loss_trend": -1.6198448753453298e-10,
  "parameter_norm": 33.96279780940328,
  "lambda_max_10": -19.502073287963867,
  "hessian_trace_10": 346.460920715332,
  "fim_trace": 3396.751202678308,
  "step_count": 39,
  "timestamp": 1765441008.5224822,
  "episode_reward": -29.77445411682129,
  "num_steps": 1310720,
  "feature_compute_time_s": 5.460315942764282,
  "train_iter_time_s": 3.8254730701446533,
  "init_seed": 200,
  "train_seed": 203,
  "best_reward_so_far": 846.9887022368889
}