{
  "sharpness": 1.1524309531893409,
  "gradient_smoothness": 0.004053790244749266,
  "loss_mean": 0.0,
  "loss_std": 0.0,
  "loss_trend": 7.82457774664227e-11,
  "parameter_norm": 34.03899400309489,
  "lambda_max_10": -9.066899299621582,
  "hessian_trace_10": 278.678694152832,
  "fim_trace": 1235.8461972624063,
  "step_count": 31,
  "timestamp": 1765441719.6210473,
  "episode_reward": -24.954345703125,
  "num_steps": 1048576,
  "feature_compute_time_s": 5.612869024276733,
  "train_iter_time_s": 3.939941167831421,
  "init_seed": 204,
  "train_seed": 200,
  "best_reward_so_far": 745.7507241078391
}