{
  "sharpness": 1.4299146305636337,
  "gradient_smoothness": 0.10672128852513935,
  "loss_mean": 0.0,
  "loss_std": 0.0,
  "loss_trend": 6.643343176573434e-09,
  "parameter_norm": 102.58985469437899,
  "lambda_max_10": 7.660357475280762,
  "hessian_trace_10": 23.99149684906006,
  "fim_trace": 2617.201125577092,
  "step_count": 3,
  "timestamp": 1765469505.2127578,
  "episode_reward": -0.8773188591003418,
  "num_steps": 131072,
  "feature_compute_time_s": 6.6081860065460205,
  "train_iter_time_s": 6.243877172470093,
  "init_seed": 200,
  "train_seed": 204,
  "best_reward_so_far": 1.7143006324688794
}