{
  "sharpness": 1.3492132751153698,
  "gradient_smoothness": 0.01464017797223021,
  "loss_mean": 0.0,
  "loss_std": 0.0,
  "loss_trend": -6.735131143664117e-10,
  "parameter_norm": 33.667118721214116,
  "lambda_max_10": -26.560035705566406,
  "hessian_trace_10": 614.8550598144532,
  "fim_trace": 4020.132696110755,
  "step_count": 14,
  "timestamp": 1765443645.3936007,
  "episode_reward": -34.11798858642578,
  "num_steps": 491520,
  "feature_compute_time_s": 6.319649696350098,
  "train_iter_time_s": 4.882929086685181,
  "init_seed": 206,
  "train_seed": 200,
  "best_reward_so_far": 207.18749168224963
}