{
  "sharpness": 1.9278809886087789,
  "gradient_smoothness": 0.22061236005588714,
  "loss_mean": 0.0,
  "loss_std": 0.0,
  "loss_trend": -4.05049283445224e-11,
  "parameter_norm": 29.654830849118948,
  "lambda_max_10": -50.5609130859375,
  "hessian_trace_10": 330.9912643432617,
  "fim_trace": 5849.737528055906,
  "step_count": 11,
  "timestamp": 1764159574.8037813,
  "episode_reward": 1507.7327880859375,
  "num_steps": 393216,
  "feature_compute_time_s": 9.739912748336792,
  "train_iter_time_s": 3.7953505516052246,
  "init_seed": 205,
  "train_seed": 200,
  "best_reward_so_far": -Infinity
}