{
  "sharpness": 1.7246109564626155,
  "gradient_smoothness": 0.14102992781712279,
  "loss_mean": 0.0,
  "loss_std": 0.0,
  "loss_trend": -6.178028574053946e-11,
  "parameter_norm": 33.86760324054123,
  "lambda_max_10": -72.40763092041016,
  "hessian_trace_10": 566.9220428466797,
  "fim_trace": 3685.4584926851094,
  "step_count": 50,
  "timestamp": 1765443939.7671487,
  "episode_reward": 96.34502410888672,
  "num_steps": 1671168,
  "feature_compute_time_s": 5.520748615264893,
  "train_iter_time_s": 3.802006721496582,
  "init_seed": 203,
  "train_seed": 200,
  "best_reward_so_far": 706.7589527342104
}