{
  "sharpness": 1.3931455176391527,
  "gradient_smoothness": 0.012232710683249931,
  "loss_mean": 0.0,
  "loss_std": 0.0,
  "loss_trend": -1.0259101437513008e-11,
  "parameter_norm": 29.731926633243884,
  "lambda_max_10": -19.52674674987793,
  "hessian_trace_10": 371.6764434814453,
  "fim_trace": 1252.2546676844358,
  "step_count": 116,
  "timestamp": 1763769942.7826993,
  "episode_reward": 1439.2290761485951,
  "num_steps": 3833856,
  "feature_compute_time_s": 5.436256408691406,
  "train_iter_time_s": 17.56972885131836,
  "init_seed": 206,
  "train_seed": 200,
  "best_reward_so_far": 1475.7301592383749
}