{
  "sharpness": 1.1923193884431982,
  "gradient_smoothness": 0.0025557263045166106,
  "loss_mean": 0.0,
  "loss_std": 0.0,
  "loss_trend": -4.96998878551025e-12,
  "parameter_norm": 32.54708022085212,
  "lambda_max_10": -27.615983963012695,
  "hessian_trace_10": 579.0055908203125,
  "fim_trace": 2135.373922519386,
  "step_count": 269,
  "timestamp": 1763772255.6538234,
  "episode_reward": 2127.1853664138025,
  "num_steps": 8847360,
  "feature_compute_time_s": 6.319364309310913,
  "train_iter_time_s": 14.101054906845093,
  "init_seed": 204,
  "train_seed": 200,
  "best_reward_so_far": 2623.2780433143894
}