{
  "sharpness": 1.8577268397400837,
  "gradient_smoothness": 0.11285190165479592,
  "loss_mean": 0.0,
  "loss_std": 0.0,
  "loss_trend": 1.0660819604553461e-11,
  "parameter_norm": 29.059255680857387,
  "lambda_max_10": -11.395888328552246,
  "hessian_trace_10": 173.21282272338868,
  "fim_trace": 1137.4565950781107,
  "step_count": 292,
  "timestamp": 1763783390.2126222,
  "num_steps": 9601024,
  "feature_compute_time_s": 4.812201976776123,
  "train_iter_time_s": 7.4702043533325195,
  "init_seed": 206,
  "train_seed": 200,
  "best_reward_so_far": 1255.0334196644492
}