{
  "sharpness": 1.3746490456242852,
  "gradient_smoothness": 0.07282566615258561,
  "loss_mean": 0.0,
  "loss_std": 0.0,
  "loss_trend": -1.936254700615664e-11,
  "parameter_norm": 30.257339880270404,
  "lambda_max_10": -17.469751358032227,
  "hessian_trace_10": 291.0976104736328,
  "fim_trace": 835.8134566824883,
  "step_count": 135,
  "timestamp": 1763762140.7627726,
  "episode_reward": 1567.304889419216,
  "num_steps": 4456448,
  "feature_compute_time_s": 5.400769472122192,
  "train_iter_time_s": 16.723699808120728,
  "init_seed": 200,
  "train_seed": 203,
  "best_reward_so_far": 1567.304889419216
}