{
  "sharpness": 1.4609744473541568,
  "gradient_smoothness": 0.011533599531891077,
  "loss_mean": 0.0,
  "loss_std": 0.0,
  "loss_trend": -1.3928407816543296e-11,
  "parameter_norm": 29.99700269676965,
  "lambda_max_10": -19.05835723876953,
  "hessian_trace_10": 265.6355499267578,
  "fim_trace": 793.3197889812291,
  "step_count": 128,
  "timestamp": 1763761982.8511486,
  "episode_reward": 1378.3931922904346,
  "num_steps": 4227072,
  "feature_compute_time_s": 5.709155559539795,
  "train_iter_time_s": 16.843684673309326,
  "init_seed": 200,
  "train_seed": 203,
  "best_reward_so_far": 1536.1159088600784
}