{
  "sharpness": 2.050668229995248,
  "gradient_smoothness": 0.06456107502675777,
  "loss_mean": 0.0,
  "loss_std": 0.0,
  "loss_trend": 8.983426051425683e-09,
  "parameter_norm": 29.061107913922694,
  "lambda_max_10": 7.971049785614014,
  "hessian_trace_10": 239.50709838867186,
  "fim_trace": 3711.6623361706734,
  "step_count": 2,
  "timestamp": 1764167605.1525,
  "episode_reward": 1323.1954345703125,
  "num_steps": 98304,
  "feature_compute_time_s": 8.226657629013062,
  "train_iter_time_s": 3.264336109161377,
  "init_seed": 203,
  "train_seed": 200,
  "best_reward_so_far": -Infinity
}