{
  "sharpness": 1.3405516048860853,
  "gradient_smoothness": 0.00865496349243764,
  "loss_mean": 0.0,
  "loss_std": 0.0,
  "loss_trend": 2.932694156920305e-11,
  "parameter_norm": 30.482808986069,
  "lambda_max_10": -23.5226993560791,
  "hessian_trace_10": 524.1512481689454,
  "fim_trace": 2225.3505841717124,
  "step_count": 133,
  "timestamp": 1763770378.7367182,
  "episode_reward": 1688.1388632948253,
  "num_steps": 4390912,
  "feature_compute_time_s": 6.401766300201416,
  "train_iter_time_s": 19.24045705795288,
  "init_seed": 206,
  "train_seed": 200,
  "best_reward_so_far": 1992.3968285600176
}