{
  "sharpness": 1.4105148554056974,
  "gradient_smoothness": 0.22216898108603192,
  "loss_mean": 0.0,
  "loss_std": 0.0,
  "loss_trend": -3.240290336709273e-11,
  "parameter_norm": 26.705154753976664,
  "lambda_max_10": -8.877081871032715,
  "hessian_trace_10": 115.78694458007813,
  "fim_trace": 1020.7742257863283,
  "step_count": 93,
  "timestamp": 1763773215.8605108,
  "episode_reward": 895.3878747165311,
  "num_steps": 3080192,
  "feature_compute_time_s": 4.388574838638306,
  "train_iter_time_s": 9.148133993148804,
  "init_seed": 200,
  "train_seed": 202,
  "best_reward_so_far": 895.3878747165311
}