{
  "sharpness": 1.734979702819986,
  "gradient_smoothness": 0.30639033615905575,
  "loss_mean": 0.0,
  "loss_std": 0.0,
  "loss_trend": -8.874192885032011e-11,
  "parameter_norm": 34.10233930936677,
  "lambda_max_10": 29.74129867553711,
  "hessian_trace_10": 500.566357421875,
  "fim_trace": 3780.9798398315907,
  "step_count": 57,
  "timestamp": 1765442490.5311282,
  "episode_reward": 513.2535400390625,
  "num_steps": 1900544,
  "feature_compute_time_s": 10.679168462753296,
  "train_iter_time_s": 3.855201244354248,
  "init_seed": 200,
  "train_seed": 207,
  "best_reward_so_far": 707.7285371641436
}