{
  "sharpness": 2.1171184712821853,
  "gradient_smoothness": 0.14704852174118987,
  "loss_mean": 0.0,
  "loss_std": 0.0,
  "loss_trend": -3.589569872496335e-10,
  "parameter_norm": 30.401321420130262,
  "lambda_max_10": -23.420352935791016,
  "hessian_trace_10": 280.9763702392578,
  "fim_trace": 4096.8476041555405,
  "step_count": 8,
  "timestamp": 1764177154.625709,
  "episode_reward": 1320.7935791015625,
  "num_steps": 294912,
  "feature_compute_time_s": 5.579208612442017,
  "train_iter_time_s": 3.225220203399658,
  "init_seed": 200,
  "train_seed": 206,
  "best_reward_so_far": -Infinity
}