{
  "sharpness": 2.090002710311332,
  "gradient_smoothness": 0.2021022552610946,
  "loss_mean": 0.0,
  "loss_std": 0.0,
  "loss_trend": -4.019565397199135e-09,
  "parameter_norm": 29.25021637615769,
  "lambda_max_10": -43.8862190246582,
  "hessian_trace_10": 174.204341506958,
  "fim_trace": 4673.3239369392395,
  "step_count": 4,
  "timestamp": 1764167224.580896,
  "episode_reward": 1717.051025390625,
  "num_steps": 163840,
  "feature_compute_time_s": 7.043298721313477,
  "train_iter_time_s": 5.425459384918213,
  "init_seed": 200,
  "train_seed": 201,
  "best_reward_so_far": -Infinity
}