{
  "sharpness": 1.2427784919880902,
  "gradient_smoothness": 0.109236709192387,
  "loss_mean": 0.0,
  "loss_std": 0.0,
  "loss_trend": -7.921455691321028e-11,
  "parameter_norm": 34.06344146325865,
  "lambda_max_10": -29.779165267944336,
  "hessian_trace_10": 560.7472076416016,
  "fim_trace": 3023.120260372758,
  "step_count": 45,
  "timestamp": 1765441855.1440585,
  "episode_reward": 1131.7142333984375,
  "num_steps": 1507328,
  "feature_compute_time_s": 6.85308575630188,
  "train_iter_time_s": 4.892821550369263,
  "init_seed": 200,
  "train_seed": 201,
  "best_reward_so_far": 888.7565898196241
}