{
  "sharpness": 1.2941143765020025,
  "gradient_smoothness": 0.10337163144655784,
  "loss_mean": 0.0,
  "loss_std": 0.0,
  "loss_trend": -2.853188814303266e-11,
  "parameter_norm": 32.5398598410269,
  "lambda_max_10": -28.728347778320312,
  "hessian_trace_10": 314.4182662963867,
  "fim_trace": 1250.3037556745112,
  "step_count": 294,
  "timestamp": 1763765764.941402,
  "episode_reward": 1714.7281207257543,
  "num_steps": 9666560,
  "feature_compute_time_s": 5.354768753051758,
  "train_iter_time_s": 15.301814794540405,
  "init_seed": 200,
  "train_seed": 203,
  "best_reward_so_far": 2246.502645363276
}