{
  "sharpness": 2.492575894498991,
  "gradient_smoothness": 0.4455099811360596,
  "loss_mean": 0.0,
  "loss_std": 0.0,
  "loss_trend": -1.25269771245114e-10,
  "parameter_norm": 29.48082880638762,
  "lambda_max_10": -9.736443519592285,
  "hessian_trace_10": 176.4155641555786,
  "fim_trace": 1200.649664953351,
  "step_count": 13,
  "timestamp": 1764168828.584628,
  "episode_reward": 1522.3629150390625,
  "num_steps": 458752,
  "feature_compute_time_s": 5.120959520339966,
  "train_iter_time_s": 3.3385696411132812,
  "init_seed": 206,
  "train_seed": 200,
  "best_reward_so_far": -Infinity
}