{
  "sharpness": 1.8958175331352496,
  "gradient_smoothness": 0.23225835752915588,
  "loss_mean": 0.0,
  "loss_std": 0.0,
  "loss_trend": -2.0183239795132915e-09,
  "parameter_norm": 29.254434186810972,
  "lambda_max_10": -16.980838775634766,
  "hessian_trace_10": 45.67566146850586,
  "fim_trace": 1959.5992190390825,
  "step_count": 8,
  "timestamp": 1764168151.292497,
  "episode_reward": 2307.0,
  "num_steps": 294912,
  "feature_compute_time_s": 7.994612216949463,
  "train_iter_time_s": 2.9870314598083496,
  "init_seed": 204,
  "train_seed": 200,
  "best_reward_so_far": -Infinity
}