{
  "sharpness": 1.6668292260346442,
  "gradient_smoothness": 0.13249075062854587,
  "loss_mean": 0.0,
  "loss_std": 0.0,
  "loss_trend": 5.884143587969531e-09,
  "parameter_norm": 30.607530550206807,
  "lambda_max_10": -30.241043090820312,
  "hessian_trace_10": 259.99707527160643,
  "fim_trace": 5529.4902676045895,
  "step_count": 3,
  "timestamp": 1764176953.9184148,
  "episode_reward": 3637.64404296875,
  "num_steps": 131072,
  "feature_compute_time_s": 5.4634177684783936,
  "train_iter_time_s": 2.6714887619018555,
  "init_seed": 200,
  "train_seed": 200,
  "best_reward_so_far": -Infinity
}