{
  "sharpness": 1.2164222680818597,
  "gradient_smoothness": 0.0,
  "parameter_norm": 32.3513270412415,
  "lambda_max_10": -30.687767028808594,
  "hessian_trace_10": 315.3650634765625,
  "fim_trace": 2168.3614223375916,
  "step_count": 0,
  "timestamp": 1765468478.9203532,
  "episode_reward": 177.05479431152344,
  "num_steps": 32768,
  "feature_compute_time_s": 8.509810447692871,
  "train_iter_time_s": 8.278172254562378,
  "init_seed": 200,
  "train_seed": 201,
  "best_reward_so_far": 0.8845739943938344
}