{
  "sharpness": 1.1626557578462933,
  "gradient_smoothness": 0.6317963422451636,
  "loss_mean": 0.0,
  "loss_std": 0.0,
  "loss_trend": 1.7718323254623925e-11,
  "parameter_norm": 34.28025381000418,
  "lambda_max_10": -30.172632217407227,
  "hessian_trace_10": 540.9085998535156,
  "fim_trace": 2237.5019118338823,
  "step_count": 60,
  "timestamp": 1765443785.2609293,
  "episode_reward": -1.8880226612091064,
  "num_steps": 1998848,
  "feature_compute_time_s": 5.526798725128174,
  "train_iter_time_s": 3.7780838012695312,
  "init_seed": 204,
  "train_seed": 200,
  "best_reward_so_far": 860.6778216561638
}