{
  "sharpness": 1.218829048285571,
  "gradient_smoothness": 0.019122770748502032,
  "loss_mean": 0.0,
  "loss_std": 0.0,
  "loss_trend": 8.114236542566398e-11,
  "parameter_norm": 24.407384992527305,
  "lambda_max_10": 6.033107757568359,
  "hessian_trace_10": 70.01633720397949,
  "fim_trace": 193.95294888317585,
  "step_count": 56,
  "timestamp": 1763773684.1472468,
  "num_steps": 1867776,
  "feature_compute_time_s": 7.647015333175659,
  "train_iter_time_s": 11.894154787063599,
  "init_seed": 200,
  "train_seed": 203,
  "best_reward_so_far": 335.7600836426572
}