{
  "sharpness": 2.0606405748793675,
  "gradient_smoothness": 0.46916797243747904,
  "loss_mean": 0.0,
  "loss_std": 0.0,
  "loss_trend": -3.2106208164914916e-11,
  "parameter_norm": 29.710946106707897,
  "lambda_max_10": -54.9117546081543,
  "hessian_trace_10": 452.89383087158205,
  "fim_trace": 6340.132011711597,
  "step_count": 13,
  "timestamp": 1764169402.872441,
  "episode_reward": 1272.1748046875,
  "num_steps": 458752,
  "feature_compute_time_s": 7.450018882751465,
  "train_iter_time_s": 3.6942412853240967,
  "init_seed": 200,
  "train_seed": 204,
  "best_reward_so_far": -Infinity
}