{
  "sharpness": 1.8784156551157798,
  "gradient_smoothness": 0.011076142395699852,
  "loss_mean": 0.0,
  "loss_std": 0.0,
  "loss_trend": -3.4139202036049555e-11,
  "parameter_norm": 28.795907954399006,
  "lambda_max_10": -20.93093490600586,
  "hessian_trace_10": 193.9258773803711,
  "fim_trace": 1190.6240123659372,
  "step_count": 214,
  "timestamp": 1763782416.6563854,
  "num_steps": 7045120,
  "feature_compute_time_s": 4.39500880241394,
  "train_iter_time_s": 8.17698621749878,
  "init_seed": 206,
  "train_seed": 200,
  "best_reward_so_far": 1198.242897207857
}