{
  "sharpness": 1.7011889744844926,
  "gradient_smoothness": 0.2665971510036175,
  "loss_mean": 0.0,
  "loss_std": 0.0,
  "loss_trend": -2.1022291505882952e-09,
  "parameter_norm": 29.64807250012924,
  "lambda_max_10": -55.4546012878418,
  "hessian_trace_10": 419.82293090820315,
  "fim_trace": 5127.552617579699,
  "step_count": 10,
  "timestamp": 1764148173.6354723,
  "episode_reward": 1303.0882568359375,
  "num_steps": 360448,
  "feature_compute_time_s": 7.065375804901123,
  "train_iter_time_s": 3.467933177947998,
  "init_seed": 200,
  "train_seed": 202,
  "best_reward_so_far": -Infinity
}