{
  "sharpness": 0.5660408199145199,
  "gradient_smoothness": 0.005922863043134811,
  "loss_mean": 0.0,
  "loss_std": 0.0,
  "loss_trend": 3.26136767053598e-10,
  "parameter_norm": 23.712190048918348,
  "lambda_max_10": 2.4282474517822266,
  "hessian_trace_10": 17.05322961807251,
  "fim_trace": 56.91093397885561,
  "step_count": 29,
  "timestamp": 1763768335.4595044,
  "episode_reward": 414.3850893631002,
  "num_steps": 983040,
  "feature_compute_time_s": 7.685914516448975,
  "train_iter_time_s": 18.87880825996399,
  "init_seed": 207,
  "train_seed": 200,
  "best_reward_so_far": 414.3850893631002
}