{
  "sharpness": 1.5100464261073807,
  "gradient_smoothness": 0.15651749485215954,
  "loss_mean": 0.0,
  "loss_std": 0.0,
  "loss_trend": 1.9433666519067057e-09,
  "parameter_norm": 102.50049686964674,
  "lambda_max_10": 8.091153144836426,
  "hessian_trace_10": 40.46619625091553,
  "fim_trace": 1037.0186151601374,
  "step_count": 7,
  "timestamp": 1765469651.0777667,
  "episode_reward": -16.24074363708496,
  "num_steps": 262144,
  "feature_compute_time_s": 9.514915704727173,
  "train_iter_time_s": 7.385048151016235,
  "init_seed": 200,
  "train_seed": 206,
  "best_reward_so_far": -1.4614742735548165
}