{
  "sharpness": 1.2498128833539877,
  "gradient_smoothness": 0.00560020247204658,
  "loss_mean": 0.0,
  "loss_std": 0.0,
  "loss_trend": -1.946359831942765e-11,
  "parameter_norm": 31.663622563968197,
  "lambda_max_10": -16.496816635131836,
  "hessian_trace_10": 459.5072906494141,
  "fim_trace": 1380.4431311637163,
  "step_count": 181,
  "timestamp": 1763770230.49341,
  "episode_reward": 1668.9812088115998,
  "num_steps": 5963776,
  "feature_compute_time_s": 5.618177175521851,
  "train_iter_time_s": 15.586048126220703,
  "init_seed": 204,
  "train_seed": 200,
  "best_reward_so_far": 1859.4723408091916
}