{
  "sharpness": 1.6771243188163112,
  "gradient_smoothness": 0.0,
  "parameter_norm": 29.610302555632714,
  "lambda_max_10": -19.385366439819336,
  "hessian_trace_10": 273.1540714263916,
  "fim_trace": 4024.968999899924,
  "step_count": 0,
  "timestamp": 1764166699.2039804,
  "episode_reward": 1459.4736328125,
  "num_steps": 32768,
  "feature_compute_time_s": 5.099265813827515,
  "train_iter_time_s": 2.790018081665039,
  "init_seed": 200,
  "train_seed": 206,
  "best_reward_so_far": -Infinity
}