{
  "sharpness": 1.277993573418806,
  "gradient_smoothness": 0.06604766270250395,
  "loss_mean": 0.0,
  "loss_std": 0.0,
  "loss_trend": 5.4999723197863695e-11,
  "parameter_norm": 33.92314349144784,
  "lambda_max_10": -31.76940155029297,
  "hessian_trace_10": 468.1622253417969,
  "fim_trace": 3546.7549397349358,
  "step_count": 34,
  "timestamp": 1765439773.3600821,
  "episode_reward": -3.279111385345459,
  "num_steps": 1146880,
  "feature_compute_time_s": 5.507842540740967,
  "train_iter_time_s": 4.058043956756592,
  "init_seed": 200,
  "train_seed": 203,
  "best_reward_so_far": 847.7346390944747
}