{
  "sharpness": 1.6959920349637982,
  "gradient_smoothness": 0.1038382034606236,
  "loss_mean": 0.0,
  "loss_std": 0.0,
  "loss_trend": -6.696056401231254e-12,
  "parameter_norm": 34.00527696001631,
  "lambda_max_10": 34.284027099609375,
  "hessian_trace_10": 514.14599609375,
  "fim_trace": 2921.9660151414573,
  "step_count": 45,
  "timestamp": 1765441065.7877483,
  "episode_reward": -27.738407135009766,
  "num_steps": 1507328,
  "feature_compute_time_s": 5.536118268966675,
  "train_iter_time_s": 4.083516597747803,
  "init_seed": 200,
  "train_seed": 203,
  "best_reward_so_far": 846.9887022368889
}