{
  "sharpness": 1.6643994814274405,
  "gradient_smoothness": 0.10510425166418222,
  "loss_mean": 0.0,
  "loss_std": 0.0,
  "loss_trend": 1.2946131199235213e-08,
  "parameter_norm": 29.61575716717499,
  "lambda_max_10": -60.010833740234375,
  "hessian_trace_10": 589.0570922851563,
  "fim_trace": 6526.128957346082,
  "step_count": 4,
  "timestamp": 1764166996.3150764,
  "episode_reward": 1378.70654296875,
  "num_steps": 163840,
  "feature_compute_time_s": 5.9340879917144775,
  "train_iter_time_s": 3.5579161643981934,
  "init_seed": 200,
  "train_seed": 202,
  "best_reward_so_far": -Infinity
}