{
  "sharpness": 1.0973400783083855,
  "gradient_smoothness": 0.17368168999421596,
  "loss_mean": 0.0,
  "loss_std": 0.0,
  "loss_trend": -3.191564708332207e-11,
  "parameter_norm": 32.61157206567285,
  "lambda_max_10": -30.10883903503418,
  "hessian_trace_10": 453.1978698730469,
  "fim_trace": 1987.783255558461,
  "step_count": 294,
  "timestamp": 1763766495.8258545,
  "episode_reward": 1843.0396518071802,
  "num_steps": 9666560,
  "feature_compute_time_s": 5.66585373878479,
  "train_iter_time_s": 18.15743398666382,
  "init_seed": 200,
  "train_seed": 204,
  "best_reward_so_far": 2196.935123902587
}