{
  "sharpness": 4.374957563033692,
  "gradient_smoothness": 0.0,
  "parameter_norm": 41.42181031476225,
  "lambda_max_10": -83.03148651123047,
  "hessian_trace_10": 800.1430847167969,
  "fim_trace": 5772.022399842739,
  "step_count": 0,
  "timestamp": 1766082759.405597,
  "episode_reward": 921.7090454101562,
  "num_steps": 32768,
  "feature_compute_time_s": 5.136228799819946,
  "train_iter_time_s": 4.867365598678589,
  "init_seed": 201,
  "train_seed": 200,
  "best_reward_so_far": -Infinity
}