{
  "sharpness": 1.825586920031994,
  "gradient_smoothness": 0.09914434704393506,
  "loss_mean": 0.0,
  "loss_std": 0.0,
  "loss_trend": -2.094751716340757e-09,
  "parameter_norm": 101.77684359041689,
  "lambda_max_10": -7.69312047958374,
  "hessian_trace_10": 45.50549831390381,
  "fim_trace": 3545.229293704033,
  "step_count": 5,
  "timestamp": 1764177884.3718514,
  "episode_reward": -392.3144226074219,
  "num_steps": 196608,
  "feature_compute_time_s": 9.304468870162964,
  "train_iter_time_s": 3.707193613052368,
  "init_seed": 200,
  "train_seed": 200,
  "best_reward_so_far": -Infinity
}