{
  "sharpness": 1.4595138388086681,
  "gradient_smoothness": 0.029688967706273803,
  "loss_mean": 0.0,
  "loss_std": 0.0,
  "loss_trend": -1.4425863659753651e-12,
  "parameter_norm": 31.905085509012995,
  "lambda_max_10": -29.632144927978516,
  "hessian_trace_10": 631.1372100830079,
  "fim_trace": 1630.1317143850029,
  "step_count": 227,
  "timestamp": 1763763881.733955,
  "episode_reward": 1406.8365280637825,
  "num_steps": 7471104,
  "feature_compute_time_s": 6.266404867172241,
  "train_iter_time_s": 13.623716592788696,
  "init_seed": 200,
  "train_seed": 207,
  "best_reward_so_far": 1548.0433036672314
}