{
  "sharpness": 1.7538994426125694,
  "gradient_smoothness": 0.25157590893647286,
  "loss_mean": 0.0,
  "loss_std": 0.0,
  "loss_trend": 1.9018803768538033e-09,
  "parameter_norm": 29.627012850447215,
  "lambda_max_10": -25.98682975769043,
  "hessian_trace_10": 119.97148609161377,
  "fim_trace": 2753.5838362574577,
  "step_count": 10,
  "timestamp": 1764168017.0420442,
  "episode_reward": 3488.164794921875,
  "num_steps": 360448,
  "feature_compute_time_s": 5.228365659713745,
  "train_iter_time_s": 2.7730650901794434,
  "init_seed": 200,
  "train_seed": 207,
  "best_reward_so_far": -Infinity
}