{
  "sharpness": 1.0955032670926332,
  "gradient_smoothness": 0.06640159982191589,
  "loss_mean": 0.0,
  "loss_std": 0.0,
  "loss_trend": 1.3022207736602997e-10,
  "parameter_norm": 24.503948067396042,
  "lambda_max_10": 2.682433605194092,
  "hessian_trace_10": 41.072445678710935,
  "fim_trace": 293.35080168396235,
  "step_count": 53,
  "timestamp": 1763775893.9641654,
  "num_steps": 1769472,
  "feature_compute_time_s": 9.177687168121338,
  "train_iter_time_s": 10.42358922958374,
  "init_seed": 200,
  "train_seed": 206,
  "best_reward_so_far": 369.8910060826137
}