{
  "sharpness": 1.592024905176432,
  "gradient_smoothness": 0.027241779642949916,
  "loss_mean": 0.0,
  "loss_std": 0.0,
  "loss_trend": 1.2452388337019856e-10,
  "parameter_norm": 33.82694893991221,
  "lambda_max_10": -36.30638885498047,
  "hessian_trace_10": 262.4529495239258,
  "fim_trace": 2322.1949608661234,
  "step_count": 42,
  "timestamp": 1765443183.321275,
  "episode_reward": 1109.413818359375,
  "num_steps": 1409024,
  "feature_compute_time_s": 5.5691306591033936,
  "train_iter_time_s": 3.937652826309204,
  "init_seed": 203,
  "train_seed": 200,
  "best_reward_so_far": 807.5561995293755
}