{
  "sharpness": 1.7249921237657737,
  "gradient_smoothness": 0.7615941559557649,
  "loss_mean": 0.0,
  "loss_std": 0.0,
  "loss_trend": -2.5834871525305684e-10,
  "parameter_norm": 29.7663775641964,
  "lambda_max_10": -24.34241485595703,
  "hessian_trace_10": 140.78362274169922,
  "fim_trace": 3136.260246410966,
  "step_count": 15,
  "timestamp": 1764167503.6626346,
  "episode_reward": 1830.6663818359375,
  "num_steps": 524288,
  "feature_compute_time_s": 6.011883020401001,
  "train_iter_time_s": 3.023681402206421,
  "init_seed": 200,
  "train_seed": 203,
  "best_reward_so_far": 1397.8248020829742
}