{
  "sharpness": 1.275933747345503,
  "gradient_smoothness": 0.11154581250953462,
  "loss_mean": 0.0,
  "loss_std": 0.0,
  "loss_trend": -2.0872483208199785e-10,
  "parameter_norm": 34.669860544717366,
  "lambda_max_10": 36.17198944091797,
  "hessian_trace_10": 610.9360870361328,
  "fim_trace": 3432.6166440732777,
  "step_count": 52,
  "timestamp": 1765438711.0238094,
  "episode_reward": 1882.513916015625,
  "num_steps": 1736704,
  "feature_compute_time_s": 5.5696258544921875,
  "train_iter_time_s": 3.7169017791748047,
  "init_seed": 200,
  "train_seed": 200,
  "best_reward_so_far": 949.0438137779494
}