{
  "sharpness": 1.1704461306908234,
  "gradient_smoothness": 0.055750632228141715,
  "loss_mean": 0.0,
  "loss_std": 0.0,
  "loss_trend": 1.2451153799885098e-12,
  "parameter_norm": 31.73424526287282,
  "lambda_max_10": -14.060494422912598,
  "hessian_trace_10": 400.13600463867186,
  "fim_trace": 2129.462047498673,
  "step_count": 198,
  "timestamp": 1763766551.5500112,
  "episode_reward": 731.888355386846,
  "num_steps": 6520832,
  "feature_compute_time_s": 4.9935901165008545,
  "train_iter_time_s": 10.12112545967102,
  "init_seed": 200,
  "train_seed": 200,
  "best_reward_so_far": 825.5063438058102
}