{
  "sharpness": 1.616119306339202,
  "gradient_smoothness": 0.11291175866885123,
  "loss_mean": 0.0,
  "loss_std": 0.0,
  "loss_trend": 2.7109116292132134e-10,
  "parameter_norm": 34.235136333423696,
  "lambda_max_10": 33.74312973022461,
  "hessian_trace_10": 651.2099182128907,
  "fim_trace": 3145.135941788554,
  "step_count": 37,
  "timestamp": 1765439173.4352105,
  "episode_reward": 137.91268920898438,
  "num_steps": 1245184,
  "feature_compute_time_s": 5.627762079238892,
  "train_iter_time_s": 4.016259670257568,
  "init_seed": 200,
  "train_seed": 202,
  "best_reward_so_far": 988.4853348062029
}