{
  "sharpness": 1.1840077154550703,
  "gradient_smoothness": 0.008866744007696346,
  "loss_mean": 0.0,
  "loss_std": 0.0,
  "loss_trend": 4.0541798290422383e-11,
  "parameter_norm": 31.11827679896916,
  "lambda_max_10": -1.8484008312225342,
  "hessian_trace_10": 258.26805419921874,
  "fim_trace": 624.7850209698081,
  "step_count": 164,
  "timestamp": 1763766042.3057413,
  "episode_reward": 713.4354685136608,
  "num_steps": 5406720,
  "feature_compute_time_s": 4.938807487487793,
  "train_iter_time_s": 9.643693447113037,
  "init_seed": 200,
  "train_seed": 200,
  "best_reward_so_far": 825.5063438058102
}