{
  "sharpness": 1.3053143522989177,
  "gradient_smoothness": 0.07685734352271596,
  "loss_mean": 0.0,
  "loss_std": 0.0,
  "loss_trend": -4.5730412207534916e-11,
  "parameter_norm": 31.87771500289498,
  "lambda_max_10": -29.168834686279297,
  "hessian_trace_10": 502.99029541015625,
  "fim_trace": 2609.671265590936,
  "step_count": 196,
  "timestamp": 1763763557.2259207,
  "episode_reward": 1506.9380284992344,
  "num_steps": 6455296,
  "feature_compute_time_s": 4.92119836807251,
  "train_iter_time_s": 15.844489812850952,
  "init_seed": 200,
  "train_seed": 203,
  "best_reward_so_far": 1851.8846668228794
}