{
  "sharpness": 2.0238612706593706,
  "gradient_smoothness": 0.02737410498309838,
  "loss_mean": 0.0,
  "loss_std": 0.0,
  "loss_trend": 1.991499696936213e-11,
  "parameter_norm": 28.272553379554125,
  "lambda_max_10": -30.548803329467773,
  "hessian_trace_10": 181.71125411987305,
  "fim_trace": 2006.011288691312,
  "step_count": 199,
  "timestamp": 1763780608.7684188,
  "num_steps": 6553600,
  "feature_compute_time_s": 8.215217590332031,
  "train_iter_time_s": 11.759432315826416,
  "init_seed": 202,
  "train_seed": 200,
  "best_reward_so_far": 1194.114030157644
}