{
  "sharpness": 2.683841338575725,
  "gradient_smoothness": 0.2612317577360174,
  "loss_mean": 0.0,
  "loss_std": 0.0,
  "loss_trend": 1.5011851271438077e-09,
  "parameter_norm": 29.91748816807243,
  "lambda_max_10": -50.05247497558594,
  "hessian_trace_10": 213.0794204711914,
  "fim_trace": 3263.5413859188557,
  "step_count": 11,
  "timestamp": 1764166724.372371,
  "episode_reward": 1272.7301025390625,
  "num_steps": 393216,
  "feature_compute_time_s": 9.601759433746338,
  "train_iter_time_s": 3.6673223972320557,
  "init_seed": 200,
  "train_seed": 200,
  "best_reward_so_far": -Infinity
}