{
  "sharpness": 1.173624104530789,
  "gradient_smoothness": 0.0901208946769645,
  "loss_mean": 0.0,
  "loss_std": 0.0,
  "loss_trend": -7.925727446807131e-11,
  "parameter_norm": 25.144723838719887,
  "lambda_max_10": 5.666440486907959,
  "hessian_trace_10": 52.42017078399658,
  "fim_trace": 306.60120449215174,
  "step_count": 72,
  "timestamp": 1763778306.5304499,
  "num_steps": 2392064,
  "feature_compute_time_s": 6.175879716873169,
  "train_iter_time_s": 11.50813889503479,
  "init_seed": 202,
  "train_seed": 200,
  "best_reward_so_far": 592.373844605885
}