{
  "sharpness": 1.9091892163690936,
  "gradient_smoothness": 0.042965338610151206,
  "loss_mean": 0.0,
  "loss_std": 0.0,
  "loss_trend": 2.4289148393707564e-09,
  "parameter_norm": 29.284643404786138,
  "lambda_max_10": 47.61491775512695,
  "hessian_trace_10": 241.79524593353273,
  "fim_trace": 3026.2891849577427,
  "step_count": 7,
  "timestamp": 1764168516.3305118,
  "episode_reward": 814.1238403320312,
  "num_steps": 262144,
  "feature_compute_time_s": 5.424368143081665,
  "train_iter_time_s": 3.6126391887664795,
  "init_seed": 203,
  "train_seed": 200,
  "best_reward_so_far": -Infinity
}