{
  "sharpness": 1.566323786931789,
  "gradient_smoothness": 0.013028314847592709,
  "loss_mean": 0.0,
  "loss_std": 0.0,
  "loss_trend": -4.908542341926771e-11,
  "parameter_norm": 29.657961518045457,
  "lambda_max_10": -7.136884689331055,
  "hessian_trace_10": 280.1468505859375,
  "fim_trace": 526.4155352897942,
  "step_count": 120,
  "timestamp": 1763768073.4248385,
  "episode_reward": 1111.2514479037834,
  "num_steps": 3964928,
  "feature_compute_time_s": 8.089811563491821,
  "train_iter_time_s": 13.149548768997192,
  "init_seed": 201,
  "train_seed": 200,
  "best_reward_so_far": 1334.8620943540952
}