{
  "sharpness": 1.1231199146634334,
  "gradient_smoothness": 0.7615941559557649,
  "loss_mean": 0.0,
  "loss_std": 0.0,
  "loss_trend": -1.9554494324258493e-11,
  "parameter_norm": 33.966565885939424,
  "lambda_max_10": -28.810400009155273,
  "hessian_trace_10": 452.9763916015625,
  "fim_trace": 1648.384889986366,
  "step_count": 61,
  "timestamp": 1765439103.3637586,
  "episode_reward": 528.8294067382812,
  "num_steps": 2031616,
  "feature_compute_time_s": 10.64029860496521,
  "train_iter_time_s": 7.277549743652344,
  "init_seed": 200,
  "train_seed": 200,
  "best_reward_so_far": 923.1658930777246
}