{
  "sharpness": 2.179717811805627,
  "gradient_smoothness": 0.12412805105522982,
  "loss_mean": 0.0,
  "loss_std": 0.0,
  "loss_trend": -2.704057241990182e-11,
  "parameter_norm": 28.85188891917486,
  "lambda_max_10": -22.364477157592773,
  "hessian_trace_10": -4.602065658569336,
  "fim_trace": 1696.6152560934424,
  "step_count": 286,
  "timestamp": 1763783900.3079762,
  "num_steps": 9404416,
  "feature_compute_time_s": 6.106924057006836,
  "train_iter_time_s": 12.78026819229126,
  "init_seed": 204,
  "train_seed": 200,
  "best_reward_so_far": 2829.04365776941
}