{
  "sharpness": 1.1584750610532284,
  "gradient_smoothness": 0.00929396053542176,
  "loss_mean": 0.0,
  "loss_std": 0.0,
  "loss_trend": 2.9708517265376163e-09,
  "parameter_norm": 33.13905383254464,
  "lambda_max_10": -32.27301788330078,
  "hessian_trace_10": 487.68731689453125,
  "fim_trace": 3203.786266874522,
  "step_count": 5,
  "timestamp": 1765440136.3983924,
  "episode_reward": 106.85454559326172,
  "num_steps": 196608,
  "feature_compute_time_s": 5.528093099594116,
  "train_iter_time_s": 4.074995279312134,
  "init_seed": 200,
  "train_seed": 202,
  "best_reward_so_far": 101.97679163606395
}