{
  "sharpness": 0.3967190808263194,
  "gradient_smoothness": 0.005202633246396561,
  "loss_mean": 0.0,
  "loss_std": 0.0,
  "loss_trend": -6.275123647932699e-10,
  "parameter_norm": 21.1443866054591,
  "lambda_max_10": -1.5261669158935547,
  "hessian_trace_10": -13.096028780937194,
  "fim_trace": 47.77882029302418,
  "step_count": 20,
  "timestamp": 1763773016.1883512,
  "num_steps": 688128,
  "feature_compute_time_s": 7.837293386459351,
  "train_iter_time_s": 13.829202651977539,
  "init_seed": 200,
  "train_seed": 203,
  "best_reward_so_far": -285.7778951554701
}