{
  "sharpness": 1.1492556256635995,
  "gradient_smoothness": 0.042973589723717294,
  "loss_mean": 0.0,
  "loss_std": 0.0,
  "loss_trend": -3.1109233581299844e-11,
  "parameter_norm": 32.35935033244495,
  "lambda_max_10": 17.29302978515625,
  "hessian_trace_10": 613.8472412109375,
  "fim_trace": 1761.5143371112645,
  "step_count": 228,
  "timestamp": 1763764813.090597,
  "episode_reward": 1631.0061135405278,
  "num_steps": 7503872,
  "feature_compute_time_s": 7.953088998794556,
  "train_iter_time_s": 16.57983422279358,
  "init_seed": 200,
  "train_seed": 204,
  "best_reward_so_far": 1776.0190544542493
}