{
  "sharpness": 1.4999147513831421,
  "gradient_smoothness": 0.1389190194997497,
  "loss_mean": 0.0,
  "loss_std": 0.0,
  "loss_trend": 7.09695109274206e-10,
  "parameter_norm": 29.90503939252641,
  "lambda_max_10": 5.832775115966797,
  "hessian_trace_10": 274.57519073486327,
  "fim_trace": 4410.242534965277,
  "step_count": 8,
  "timestamp": 1764166774.6172369,
  "episode_reward": 1341.8511962890625,
  "num_steps": 294912,
  "feature_compute_time_s": 5.44830584526062,
  "train_iter_time_s": 2.729353666305542,
  "init_seed": 200,
  "train_seed": 206,
  "best_reward_so_far": -Infinity
}