{
  "sharpness": 2.3623544258856595,
  "gradient_smoothness": 0.05316487945845074,
  "loss_mean": 0.0,
  "loss_std": 0.0,
  "loss_trend": -3.014775195250246e-11,
  "parameter_norm": 27.410253090620056,
  "lambda_max_10": -16.57001495361328,
  "hessian_trace_10": 212.98871459960938,
  "fim_trace": 1515.2807362228632,
  "step_count": 121,
  "timestamp": 1763783536.3908179,
  "num_steps": 3997696,
  "feature_compute_time_s": 8.54208779335022,
  "train_iter_time_s": 12.873889207839966,
  "init_seed": 207,
  "train_seed": 200,
  "best_reward_so_far": 1220.7917889125515
}