{
  "sharpness": 1.3942303584825126,
  "gradient_smoothness": 0.002498513828903287,
  "loss_mean": 0.0,
  "loss_std": 0.0,
  "loss_trend": 4.532200627756172e-11,
  "parameter_norm": 31.04549680008018,
  "lambda_max_10": -24.361129760742188,
  "hessian_trace_10": 276.05594024658205,
  "fim_trace": 1071.928643796593,
  "step_count": 158,
  "timestamp": 1763762679.1658082,
  "episode_reward": 1518.661633555465,
  "num_steps": 5210112,
  "feature_compute_time_s": 8.290525436401367,
  "train_iter_time_s": 17.196133136749268,
  "init_seed": 200,
  "train_seed": 203,
  "best_reward_so_far": 1755.9926325268689
}