{
  "sharpness": 1.6377527666333027,
  "gradient_smoothness": 0.0628813831467437,
  "loss_mean": 0.0,
  "loss_std": 0.0,
  "loss_trend": 2.5056889019698543e-11,
  "parameter_norm": 26.51652764944604,
  "lambda_max_10": -6.831240177154541,
  "hessian_trace_10": 108.66112670898437,
  "fim_trace": 201.82340285927057,
  "step_count": 62,
  "timestamp": 1763768510.541155,
  "episode_reward": 564.963891520654,
  "num_steps": 2064384,
  "feature_compute_time_s": 7.76207423210144,
  "train_iter_time_s": 20.24669361114502,
  "init_seed": 206,
  "train_seed": 200,
  "best_reward_so_far": 572.2672768601294
}