{
  "sharpness": 1.1768029402566558,
  "gradient_smoothness": 0.01970668479841136,
  "loss_mean": 0.0,
  "loss_std": 0.0,
  "loss_trend": -3.159875425063765e-11,
  "parameter_norm": 32.41505277461128,
  "lambda_max_10": -22.105894088745117,
  "hessian_trace_10": 330.98909797668455,
  "fim_trace": 1982.3488794714212,
  "step_count": 208,
  "timestamp": 1763763261.9062128,
  "episode_reward": 1407.6774713275172,
  "num_steps": 6848512,
  "feature_compute_time_s": 9.431591510772705,
  "train_iter_time_s": 14.907559156417847,
  "init_seed": 200,
  "train_seed": 200,
  "best_reward_so_far": 1702.046919368742
}