{
  "sharpness": 1.2240585150511887,
  "gradient_smoothness": 0.10670224156350641,
  "loss_mean": 0.0,
  "loss_std": 0.0,
  "loss_trend": 1.210492996327491e-11,
  "parameter_norm": 24.861880735769173,
  "lambda_max_10": 8.385492324829102,
  "hessian_trace_10": 84.00621528625489,
  "fim_trace": 386.1373879350722,
  "step_count": 65,
  "timestamp": 1763773003.0649943,
  "num_steps": 2162688,
  "feature_compute_time_s": 7.490700960159302,
  "train_iter_time_s": 8.676255702972412,
  "init_seed": 200,
  "train_seed": 201,
  "best_reward_so_far": 825.7769059844632
}