{
  "sharpness": 2.2976169915425673,
  "gradient_smoothness": 0.4243930398264395,
  "loss_mean": 0.0,
  "loss_std": 0.0,
  "loss_trend": -1.7442793714794836e-11,
  "parameter_norm": 28.853780902811387,
  "lambda_max_10": -24.680194854736328,
  "hessian_trace_10": -44.735154724121095,
  "fim_trace": 2142.668053716421,
  "step_count": 301,
  "timestamp": 1763784171.6536353,
  "num_steps": 9895936,
  "feature_compute_time_s": 5.324456214904785,
  "train_iter_time_s": 10.584920167922974,
  "init_seed": 204,
  "train_seed": 200,
  "best_reward_so_far": 2863.527411317372
}