{
  "sharpness": 1.2327209367273706,
  "gradient_smoothness": 0.03627628607899342,
  "loss_mean": 0.0,
  "loss_std": 0.0,
  "loss_trend": -3.610615638380994e-10,
  "parameter_norm": 33.7366326610778,
  "lambda_max_10": -30.046649932861328,
  "hessian_trace_10": 471.73028259277345,
  "fim_trace": 2234.9946199916303,
  "step_count": 30,
  "timestamp": 1765438545.4497685,
  "episode_reward": 1083.3184814453125,
  "num_steps": 1015808,
  "feature_compute_time_s": 5.892045974731445,
  "train_iter_time_s": 4.292607307434082,
  "init_seed": 200,
  "train_seed": 201,
  "best_reward_so_far": 536.4314272960283
}