{
  "sharpness": 1.10843920051545,
  "gradient_smoothness": 0.018074983640519498,
  "loss_mean": 0.0,
  "loss_std": 0.0,
  "loss_trend": 4.902349576500274e-12,
  "parameter_norm": 32.424694089933595,
  "lambda_max_10": -15.096648216247559,
  "hessian_trace_10": 417.0370849609375,
  "fim_trace": 1779.0798745974898,
  "step_count": 235,
  "timestamp": 1763764991.1587412,
  "episode_reward": 1518.0083723135144,
  "num_steps": 7733248,
  "feature_compute_time_s": 8.706552743911743,
  "train_iter_time_s": 18.00839400291443,
  "init_seed": 200,
  "train_seed": 204,
  "best_reward_so_far": 1776.0190544542493
}