{
  "sharpness": 1.2666507152793776,
  "gradient_smoothness": 0.00840368324939587,
  "loss_mean": 0.0,
  "loss_std": 0.0,
  "loss_trend": 2.0457044521768428e-10,
  "parameter_norm": 34.08186948440796,
  "lambda_max_10": -46.70640182495117,
  "hessian_trace_10": 481.79295959472654,
  "fim_trace": 3159.1122042797506,
  "step_count": 33,
  "timestamp": 1765440197.2387028,
  "episode_reward": 149.49392700195312,
  "num_steps": 1114112,
  "feature_compute_time_s": 8.130974292755127,
  "train_iter_time_s": 3.9580559730529785,
  "init_seed": 200,
  "train_seed": 206,
  "best_reward_so_far": 891.0920925557652
}