{
  "sharpness": 1.2253311715921913,
  "gradient_smoothness": 0.028405572319576234,
  "loss_mean": 0.0,
  "loss_std": 0.0,
  "loss_trend": 8.025673374992534e-12,
  "parameter_norm": 30.15038300747409,
  "lambda_max_10": -18.086877822875977,
  "hessian_trace_10": 406.93474731445315,
  "fim_trace": 1069.157284181565,
  "step_count": 131,
  "timestamp": 1763762065.7604856,
  "episode_reward": 842.1384390137254,
  "num_steps": 4325376,
  "feature_compute_time_s": 7.966700792312622,
  "train_iter_time_s": 16.964714288711548,
  "init_seed": 200,
  "train_seed": 202,
  "best_reward_so_far": 1407.3828985638045
}