{
  "sharpness": 1.1823145964880524,
  "gradient_smoothness": 0.7615941559557649,
  "loss_mean": 0.0,
  "loss_std": 0.0,
  "loss_trend": -7.034535288647967e-12,
  "parameter_norm": 32.129231742330894,
  "lambda_max_10": -25.44682502746582,
  "hessian_trace_10": 297.2494888305664,
  "fim_trace": 1442.9115154221654,
  "step_count": 305,
  "timestamp": 1763767500.1134138,
  "episode_reward": 1502.5990454730895,
  "num_steps": 10027008,
  "feature_compute_time_s": 10.30933427810669,
  "train_iter_time_s": 18.49432396888733,
  "init_seed": 200,
  "train_seed": 201,
  "best_reward_so_far": 1915.9079975744837
}