{
  "sharpness": 1.828634435752624,
  "gradient_smoothness": 0.16818219582794192,
  "loss_mean": 0.0,
  "loss_std": 0.0,
  "loss_trend": 1.4621997564379768e-09,
  "parameter_norm": 29.32585410374223,
  "lambda_max_10": 40.79823684692383,
  "hessian_trace_10": 308.6021224975586,
  "fim_trace": 5843.921559303999,
  "step_count": 6,
  "timestamp": 1764147291.8145304,
  "episode_reward": 1606.833740234375,
  "num_steps": 229376,
  "feature_compute_time_s": 5.027035236358643,
  "train_iter_time_s": 5.18498969078064,
  "init_seed": 200,
  "train_seed": 201,
  "best_reward_so_far": -Infinity
}