{
  "sharpness": 1.1241873885803086,
  "gradient_smoothness": 0.05912964191482759,
  "loss_mean": 0.0,
  "loss_std": 0.0,
  "loss_trend": 2.0758996089812405e-10,
  "parameter_norm": 33.82815442065366,
  "lambda_max_10": -9.049522399902344,
  "hessian_trace_10": 270.55845031738284,
  "fim_trace": 1630.1149755902588,
  "step_count": 23,
  "timestamp": 1765441643.5187492,
  "episode_reward": -67.61174011230469,
  "num_steps": 786432,
  "feature_compute_time_s": 5.545025587081909,
  "train_iter_time_s": 4.047285556793213,
  "init_seed": 204,
  "train_seed": 200,
  "best_reward_so_far": 454.1604397542389
}