{
  "sharpness": 1.1342072102082814,
  "gradient_smoothness": 0.12120277959195896,
  "loss_mean": 0.0,
  "loss_std": 0.0,
  "loss_trend": 6.988978795967686e-11,
  "parameter_norm": 34.65007963649958,
  "lambda_max_10": -28.208091735839844,
  "hessian_trace_10": 468.5790161132812,
  "fim_trace": 3748.9312548413873,
  "step_count": 44,
  "timestamp": 1765439285.9023275,
  "episode_reward": 2349.2763671875,
  "num_steps": 1474560,
  "feature_compute_time_s": 5.633181810379028,
  "train_iter_time_s": 4.020655393600464,
  "init_seed": 200,
  "train_seed": 200,
  "best_reward_so_far": 951.9170910920852
}