{
  "sharpness": 1.9144428006664762,
  "gradient_smoothness": 0.07428053559619477,
  "loss_mean": 0.0,
  "loss_std": 0.0,
  "loss_trend": -1.0038897766747244e-08,
  "parameter_norm": 33.12596519810309,
  "lambda_max_10": 21.19684410095215,
  "hessian_trace_10": 206.05373840332032,
  "fim_trace": 4893.928336411715,
  "step_count": 4,
  "timestamp": 1766080429.5070627,
  "episode_reward": 1202.355224609375,
  "num_steps": 163840,
  "feature_compute_time_s": 7.529540300369263,
  "train_iter_time_s": 3.9384284019470215,
  "init_seed": 200,
  "train_seed": 206,
  "best_reward_so_far": -Infinity
}