{
  "sharpness": 1.877200628481767,
  "gradient_smoothness": 0.14760707143881943,
  "loss_mean": 0.0,
  "loss_std": 0.0,
  "loss_trend": 6.415730368994774e-11,
  "parameter_norm": 26.68893514092136,
  "lambda_max_10": 15.403507232666016,
  "hessian_trace_10": 145.49560165405273,
  "fim_trace": 842.8732159137726,
  "step_count": 110,
  "timestamp": 1763780474.5578842,
  "num_steps": 3637248,
  "feature_compute_time_s": 4.648606300354004,
  "train_iter_time_s": 12.828771591186523,
  "init_seed": 203,
  "train_seed": 200,
  "best_reward_so_far": 1072.63937614953
}