{
  "sharpness": 1.1660377024454274,
  "gradient_smoothness": 0.054921694050266846,
  "loss_mean": 0.0,
  "loss_std": 0.0,
  "loss_trend": -2.5420431939831433e-11,
  "parameter_norm": 32.76358053511224,
  "lambda_max_10": -27.19416618347168,
  "hessian_trace_10": 318.6560623168945,
  "fim_trace": 1834.4743417575955,
  "step_count": 246,
  "timestamp": 1763764138.0034928,
  "episode_reward": 1505.6833450921463,
  "num_steps": 8093696,
  "feature_compute_time_s": 7.457146167755127,
  "train_iter_time_s": 16.454735279083252,
  "init_seed": 200,
  "train_seed": 200,
  "best_reward_so_far": 1756.809322670826
}