{
  "sharpness": 1.909824620836363,
  "gradient_smoothness": 0.052760517090215384,
  "loss_mean": 0.0,
  "loss_std": 0.0,
  "loss_trend": 4.871239241494129e-11,
  "parameter_norm": 28.929301371566364,
  "lambda_max_10": -10.980335235595703,
  "hessian_trace_10": 57.65280933380127,
  "fim_trace": 2241.566736549139,
  "step_count": 220,
  "timestamp": 1763779376.386138,
  "num_steps": 7241728,
  "feature_compute_time_s": 5.925532102584839,
  "train_iter_time_s": 12.72575855255127,
  "init_seed": 200,
  "train_seed": 207,
  "best_reward_so_far": 1679.3155861687646
}