{
  "sharpness": 1.720031452568735,
  "gradient_smoothness": 0.0014122879016338784,
  "loss_mean": 0.0,
  "loss_std": 0.0,
  "loss_trend": -8.43859011046326e-12,
  "parameter_norm": 29.628863587224902,
  "lambda_max_10": -107.29354095458984,
  "hessian_trace_10": 920.7199676513671,
  "fim_trace": 9172.623133808374,
  "step_count": 279,
  "timestamp": 1763778274.9070418,
  "num_steps": 9175040,
  "feature_compute_time_s": 7.819543123245239,
  "train_iter_time_s": 10.548598289489746,
  "init_seed": 200,
  "train_seed": 205,
  "best_reward_so_far": 1242.5001468853475
}