{
  "sharpness": 1.2376204693188901,
  "gradient_smoothness": 0.34010263039438693,
  "loss_mean": 0.0,
  "loss_std": 0.0,
  "loss_trend": 6.583048810139822e-10,
  "parameter_norm": 33.30578031100721,
  "lambda_max_10": -23.941913604736328,
  "hessian_trace_10": 549.8522521972657,
  "fim_trace": 2435.098713133484,
  "step_count": 12,
  "timestamp": 1765468879.2826726,
  "episode_reward": 139.2771759033203,
  "num_steps": 425984,
  "feature_compute_time_s": 7.108802556991577,
  "train_iter_time_s": 5.160793304443359,
  "init_seed": 200,
  "train_seed": 202,
  "best_reward_so_far": 199.64037714676508
}