{
  "sharpness": 1.257631065431845,
  "gradient_smoothness": 0.046434932288393974,
  "loss_mean": 0.0,
  "loss_std": 0.0,
  "loss_trend": 8.26593935461842e-11,
  "parameter_norm": 33.9509010177896,
  "lambda_max_10": -28.862638473510742,
  "hessian_trace_10": 483.7350219726562,
  "fim_trace": 2598.4090045280755,
  "step_count": 23,
  "timestamp": 1765438493.2207494,
  "episode_reward": 96.0327377319336,
  "num_steps": 786432,
  "feature_compute_time_s": 7.35423469543457,
  "train_iter_time_s": 4.999207496643066,
  "init_seed": 200,
  "train_seed": 205,
  "best_reward_so_far": 448.07560494649664
}