{
  "sharpness": 0.29366260112313514,
  "gradient_smoothness": 0.07294936003631786,
  "loss_mean": 0.0,
  "loss_std": 0.0,
  "loss_trend": -1.8507900854924145e-09,
  "parameter_norm": 21.744066907116224,
  "lambda_max_10": 1.2695585489273071,
  "hessian_trace_10": 7.5562334060668945,
  "fim_trace": 38.408350141718984,
  "step_count": 9,
  "timestamp": 1763759137.6553717,
  "episode_reward": 182.88845987958956,
  "num_steps": 327680,
  "feature_compute_time_s": 7.173833847045898,
  "train_iter_time_s": 19.805176258087158,
  "init_seed": 200,
  "train_seed": 201,
  "best_reward_so_far": 182.88845987958956
}