{
  "sharpness": 1.328012059649489,
  "gradient_smoothness": 0.026042618483015468,
  "loss_mean": 0.0,
  "loss_std": 0.0,
  "loss_trend": 4.952036977611354e-09,
  "parameter_norm": 32.818065359019066,
  "lambda_max_10": -37.66725540161133,
  "hessian_trace_10": 412.2826416015625,
  "fim_trace": 2906.693580273539,
  "step_count": 5,
  "timestamp": 1765439971.4735563,
  "episode_reward": 100.2124252319336,
  "num_steps": 196608,
  "feature_compute_time_s": 5.517000675201416,
  "train_iter_time_s": 4.219563007354736,
  "init_seed": 200,
  "train_seed": 207,
  "best_reward_so_far": 76.46860518465596
}