{
  "sharpness": 1.1537752369711176,
  "gradient_smoothness": 0.059132990114811095,
  "loss_mean": 0.0,
  "loss_std": 0.0,
  "loss_trend": -7.163872346043407e-11,
  "parameter_norm": 34.11311388729713,
  "lambda_max_10": -28.606157302856445,
  "hessian_trace_10": 592.3439392089844,
  "fim_trace": 2598.7413634583354,
  "step_count": 35,
  "timestamp": 1765441757.9196742,
  "episode_reward": -56.29734420776367,
  "num_steps": 1179648,
  "feature_compute_time_s": 5.46572208404541,
  "train_iter_time_s": 3.948610544204712,
  "init_seed": 204,
  "train_seed": 200,
  "best_reward_so_far": 769.3770697456573
}