{
  "sharpness": 0.6947205374728279,
  "gradient_smoothness": 0.006712828657779918,
  "loss_mean": 0.0,
  "loss_std": 0.0,
  "loss_trend": -7.47169115933641e-11,
  "parameter_norm": 24.27808265206576,
  "lambda_max_10": 4.1819748878479,
  "hessian_trace_10": 43.465310668945314,
  "fim_trace": 157.22585316747427,
  "step_count": 51,
  "timestamp": 1763776532.4516108,
  "num_steps": 1703936,
  "feature_compute_time_s": 4.4874653816223145,
  "train_iter_time_s": 7.187128067016602,
  "init_seed": 200,
  "train_seed": 200,
  "best_reward_so_far": 323.76531977675165
}