{
  "sharpness": 1.2264100214156655,
  "gradient_smoothness": 0.0361404147400404,
  "loss_mean": 0.0,
  "loss_std": 0.0,
  "loss_trend": 2.276761466213149e-11,
  "parameter_norm": 33.95566423188802,
  "lambda_max_10": 19.247318267822266,
  "hessian_trace_10": 444.2300964355469,
  "fim_trace": 1257.046917533502,
  "step_count": 32,
  "timestamp": 1765442508.2695081,
  "episode_reward": 540.0308837890625,
  "num_steps": 1081344,
  "feature_compute_time_s": 9.446858644485474,
  "train_iter_time_s": 3.8310365676879883,
  "init_seed": 200,
  "train_seed": 200,
  "best_reward_so_far": 767.9357121656857
}