{
  "sharpness": 1.6391140860555578,
  "gradient_smoothness": 0.08665151924540582,
  "loss_mean": 0.0,
  "loss_std": 0.0,
  "loss_trend": -7.559381153582787e-09,
  "parameter_norm": 30.573572008044987,
  "lambda_max_10": -32.2750358581543,
  "hessian_trace_10": 358.28638763427733,
  "fim_trace": 3649.008559256792,
  "step_count": 4,
  "timestamp": 1766079953.6628578,
  "episode_reward": 1303.3013916015625,
  "num_steps": 163840,
  "feature_compute_time_s": 8.625800371170044,
  "train_iter_time_s": 4.391808986663818,
  "init_seed": 200,
  "train_seed": 206,
  "best_reward_so_far": -Infinity
}