{
  "sharpness": 1.184975882659317,
  "gradient_smoothness": 0.054355224620751576,
  "loss_mean": 0.0,
  "loss_std": 0.0,
  "loss_trend": -5.208416980242169e-11,
  "parameter_norm": 32.563333446527444,
  "lambda_max_10": -25.543819427490234,
  "hessian_trace_10": 498.3016052246094,
  "fim_trace": 2426.3587551414967,
  "step_count": 280,
  "timestamp": 1763772520.4576533,
  "episode_reward": 2227.225261511904,
  "num_steps": 9207808,
  "feature_compute_time_s": 8.708106279373169,
  "train_iter_time_s": 17.724334716796875,
  "init_seed": 204,
  "train_seed": 200,
  "best_reward_so_far": 2623.2780433143894
}