{
  "sharpness": 1.6880056178774843,
  "gradient_smoothness": 0.04546672152815534,
  "loss_mean": 0.0,
  "loss_std": 0.0,
  "loss_trend": 4.9336943379326457e-11,
  "parameter_norm": 29.28078229952792,
  "lambda_max_10": -53.53297805786133,
  "hessian_trace_10": 524.6259834289551,
  "fim_trace": 4769.214221641421,
  "step_count": 226,
  "timestamp": 1763774877.2414007,
  "num_steps": 7438336,
  "feature_compute_time_s": 4.458413600921631,
  "train_iter_time_s": 7.619700193405151,
  "init_seed": 200,
  "train_seed": 202,
  "best_reward_so_far": 1126.2794314453229
}