{
  "sharpness": 1.3137205809356802,
  "gradient_smoothness": 0.020911068655995946,
  "loss_mean": 0.0,
  "loss_std": 0.0,
  "loss_trend": 1.983637941882124e-11,
  "parameter_norm": 31.237717208159754,
  "lambda_max_10": -0.4467487335205078,
  "hessian_trace_10": 480.01673278808596,
  "fim_trace": 1952.40742768161,
  "step_count": 164,
  "timestamp": 1763761381.1470711,
  "episode_reward": 1435.3508964672253,
  "num_steps": 5406720,
  "feature_compute_time_s": 4.867401599884033,
  "train_iter_time_s": 10.473605632781982,
  "init_seed": 200,
  "train_seed": 206,
  "best_reward_so_far": 1451.031802439064
}