{
  "sharpness": 1.7191813528581745,
  "gradient_smoothness": 0.013943692832464917,
  "loss_mean": 0.0,
  "loss_std": 0.0,
  "loss_trend": 3.6458925600617784e-11,
  "parameter_norm": 28.88976072966305,
  "lambda_max_10": -18.674800872802734,
  "hessian_trace_10": 202.3064392089844,
  "fim_trace": 1238.0812989473343,
  "step_count": 228,
  "timestamp": 1763782591.8068871,
  "num_steps": 7503872,
  "feature_compute_time_s": 4.37851357460022,
  "train_iter_time_s": 7.212347507476807,
  "init_seed": 206,
  "train_seed": 200,
  "best_reward_so_far": 1216.7121259733326
}