{
  "sharpness": 1.5949356952010025,
  "gradient_smoothness": 0.10102606422707285,
  "loss_mean": 0.0,
  "loss_std": 0.0,
  "loss_trend": -7.254938528537858e-11,
  "parameter_norm": 26.453837264844857,
  "lambda_max_10": 17.809410095214844,
  "hessian_trace_10": 80.82830829620362,
  "fim_trace": 800.3396711349487,
  "step_count": 98,
  "timestamp": 1763781232.8947825,
  "num_steps": 3244032,
  "feature_compute_time_s": 8.380293846130371,
  "train_iter_time_s": 13.124332904815674,
  "init_seed": 205,
  "train_seed": 200,
  "best_reward_so_far": 1128.978604265977
}