{
  "sharpness": 1.7479927745666968,
  "gradient_smoothness": 0.3065021905086857,
  "loss_mean": 0.0,
  "loss_std": 0.0,
  "loss_trend": 3.6052371097560726e-10,
  "parameter_norm": 30.175314220602584,
  "lambda_max_10": -158.15911865234375,
  "hessian_trace_10": 1402.364501953125,
  "fim_trace": 16793.609755039215,
  "step_count": 12,
  "timestamp": 1764169343.6447296,
  "episode_reward": 1508.175537109375,
  "num_steps": 425984,
  "feature_compute_time_s": 5.271683931350708,
  "train_iter_time_s": 2.598970890045166,
  "init_seed": 200,
  "train_seed": 205,
  "best_reward_so_far": -Infinity
}