{
  "sharpness": 0.5543283754515363,
  "gradient_smoothness": 0.08002379196967228,
  "loss_mean": 0.0,
  "loss_std": 0.0,
  "loss_trend": 8.27122251653781e-12,
  "parameter_norm": 21.822491679500303,
  "lambda_max_10": -1.378096342086792,
  "hessian_trace_10": -6.796539855003357,
  "fim_trace": 53.92392942495644,
  "step_count": 26,
  "timestamp": 1763773131.3581238,
  "num_steps": 884736,
  "feature_compute_time_s": 7.7520318031311035,
  "train_iter_time_s": 12.234941244125366,
  "init_seed": 200,
  "train_seed": 203,
  "best_reward_so_far": -285.7778951554701
}