{
  "sharpness": 1.721708713001654,
  "gradient_smoothness": 0.20292559045474776,
  "loss_mean": 0.0,
  "loss_std": 0.0,
  "loss_trend": 3.526371085428979e-10,
  "parameter_norm": 29.748445641726086,
  "lambda_max_10": -32.405662536621094,
  "hessian_trace_10": 128.35477409362792,
  "fim_trace": 3167.8993379175663,
  "step_count": 10,
  "timestamp": 1764148816.249151,
  "episode_reward": 1398.9078369140625,
  "num_steps": 360448,
  "feature_compute_time_s": 7.086308479309082,
  "train_iter_time_s": 5.961589813232422,
  "init_seed": 200,
  "train_seed": 203,
  "best_reward_so_far": -Infinity
}