{
  "sharpness": 1.70566428911689,
  "gradient_smoothness": 0.1775862891790456,
  "loss_mean": 0.0,
  "loss_std": 0.0,
  "loss_trend": 2.4345969878071598e-09,
  "parameter_norm": 30.83774781590717,
  "lambda_max_10": -31.10106658935547,
  "hessian_trace_10": 218.1710647583008,
  "fim_trace": 6721.339114367962,
  "step_count": 5,
  "timestamp": 1764177120.780459,
  "episode_reward": 3007.189453125,
  "num_steps": 196608,
  "feature_compute_time_s": 4.913067102432251,
  "train_iter_time_s": 2.8664424419403076,
  "init_seed": 200,
  "train_seed": 200,
  "best_reward_so_far": -Infinity
}