{
  "sharpness": 1.3719678597136813,
  "gradient_smoothness": 0.11745285669915193,
  "loss_mean": 0.0,
  "loss_std": 0.0,
  "loss_trend": 9.799316141599809e-12,
  "parameter_norm": 32.20416258269308,
  "lambda_max_10": -26.301349639892578,
  "hessian_trace_10": 554.0855773925781,
  "fim_trace": 1699.2753215357661,
  "step_count": 292,
  "timestamp": 1763775512.6473763,
  "episode_reward": 1463.4747552651452,
  "num_steps": 9601024,
  "feature_compute_time_s": 7.6593804359436035,
  "train_iter_time_s": 19.818856716156006,
  "init_seed": 207,
  "train_seed": 200,
  "best_reward_so_far": 1993.0098351881027
}