{
  "sharpness": 1.6684517382474067,
  "gradient_smoothness": 0.0957141221221428,
  "loss_mean": 0.0,
  "loss_std": 0.0,
  "loss_trend": -1.58400509175881e-11,
  "parameter_norm": 27.985675367518493,
  "lambda_max_10": -21.172199249267578,
  "hessian_trace_10": 187.06495666503906,
  "fim_trace": 2159.5322141498327,
  "step_count": 144,
  "timestamp": 1763784026.609892,
  "num_steps": 4751360,
  "feature_compute_time_s": 7.239591360092163,
  "train_iter_time_s": 13.187705755233765,
  "init_seed": 207,
  "train_seed": 200,
  "best_reward_so_far": 1345.9080065730702
}