{
  "sharpness": 1.1369022104000321,
  "gradient_smoothness": 0.07145821717413654,
  "loss_mean": 0.0,
  "loss_std": 0.0,
  "loss_trend": 1.1536880919443348e-10,
  "parameter_norm": 34.224057233594735,
  "lambda_max_10": -17.91237449645996,
  "hessian_trace_10": 340.99336395263674,
  "fim_trace": 1619.653449933976,
  "step_count": 41,
  "timestamp": 1765443603.6334496,
  "episode_reward": -20.337379455566406,
  "num_steps": 1376256,
  "feature_compute_time_s": 5.32470178604126,
  "train_iter_time_s": 3.807788372039795,
  "init_seed": 204,
  "train_seed": 200,
  "best_reward_so_far": 860.6778216561638
}