{
  "sharpness": 2.2486616048027463,
  "gradient_smoothness": 0.17022695115109418,
  "loss_mean": 0.0,
  "loss_std": 0.0,
  "loss_trend": 1.909796157453849e-09,
  "parameter_norm": 31.422460781791514,
  "lambda_max_10": 61.26116180419922,
  "hessian_trace_10": 307.3771606445313,
  "fim_trace": 4094.546829611063,
  "step_count": 7,
  "timestamp": 1764178069.2550955,
  "episode_reward": 1375.01953125,
  "num_steps": 262144,
  "feature_compute_time_s": 5.112812042236328,
  "train_iter_time_s": 3.820659875869751,
  "init_seed": 203,
  "train_seed": 200,
  "best_reward_so_far": -Infinity
}