{
  "sharpness": 0.7138805807248155,
  "gradient_smoothness": 0.03496115470975601,
  "loss_mean": 0.0,
  "loss_std": 0.0,
  "loss_trend": 1.7838534714625672e-11,
  "parameter_norm": 24.849368043097353,
  "lambda_max_10": 3.6181156635284424,
  "hessian_trace_10": 37.05464458465576,
  "fim_trace": 101.4851332642138,
  "step_count": 40,
  "timestamp": 1763767114.4224482,
  "episode_reward": 542.0432156171257,
  "num_steps": 1343488,
  "feature_compute_time_s": 7.606435537338257,
  "train_iter_time_s": 16.079081296920776,
  "init_seed": 204,
  "train_seed": 200,
  "best_reward_so_far": 560.2872113986566
}