{
  "sharpness": 1.277281714211907,
  "gradient_smoothness": 0.001469960316370382,
  "loss_mean": 0.0,
  "loss_std": 0.0,
  "loss_trend": 1.236694085865918e-11,
  "parameter_norm": 32.53415847423315,
  "lambda_max_10": -22.645397186279297,
  "hessian_trace_10": 243.12320404052736,
  "fim_trace": 1573.7789195366204,
  "step_count": 282,
  "timestamp": 1763765503.506456,
  "episode_reward": 1910.3300106587935,
  "num_steps": 9273344,
  "feature_compute_time_s": 8.658721923828125,
  "train_iter_time_s": 15.401629447937012,
  "init_seed": 200,
  "train_seed": 203,
  "best_reward_so_far": 2246.502645363276
}