{
  "sharpness": 1.5793977254218525,
  "gradient_smoothness": 0.00490187530443667,
  "loss_mean": 0.0,
  "loss_std": 0.0,
  "loss_trend": -1.9821682797468095e-10,
  "parameter_norm": 33.80831644729542,
  "lambda_max_10": -15.676681518554688,
  "hessian_trace_10": 295.9769485473633,
  "fim_trace": 1623.8164076507092,
  "step_count": 25,
  "timestamp": 1765442855.1499386,
  "episode_reward": -37.8091926574707,
  "num_steps": 851968,
  "feature_compute_time_s": 5.5773046016693115,
  "train_iter_time_s": 3.7423477172851562,
  "init_seed": 204,
  "train_seed": 200,
  "best_reward_so_far": 515.7385417624001
}