{
  "sharpness": 1.3064726476938955,
  "gradient_smoothness": 0.013586063315782881,
  "loss_mean": 0.0,
  "loss_std": 0.0,
  "loss_trend": -4.838629234069859e-10,
  "parameter_norm": 33.7851741578443,
  "lambda_max_10": -15.705290794372559,
  "hessian_trace_10": 352.4857879638672,
  "fim_trace": 1062.5773817710578,
  "step_count": 13,
  "timestamp": 1765439102.2598727,
  "episode_reward": -7.775951862335205,
  "num_steps": 458752,
  "feature_compute_time_s": 10.59350037574768,
  "train_iter_time_s": 4.363149881362915,
  "init_seed": 201,
  "train_seed": 200,
  "best_reward_so_far": 318.43407045005085
}