{
  "sharpness": 1.7093063257225516,
  "gradient_smoothness": 0.18260794512256573,
  "loss_mean": 0.0,
  "loss_std": 0.0,
  "loss_trend": 1.7241783747126532e-09,
  "parameter_norm": 29.652546962334522,
  "lambda_max_10": -36.606693267822266,
  "hessian_trace_10": 212.57729415893556,
  "fim_trace": 6042.952588245273,
  "step_count": 10,
  "timestamp": 1764168332.804659,
  "episode_reward": 2274.759521484375,
  "num_steps": 360448,
  "feature_compute_time_s": 9.74207067489624,
  "train_iter_time_s": 4.088249206542969,
  "init_seed": 205,
  "train_seed": 200,
  "best_reward_so_far": -Infinity
}