{
  "sharpness": 2.1398178053256207,
  "gradient_smoothness": 0.1544705996111841,
  "loss_mean": 0.0,
  "loss_std": 0.0,
  "loss_trend": 2.778622709405561e-09,
  "parameter_norm": 41.277814780129354,
  "lambda_max_10": -40.73454284667969,
  "hessian_trace_10": 310.7195129394531,
  "fim_trace": 4336.152656361461,
  "step_count": 4,
  "timestamp": 1766080571.0328236,
  "episode_reward": 878.7402954101562,
  "num_steps": 163840,
  "feature_compute_time_s": 5.321319341659546,
  "train_iter_time_s": 2.947059154510498,
  "init_seed": 200,
  "train_seed": 206,
  "best_reward_so_far": -Infinity
}