{
  "sharpness": 2.0189148968989916,
  "gradient_smoothness": 0.19436315775903826,
  "loss_mean": 0.0,
  "loss_std": 0.0,
  "loss_trend": -3.926670550610199e-10,
  "parameter_norm": 29.13959973005678,
  "lambda_max_10": -17.844045639038086,
  "hessian_trace_10": -11.557067680358887,
  "fim_trace": 1895.1185908019543,
  "step_count": 3,
  "timestamp": 1764158624.7307267,
  "episode_reward": 3960.170166015625,
  "num_steps": 131072,
  "feature_compute_time_s": 5.1068150997161865,
  "train_iter_time_s": 3.0729799270629883,
  "init_seed": 204,
  "train_seed": 200,
  "best_reward_so_far": -Infinity
}