{
  "sharpness": 1.516306637411284,
  "gradient_smoothness": 0.0009170836746531454,
  "loss_mean": 0.0,
  "loss_std": 0.0,
  "loss_trend": -1.1826339473514584e-11,
  "parameter_norm": 26.91283018326293,
  "lambda_max_10": -5.882486820220947,
  "hessian_trace_10": 65.49539470672607,
  "fim_trace": 187.8927530758083,
  "step_count": 70,
  "timestamp": 1763760804.4099267,
  "episode_reward": 944.4776367399237,
  "num_steps": 2326528,
  "feature_compute_time_s": 8.49608063697815,
  "train_iter_time_s": 20.34685778617859,
  "init_seed": 200,
  "train_seed": 201,
  "best_reward_so_far": 995.3635062436703
}