{
  "sharpness": 0.7581482873899144,
  "gradient_smoothness": 0.034768326862232704,
  "loss_mean": 0.0,
  "loss_std": 0.0,
  "loss_trend": -7.49550011691834e-11,
  "parameter_norm": 23.817871646002597,
  "lambda_max_10": 6.991990566253662,
  "hessian_trace_10": 42.732612419128415,
  "fim_trace": 182.85338433645666,
  "step_count": 47,
  "timestamp": 1763780173.1013575,
  "num_steps": 1572864,
  "feature_compute_time_s": 7.293372869491577,
  "train_iter_time_s": 13.933542966842651,
  "init_seed": 205,
  "train_seed": 200,
  "best_reward_so_far": 460.8832789821549
}