{
  "sharpness": 1.317624070388128,
  "gradient_smoothness": 0.02934252391261823,
  "loss_mean": 0.0,
  "loss_std": 0.0,
  "loss_trend": -1.1522250311577673e-12,
  "parameter_norm": 31.649121304053907,
  "lambda_max_10": -21.751304626464844,
  "hessian_trace_10": 348.4578002929687,
  "fim_trace": 1647.6033664308488,
  "step_count": 180,
  "timestamp": 1763763526.311929,
  "episode_reward": 1126.457610707909,
  "num_steps": 5931008,
  "feature_compute_time_s": 7.875442266464233,
  "train_iter_time_s": 18.62671709060669,
  "init_seed": 200,
  "train_seed": 205,
  "best_reward_so_far": 1369.258500086127
}