{
  "sharpness": 1.5940463358344923,
  "gradient_smoothness": 0.2702778240084486,
  "loss_mean": 0.0,
  "loss_std": 0.0,
  "loss_trend": 1.1790403145112612e-10,
  "parameter_norm": 29.75485593313861,
  "lambda_max_10": 10.350349426269531,
  "hessian_trace_10": 193.4700782775879,
  "fim_trace": 2895.919150352478,
  "step_count": 10,
  "timestamp": 1764167446.8023267,
  "episode_reward": 1606.2662353515625,
  "num_steps": 360448,
  "feature_compute_time_s": 5.93000602722168,
  "train_iter_time_s": 4.4702394008636475,
  "init_seed": 200,
  "train_seed": 203,
  "best_reward_so_far": -Infinity
}