{
  "sharpness": 2.215497920076988,
  "gradient_smoothness": 0.6234285453404941,
  "loss_mean": 0.0,
  "loss_std": 0.0,
  "loss_trend": 2.7259115966279743e-10,
  "parameter_norm": 29.587479935060024,
  "lambda_max_10": 32.98546600341797,
  "hessian_trace_10": 50.68149833679199,
  "fim_trace": 4836.643308490515,
  "step_count": 14,
  "timestamp": 1764169444.6637447,
  "episode_reward": 1612.2120361328125,
  "num_steps": 491520,
  "feature_compute_time_s": 10.665906429290771,
  "train_iter_time_s": 3.7946088314056396,
  "init_seed": 200,
  "train_seed": 201,
  "best_reward_so_far": -Infinity
}