{
  "sharpness": 1.629511173338852,
  "gradient_smoothness": 0.3000263081000143,
  "loss_mean": 0.0,
  "loss_std": 0.0,
  "loss_trend": -2.1927009141276223e-11,
  "parameter_norm": 27.23442284298962,
  "lambda_max_10": -18.011173248291016,
  "hessian_trace_10": 113.25878162384033,
  "fim_trace": 1430.4793304502964,
  "step_count": 125,
  "timestamp": 1763774009.8703513,
  "episode_reward": 1238.0324117331297,
  "num_steps": 4128768,
  "feature_compute_time_s": 5.445400953292847,
  "train_iter_time_s": 11.453973293304443,
  "init_seed": 200,
  "train_seed": 201,
  "best_reward_so_far": 1238.0324117331297
}