{
  "sharpness": 2.5042452953698584,
  "gradient_smoothness": 0.21751250843257616,
  "loss_mean": 0.0,
  "loss_std": 0.0,
  "loss_trend": 1.5329049411391253e-09,
  "parameter_norm": 46.04838852400166,
  "lambda_max_10": -69.50516510009766,
  "hessian_trace_10": 752.6271362304688,
  "fim_trace": 11642.897527351975,
  "step_count": 10,
  "timestamp": 1765469250.423403,
  "episode_reward": -65.96806335449219,
  "num_steps": 360448,
  "feature_compute_time_s": 6.274847507476807,
  "train_iter_time_s": 5.481587886810303,
  "init_seed": 201,
  "train_seed": 200,
  "best_reward_so_far": 31.86345714183784
}