{
  "sharpness": 1.9054801176508585,
  "gradient_smoothness": 0.1441603827506593,
  "loss_mean": 0.0,
  "loss_std": 0.0,
  "loss_trend": 1.372721323910858e-11,
  "parameter_norm": 28.913166794633003,
  "lambda_max_10": -32.22232437133789,
  "hessian_trace_10": 173.48686447143555,
  "fim_trace": 3587.831179782748,
  "step_count": 206,
  "timestamp": 1763785391.9298062,
  "num_steps": 6782976,
  "feature_compute_time_s": 8.82995080947876,
  "train_iter_time_s": 13.676175832748413,
  "init_seed": 207,
  "train_seed": 200,
  "best_reward_so_far": 1434.58736092986
}