{
  "sharpness": 1.7046324347913462,
  "gradient_smoothness": 0.2085633443713858,
  "loss_mean": 0.0,
  "loss_std": 0.0,
  "loss_trend": 3.8386073316938464e-09,
  "parameter_norm": 29.855038408478414,
  "lambda_max_10": -31.960098266601562,
  "hessian_trace_10": 178.13604564666747,
  "fim_trace": 4195.7347652465105,
  "step_count": 3,
  "timestamp": 1764169257.3279936,
  "episode_reward": 1648.1461181640625,
  "num_steps": 131072,
  "feature_compute_time_s": 5.228740692138672,
  "train_iter_time_s": 2.6471059322357178,
  "init_seed": 200,
  "train_seed": 203,
  "best_reward_so_far": -Infinity
}