{
  "sharpness": 1.5062729120060125,
  "gradient_smoothness": 0.11400482508773295,
  "loss_mean": 0.0,
  "loss_std": 0.0,
  "loss_trend": -2.0022899066760683e-11,
  "parameter_norm": 29.05369548319137,
  "lambda_max_10": 15.577190399169922,
  "hessian_trace_10": 123.87999649047852,
  "fim_trace": 1236.6100185588002,
  "step_count": 277,
  "timestamp": 1763783200.1940095,
  "num_steps": 9109504,
  "feature_compute_time_s": 4.981584548950195,
  "train_iter_time_s": 7.286516189575195,
  "init_seed": 206,
  "train_seed": 200,
  "best_reward_so_far": 1243.6456426253371
}