{
  "sharpness": 0.6173828271834555,
  "gradient_smoothness": 0.020111133978582583,
  "loss_mean": 0.0,
  "loss_std": 0.0,
  "loss_trend": -7.39046095858929e-11,
  "parameter_norm": 23.870298236826706,
  "lambda_max_10": 2.3767621517181396,
  "hessian_trace_10": 16.834077572822572,
  "fim_trace": 74.1018731072545,
  "step_count": 31,
  "timestamp": 1763766215.3950984,
  "episode_reward": 547.7503246610652,
  "num_steps": 1048576,
  "feature_compute_time_s": 5.853396415710449,
  "train_iter_time_s": 12.266416788101196,
  "init_seed": 201,
  "train_seed": 200,
  "best_reward_so_far": 547.7503246610652
}