{
  "sharpness": 1.4256574160977837,
  "gradient_smoothness": 0.22008839210911174,
  "loss_mean": 0.0,
  "loss_std": 0.0,
  "loss_trend": -6.043991586335053e-10,
  "parameter_norm": 102.51741636457854,
  "lambda_max_10": -13.23646354675293,
  "hessian_trace_10": -22.252472114562988,
  "fim_trace": 2371.180986760184,
  "step_count": 9,
  "timestamp": 1765469993.5353444,
  "episode_reward": -19.790283203125,
  "num_steps": 327680,
  "feature_compute_time_s": 6.158587694168091,
  "train_iter_time_s": 4.1196653842926025,
  "init_seed": 204,
  "train_seed": 200,
  "best_reward_so_far": -4.1025206018382345
}