{
  "sharpness": 0.2665181728559538,
  "gradient_smoothness": 0.028750425513465374,
  "loss_mean": 0.0,
  "loss_std": 0.0,
  "loss_trend": 2.944985894514942e-10,
  "parameter_norm": 21.03163461779173,
  "lambda_max_10": 1.1422841548919678,
  "hessian_trace_10": 4.731642258167267,
  "fim_trace": 33.609620191156864,
  "step_count": 6,
  "timestamp": 1763763649.8030775,
  "episode_reward": 61.44965424571389,
  "num_steps": 229376,
  "feature_compute_time_s": 4.833439111709595,
  "train_iter_time_s": 9.544769763946533,
  "init_seed": 200,
  "train_seed": 200,
  "best_reward_so_far": 61.44965424571389
}