{
  "sharpness": 1.3103484447463711,
  "gradient_smoothness": 0.03345228544933603,
  "loss_mean": 0.0,
  "loss_std": 0.0,
  "loss_trend": 4.077115883841688e-11,
  "parameter_norm": 29.785640415905817,
  "lambda_max_10": -13.243661880493164,
  "hessian_trace_10": 300.8891174316406,
  "fim_trace": 893.4580127336085,
  "step_count": 123,
  "timestamp": 1763765422.1613913,
  "episode_reward": 694.3969018062406,
  "num_steps": 4063232,
  "feature_compute_time_s": 4.8883819580078125,
  "train_iter_time_s": 10.905880451202393,
  "init_seed": 200,
  "train_seed": 200,
  "best_reward_so_far": 825.5063438058102
}