{
  "sharpness": 2.1067091358441554,
  "gradient_smoothness": 0.07767572660725271,
  "loss_mean": 0.0,
  "loss_std": 0.0,
  "loss_trend": 7.574837377370644e-12,
  "parameter_norm": 29.05609028260334,
  "lambda_max_10": 3.866776466369629,
  "hessian_trace_10": 37.03637285232544,
  "fim_trace": 2494.9908288419247,
  "step_count": 241,
  "timestamp": 1763779782.0231614,
  "num_steps": 7929856,
  "feature_compute_time_s": 5.866797685623169,
  "train_iter_time_s": 12.226850509643555,
  "init_seed": 200,
  "train_seed": 207,
  "best_reward_so_far": 1885.6808113633829
}