{
  "sharpness": 1.2781171714079909,
  "gradient_smoothness": 0.1956319971614229,
  "loss_mean": 0.0,
  "loss_std": 0.0,
  "loss_trend": -8.573134351295548e-11,
  "parameter_norm": 34.122067176423165,
  "lambda_max_10": -46.04377365112305,
  "hessian_trace_10": 470.7818664550781,
  "fim_trace": 3745.936559945345,
  "step_count": 54,
  "timestamp": 1765441375.0899372,
  "episode_reward": 41.991065979003906,
  "num_steps": 1802240,
  "feature_compute_time_s": 7.585763216018677,
  "train_iter_time_s": 4.796764373779297,
  "init_seed": 200,
  "train_seed": 206,
  "best_reward_so_far": 1080.7758554711884
}