{
  "sharpness": 2.1515403446523313,
  "gradient_smoothness": 0.3847752321080102,
  "loss_mean": 0.0,
  "loss_std": 0.0,
  "loss_trend": -3.258056127388634e-11,
  "parameter_norm": 29.50950612151472,
  "lambda_max_10": -53.19166946411133,
  "hessian_trace_10": 455.7727020263672,
  "fim_trace": 3378.7931296527386,
  "step_count": 299,
  "timestamp": 1763771936.6423864,
  "num_steps": 9830400,
  "feature_compute_time_s": 4.457348585128784,
  "train_iter_time_s": 8.76925015449524,
  "init_seed": 200,
  "train_seed": 200,
  "best_reward_so_far": 1269.1137796691619
}