{
  "sharpness": 1.633481392108988,
  "gradient_smoothness": 0.3240958567396007,
  "loss_mean": 0.0,
  "loss_std": 0.0,
  "loss_trend": -7.049398020594803e-12,
  "parameter_norm": 29.52712615061181,
  "lambda_max_10": -19.939165115356445,
  "hessian_trace_10": 301.19620513916016,
  "fim_trace": 4637.931158430874,
  "step_count": 267,
  "timestamp": 1763780183.7739983,
  "num_steps": 8781824,
  "feature_compute_time_s": 9.578006505966187,
  "train_iter_time_s": 12.827585697174072,
  "init_seed": 200,
  "train_seed": 206,
  "best_reward_so_far": 1168.561416152089
}