{
  "sharpness": 1.9032077912921481,
  "gradient_smoothness": 0.326284526036016,
  "loss_mean": 0.0,
  "loss_std": 0.0,
  "loss_trend": -3.8688998314063553e-10,
  "parameter_norm": 32.105281381368265,
  "lambda_max_10": -69.68168640136719,
  "hessian_trace_10": 646.5512435913085,
  "fim_trace": 6871.014377176762,
  "step_count": 11,
  "timestamp": 1764177534.3029764,
  "episode_reward": 1088.1336669921875,
  "num_steps": 393216,
  "feature_compute_time_s": 6.2752296924591064,
  "train_iter_time_s": 3.439765214920044,
  "init_seed": 200,
  "train_seed": 200,
  "best_reward_so_far": -Infinity
}