{
  "sharpness": 0.6064306918666842,
  "gradient_smoothness": 0.00469266180881195,
  "loss_mean": 0.0,
  "loss_std": 0.0,
  "loss_trend": -3.310477023421135e-10,
  "parameter_norm": 21.901044060810708,
  "lambda_max_10": -2.1604042053222656,
  "hessian_trace_10": -13.458493089675903,
  "fim_trace": 64.22427569702268,
  "step_count": 26,
  "timestamp": 1763776464.4807723,
  "num_steps": 884736,
  "feature_compute_time_s": 8.282392978668213,
  "train_iter_time_s": 14.188321352005005,
  "init_seed": 201,
  "train_seed": 200,
  "best_reward_so_far": -268.61471429214737
}