{
  "sharpness": 1.3083142284002296,
  "gradient_smoothness": 0.08556812366461894,
  "loss_mean": 0.0,
  "loss_std": 0.0,
  "loss_trend": -2.1530445423689796e-10,
  "parameter_norm": 34.33296060138398,
  "lambda_max_10": -19.366405487060547,
  "hessian_trace_10": 516.0282318115235,
  "fim_trace": 1711.5508805550635,
  "step_count": 28,
  "timestamp": 1765440815.456049,
  "episode_reward": -2.2158114910125732,
  "num_steps": 950272,
  "feature_compute_time_s": 5.428887605667114,
  "train_iter_time_s": 4.228366136550903,
  "init_seed": 201,
  "train_seed": 200,
  "best_reward_so_far": 794.5061356248879
}