{
  "sharpness": 1.2010106060769217,
  "gradient_smoothness": 0.008220931572552412,
  "loss_mean": 0.0,
  "loss_std": 0.0,
  "loss_trend": 1.9080878409273603e-10,
  "parameter_norm": 34.073761910276744,
  "lambda_max_10": -29.128772735595703,
  "hessian_trace_10": 422.1094665527344,
  "fim_trace": 2787.5456707291305,
  "step_count": 46,
  "timestamp": 1765441868.8842554,
  "episode_reward": 1093.4561767578125,
  "num_steps": 1540096,
  "feature_compute_time_s": 6.561903953552246,
  "train_iter_time_s": 4.818073987960815,
  "init_seed": 200,
  "train_seed": 201,
  "best_reward_so_far": 888.7565898196241
}