{
  "sharpness": 2.0973843096339295,
  "gradient_smoothness": 0.6119392973111822,
  "loss_mean": 0.0,
  "loss_std": 0.0,
  "loss_trend": -1.7684006540279303e-10,
  "parameter_norm": 46.16313388156809,
  "lambda_max_10": -72.77911376953125,
  "hessian_trace_10": 1564.0573486328126,
  "fim_trace": 22564.838897027075,
  "step_count": 14,
  "timestamp": 1765469504.7047415,
  "episode_reward": -4.370542049407959,
  "num_steps": 491520,
  "feature_compute_time_s": 8.75269603729248,
  "train_iter_time_s": 7.254590749740601,
  "init_seed": 200,
  "train_seed": 206,
  "best_reward_so_far": -3.610292732727277
}