{
  "sharpness": 2.4179937874504245,
  "gradient_smoothness": 0.05145998377545403,
  "loss_mean": 0.0,
  "loss_std": 0.0,
  "loss_trend": -3.0007615842146095e-11,
  "parameter_norm": 28.733436429245184,
  "lambda_max_10": 0.7176753878593445,
  "hessian_trace_10": -99.16847810745239,
  "fim_trace": 1598.3840503394604,
  "step_count": 231,
  "timestamp": 1763782953.082877,
  "num_steps": 7602176,
  "feature_compute_time_s": 5.318339109420776,
  "train_iter_time_s": 10.39020323753357,
  "init_seed": 204,
  "train_seed": 200,
  "best_reward_so_far": 2362.191069493134
}