{
  "sharpness": 1.4565768331165116,
  "gradient_smoothness": 0.018663764773377632,
  "loss_mean": 0.0,
  "loss_std": 0.0,
  "loss_trend": 6.988061023482536e-12,
  "parameter_norm": 27.39796530897931,
  "lambda_max_10": -7.802355766296387,
  "hessian_trace_10": 79.68199348449707,
  "fim_trace": 310.4028356038034,
  "step_count": 77,
  "timestamp": 1763760780.334325,
  "episode_reward": 656.9697004599915,
  "num_steps": 2555904,
  "feature_compute_time_s": 8.121938467025757,
  "train_iter_time_s": 16.745997190475464,
  "init_seed": 200,
  "train_seed": 203,
  "best_reward_so_far": 715.273252647724
}