{
  "sharpness": 1.438639539571061,
  "gradient_smoothness": 0.3355955165224706,
  "loss_mean": 0.0,
  "loss_std": 0.0,
  "loss_trend": -1.0494388193852862e-10,
  "parameter_norm": 33.25882016071527,
  "lambda_max_10": -42.89369201660156,
  "hessian_trace_10": 734.8541564941406,
  "fim_trace": 2865.080955322832,
  "step_count": 12,
  "timestamp": 1765468586.3704894,
  "episode_reward": -18.36451530456543,
  "num_steps": 425984,
  "feature_compute_time_s": 5.685234308242798,
  "train_iter_time_s": 3.7060344219207764,
  "init_seed": 202,
  "train_seed": 200,
  "best_reward_so_far": 11.347594196666964
}