{
  "sharpness": 1.2056549412459732,
  "gradient_smoothness": 0.04491956881669782,
  "loss_mean": 0.0,
  "loss_std": 0.0,
  "loss_trend": -5.406573715941535e-12,
  "parameter_norm": 31.078987943555326,
  "lambda_max_10": -10.637632369995117,
  "hessian_trace_10": 585.8446319580078,
  "fim_trace": 2127.712132051587,
  "step_count": 157,
  "timestamp": 1763762686.2246716,
  "episode_reward": 1205.1016495289264,
  "num_steps": 5177344,
  "feature_compute_time_s": 7.026827573776245,
  "train_iter_time_s": 19.17224621772766,
  "init_seed": 200,
  "train_seed": 202,
  "best_reward_so_far": 1407.3828985638045
}