{
  "sharpness": 1.8698667672344587,
  "gradient_smoothness": 0.29244783094566185,
  "loss_mean": 0.0,
  "loss_std": 0.0,
  "loss_trend": -1.1823835398295541e-09,
  "parameter_norm": 29.81261529063905,
  "lambda_max_10": -38.7321891784668,
  "hessian_trace_10": 86.3463846206665,
  "fim_trace": 3517.6991662681103,
  "step_count": 3,
  "timestamp": 1764169724.8478491,
  "episode_reward": 1675.2452392578125,
  "num_steps": 131072,
  "feature_compute_time_s": 5.214401721954346,
  "train_iter_time_s": 2.6058907508850098,
  "init_seed": 200,
  "train_seed": 203,
  "best_reward_so_far": -Infinity
}