{
  "sharpness": 0.8329654892316355,
  "gradient_smoothness": 0.04583845600801598,
  "loss_mean": 0.0,
  "loss_std": 0.0,
  "loss_trend": -6.428921507777855e-11,
  "parameter_norm": 25.251843404919907,
  "lambda_max_10": 7.406490325927734,
  "hessian_trace_10": 74.34533195495605,
  "fim_trace": 270.01532708108425,
  "step_count": 70,
  "timestamp": 1763776433.1181772,
  "num_steps": 2326528,
  "feature_compute_time_s": 7.645139455795288,
  "train_iter_time_s": 13.760695934295654,
  "init_seed": 200,
  "train_seed": 207,
  "best_reward_so_far": 622.6300506420887
}