{
  "sharpness": 1.7486805343673584,
  "gradient_smoothness": 0.2724836080256776,
  "loss_mean": 0.0,
  "loss_std": 0.0,
  "loss_trend": -4.5702410518163436e-10,
  "parameter_norm": 29.986967746210848,
  "lambda_max_10": -151.1510772705078,
  "hessian_trace_10": 840.1371551513672,
  "fim_trace": 13939.875621519983,
  "step_count": 10,
  "timestamp": 1764167108.730735,
  "episode_reward": 1424.9617919921875,
  "num_steps": 360448,
  "feature_compute_time_s": 6.6830363273620605,
  "train_iter_time_s": 3.5631375312805176,
  "init_seed": 200,
  "train_seed": 205,
  "best_reward_so_far": -Infinity
}