{
  "sharpness": 1.7442482669684998,
  "gradient_smoothness": 0.2160460407118517,
  "loss_mean": 0.0,
  "loss_std": 0.0,
  "loss_trend": -4.4363654717151075e-11,
  "parameter_norm": 29.055535989682003,
  "lambda_max_10": 10.307168960571289,
  "hessian_trace_10": 159.15372161865236,
  "fim_trace": 1370.397184818983,
  "step_count": 280,
  "timestamp": 1763783238.1970038,
  "num_steps": 9207808,
  "feature_compute_time_s": 4.310278415679932,
  "train_iter_time_s": 8.318472623825073,
  "init_seed": 206,
  "train_seed": 200,
  "best_reward_so_far": 1243.6456426253371
}