{
  "sharpness": 2.0580071877305235,
  "gradient_smoothness": 0.07315668431465253,
  "loss_mean": 0.0,
  "loss_std": 0.0,
  "loss_trend": 5.560940906803263e-13,
  "parameter_norm": 27.753103595206806,
  "lambda_max_10": -8.781240463256836,
  "hessian_trace_10": 59.57811870574951,
  "fim_trace": 1526.3473349958658,
  "step_count": 143,
  "timestamp": 1763774314.8705475,
  "num_steps": 4718592,
  "feature_compute_time_s": 5.493327856063843,
  "train_iter_time_s": 9.971794843673706,
  "init_seed": 200,
  "train_seed": 201,
  "best_reward_so_far": 1301.5010224105213
}