{
  "sharpness": 1.265176068293865,
  "gradient_smoothness": 0.059334211837403214,
  "loss_mean": 0.0,
  "loss_std": 0.0,
  "loss_trend": 1.449038684425371e-10,
  "parameter_norm": 34.10064965135829,
  "lambda_max_10": 9.464561462402344,
  "hessian_trace_10": 684.6296936035156,
  "fim_trace": 1938.146293386817,
  "step_count": 46,
  "timestamp": 1765441764.3323777,
  "episode_reward": 606.47216796875,
  "num_steps": 1540096,
  "feature_compute_time_s": 10.640908002853394,
  "train_iter_time_s": 3.7352688312530518,
  "init_seed": 200,
  "train_seed": 200,
  "best_reward_so_far": 745.4058512150297
}