{
  "sharpness": 1.974758395709635,
  "gradient_smoothness": 0.11493305103407431,
  "loss_mean": 0.0,
  "loss_std": 0.0,
  "loss_trend": -1.7011221519606677e-11,
  "parameter_norm": 29.44253321333932,
  "lambda_max_10": -32.141666412353516,
  "hessian_trace_10": 125.26007652282715,
  "fim_trace": 2360.5715252757072,
  "step_count": 252,
  "timestamp": 1763771344.1082828,
  "num_steps": 8290304,
  "feature_compute_time_s": 4.571484088897705,
  "train_iter_time_s": 8.444779396057129,
  "init_seed": 200,
  "train_seed": 200,
  "best_reward_so_far": 1269.1137796691619
}