{
  "sharpness": 1.8122965090054222,
  "gradient_smoothness": 0.11710572320068686,
  "loss_mean": 0.0,
  "loss_std": 0.0,
  "loss_trend": 4.249419479815653e-09,
  "parameter_norm": 102.40858422046078,
  "lambda_max_10": -10.449060440063477,
  "hessian_trace_10": -19.927651786804198,
  "fim_trace": 5753.357422482222,
  "step_count": 4,
  "timestamp": 1765469430.1566122,
  "episode_reward": -12.195833206176758,
  "num_steps": 163840,
  "feature_compute_time_s": 7.030337333679199,
  "train_iter_time_s": 4.743907928466797,
  "init_seed": 200,
  "train_seed": 201,
  "best_reward_so_far": -6.264303895889035
}