{
  "sharpness": 1.264695177520442,
  "gradient_smoothness": 0.046490783054684404,
  "loss_mean": 0.0,
  "loss_std": 0.0,
  "loss_trend": 3.062423487218011e-11,
  "parameter_norm": 29.66643304849444,
  "lambda_max_10": -10.617375373840332,
  "hessian_trace_10": 152.79215240478516,
  "fim_trace": 586.9404301941395,
  "step_count": 120,
  "timestamp": 1763769971.4027407,
  "episode_reward": 995.6330649978075,
  "num_steps": 3964928,
  "feature_compute_time_s": 9.445930004119873,
  "train_iter_time_s": 19.100203275680542,
  "init_seed": 205,
  "train_seed": 200,
  "best_reward_so_far": 1033.7637112278737
}