{
  "sharpness": 2.720677638274975,
  "gradient_smoothness": 0.14195447970258465,
  "loss_mean": 0.0,
  "loss_std": 0.0,
  "loss_trend": -2.619278482976852e-10,
  "parameter_norm": 29.958780637376012,
  "lambda_max_10": -39.858402252197266,
  "hessian_trace_10": 368.68062057495115,
  "fim_trace": 2038.373196452856,
  "step_count": 6,
  "timestamp": 1764168200.676247,
  "episode_reward": 1377.7095947265625,
  "num_steps": 229376,
  "feature_compute_time_s": 9.472729682922363,
  "train_iter_time_s": 4.774249315261841,
  "init_seed": 201,
  "train_seed": 200,
  "best_reward_so_far": -Infinity
}