{
  "sharpness": 0.8664695877397078,
  "gradient_smoothness": 0.019119086487939013,
  "loss_mean": 0.0,
  "loss_std": 0.0,
  "loss_trend": -2.9651037590524476e-10,
  "parameter_norm": 21.798454695675762,
  "lambda_max_10": -2.8713724613189697,
  "hessian_trace_10": -19.304851055145264,
  "fim_trace": 68.33069260045886,
  "step_count": 25,
  "timestamp": 1763773489.4094098,
  "num_steps": 851968,
  "feature_compute_time_s": 10.53040337562561,
  "train_iter_time_s": 10.35542607307434,
  "init_seed": 200,
  "train_seed": 204,
  "best_reward_so_far": -277.5810413466993
}