{
  "sharpness": 1.6820956437188261,
  "gradient_smoothness": 0.04440851849911649,
  "loss_mean": 0.0,
  "loss_std": 0.0,
  "loss_trend": 5.235087883587412e-13,
  "parameter_norm": 29.529058745237442,
  "lambda_max_10": -20.667882919311523,
  "hessian_trace_10": 446.4436096191406,
  "fim_trace": 1070.666728425771,
  "step_count": 115,
  "timestamp": 1763768294.0951698,
  "episode_reward": 1425.3212966523972,
  "num_steps": 3801088,
  "feature_compute_time_s": 5.196225166320801,
  "train_iter_time_s": 14.709304332733154,
  "init_seed": 202,
  "train_seed": 200,
  "best_reward_so_far": 1622.6100242404088
}