{
  "sharpness": 1.1619778659207116,
  "gradient_smoothness": 0.006633482633066408,
  "loss_mean": 0.0,
  "loss_std": 0.0,
  "loss_trend": -5.4551571133474455e-11,
  "parameter_norm": 32.06566338230122,
  "lambda_max_10": -24.586429595947266,
  "hessian_trace_10": 431.6272216796875,
  "fim_trace": 1484.5905134603381,
  "step_count": 228,
  "timestamp": 1763767003.9535518,
  "episode_reward": 793.4252108483954,
  "num_steps": 7503872,
  "feature_compute_time_s": 5.40207576751709,
  "train_iter_time_s": 9.37735629081726,
  "init_seed": 200,
  "train_seed": 200,
  "best_reward_so_far": 825.5063438058102
}