{
  "sharpness": 1.1401300510164525,
  "gradient_smoothness": 0.14145522022180282,
  "loss_mean": 0.0,
  "loss_std": 0.0,
  "loss_trend": -1.8718145934032376e-11,
  "parameter_norm": 32.87667388719835,
  "lambda_max_10": -26.09221839904785,
  "hessian_trace_10": 296.2233459472656,
  "fim_trace": 2084.6210581213236,
  "step_count": 287,
  "timestamp": 1763765096.425748,
  "episode_reward": 1509.6304362351925,
  "num_steps": 9437184,
  "feature_compute_time_s": 8.024097204208374,
  "train_iter_time_s": 13.911268949508667,
  "init_seed": 200,
  "train_seed": 200,
  "best_reward_so_far": 2012.0771851666414
}