{
  "sharpness": 1.2875988574007424,
  "gradient_smoothness": 0.038511047567417786,
  "loss_mean": 0.0,
  "loss_std": 0.0,
  "loss_trend": -4.157637963679603e-11,
  "parameter_norm": 31.92320925738021,
  "lambda_max_10": -33.88528060913086,
  "hessian_trace_10": 383.57932510375974,
  "fim_trace": 2852.1218640618026,
  "step_count": 197,
  "timestamp": 1763761884.4831269,
  "episode_reward": 1326.9377813441026,
  "num_steps": 6488064,
  "feature_compute_time_s": 5.3331286907196045,
  "train_iter_time_s": 10.766800165176392,
  "init_seed": 200,
  "train_seed": 206,
  "best_reward_so_far": 1451.031802439064
}