{
  "sharpness": 1.2508188247912297,
  "gradient_smoothness": 0.08751886156429381,
  "loss_mean": 0.0,
  "loss_std": 0.0,
  "loss_trend": 6.985459933790931e-11,
  "parameter_norm": 32.07885070953211,
  "lambda_max_10": -29.88448715209961,
  "hessian_trace_10": 395.57983551025393,
  "fim_trace": 1764.1705334708095,
  "step_count": 257,
  "timestamp": 1763766137.1390429,
  "episode_reward": 1365.771492082856,
  "num_steps": 8454144,
  "feature_compute_time_s": 8.03579044342041,
  "train_iter_time_s": 19.917481899261475,
  "init_seed": 200,
  "train_seed": 201,
  "best_reward_so_far": 1688.5474743523605
}