{
  "sharpness": 1.620606535676872,
  "gradient_smoothness": 0.260400792952816,
  "loss_mean": 0.0,
  "loss_std": 0.0,
  "loss_trend": 1.2407139012609739e-11,
  "parameter_norm": 29.408257806784437,
  "lambda_max_10": -26.820852279663086,
  "hessian_trace_10": 262.75108947753904,
  "fim_trace": 3545.1531804054976,
  "step_count": 296,
  "timestamp": 1763778202.7354062,
  "num_steps": 9732096,
  "feature_compute_time_s": 8.962945699691772,
  "train_iter_time_s": 12.319106817245483,
  "init_seed": 200,
  "train_seed": 203,
  "best_reward_so_far": 1567.2812184475533
}