{
  "sharpness": 1.2600599360230162,
  "gradient_smoothness": 0.06419229437278737,
  "loss_mean": 0.0,
  "loss_std": 0.0,
  "loss_trend": 4.630360094676339e-11,
  "parameter_norm": 33.49882992127557,
  "lambda_max_10": -26.36473274230957,
  "hessian_trace_10": 459.5545135498047,
  "fim_trace": 2290.916617870331,
  "step_count": 22,
  "timestamp": 1765440018.5626874,
  "episode_reward": 999.8446044921875,
  "num_steps": 753664,
  "feature_compute_time_s": 6.0426857471466064,
  "train_iter_time_s": 4.098856687545776,
  "init_seed": 200,
  "train_seed": 201,
  "best_reward_so_far": 435.8956517285536
}