{
  "sharpness": 1.4848800186536601,
  "gradient_smoothness": 0.013818146892346126,
  "loss_mean": 0.0,
  "loss_std": 0.0,
  "loss_trend": -1.6153287360325737e-11,
  "parameter_norm": 29.915323715907537,
  "lambda_max_10": -16.383373260498047,
  "hessian_trace_10": 286.9620666503906,
  "fim_trace": 779.981858626008,
  "step_count": 120,
  "timestamp": 1763761943.722739,
  "episode_reward": 1136.6970414828734,
  "num_steps": 3964928,
  "feature_compute_time_s": 9.919044017791748,
  "train_iter_time_s": 16.717905282974243,
  "init_seed": 200,
  "train_seed": 205,
  "best_reward_so_far": 1192.6427749060606
}