{
  "sharpness": 1.207384796207196,
  "gradient_smoothness": 0.2551349300764413,
  "loss_mean": 0.0,
  "loss_std": 0.0,
  "loss_trend": -1.4107974726850256e-11,
  "parameter_norm": 34.305815717507215,
  "lambda_max_10": -36.74900436401367,
  "hessian_trace_10": 662.5609771728516,
  "fim_trace": 3944.770744729787,
  "step_count": 55,
  "timestamp": 1765444789.2841349,
  "episode_reward": -30.679136276245117,
  "num_steps": 1835008,
  "feature_compute_time_s": 6.329344034194946,
  "train_iter_time_s": 4.393673658370972,
  "init_seed": 206,
  "train_seed": 200,
  "best_reward_so_far": 811.437807108683
}