{
  "sharpness": 1.9079874990431154,
  "gradient_smoothness": 0.062282247696065274,
  "loss_mean": 0.0,
  "loss_std": 0.0,
  "loss_trend": -3.264496539642363e-11,
  "parameter_norm": 28.2551930475531,
  "lambda_max_10": -33.56122970581055,
  "hessian_trace_10": 275.3332103729248,
  "fim_trace": 3144.1990617215633,
  "step_count": 155,
  "timestamp": 1763775976.0175805,
  "num_steps": 5111808,
  "feature_compute_time_s": 7.267613172531128,
  "train_iter_time_s": 11.694979906082153,
  "init_seed": 200,
  "train_seed": 204,
  "best_reward_so_far": 1079.4461959421221
}