{
  "sharpness": 2.231686391130088,
  "gradient_smoothness": 0.06899699742610287,
  "loss_mean": 0.0,
  "loss_std": 0.0,
  "loss_trend": 4.151349148426849e-12,
  "parameter_norm": 29.077070289669617,
  "lambda_max_10": 18.516202926635742,
  "hessian_trace_10": 19.564742374420167,
  "fim_trace": 2331.396397650242,
  "step_count": 245,
  "timestamp": 1763779862.323239,
  "num_steps": 8060928,
  "feature_compute_time_s": 6.531580686569214,
  "train_iter_time_s": 13.037814617156982,
  "init_seed": 200,
  "train_seed": 207,
  "best_reward_so_far": 1885.6808113633829
}