{
  "sharpness": 0.5907420943741144,
  "gradient_smoothness": 0.029491974560303204,
  "loss_mean": 0.0,
  "loss_std": 0.0,
  "loss_trend": -1.449899794840439e-10,
  "parameter_norm": 24.38331015145696,
  "lambda_max_10": 3.4055230617523193,
  "hessian_trace_10": 37.2857889175415,
  "fim_trace": 85.92451555281878,
  "step_count": 36,
  "timestamp": 1763759779.906195,
  "episode_reward": 360.2461044601508,
  "num_steps": 1212416,
  "feature_compute_time_s": 4.5437822341918945,
  "train_iter_time_s": 17.253658056259155,
  "init_seed": 200,
  "train_seed": 202,
  "best_reward_so_far": 394.99429326274577
}