{
  "sharpness": 1.4014438850428748,
  "gradient_smoothness": 0.03914867681661626,
  "loss_mean": 0.0,
  "loss_std": 0.0,
  "loss_trend": -2.5212177684857673e-11,
  "parameter_norm": 27.370771279944943,
  "lambda_max_10": 13.176843643188477,
  "hessian_trace_10": 75.23055973052979,
  "fim_trace": 992.9389516413212,
  "step_count": 119,
  "timestamp": 1763774904.0406795,
  "num_steps": 3932160,
  "feature_compute_time_s": 5.280378818511963,
  "train_iter_time_s": 11.634501934051514,
  "init_seed": 200,
  "train_seed": 203,
  "best_reward_so_far": 1220.3738317210605
}