{
  "sharpness": 2.17501792637113,
  "gradient_smoothness": 0.4837390173191072,
  "loss_mean": 0.0,
  "loss_std": 0.0,
  "loss_trend": -6.741339727628637e-10,
  "parameter_norm": 29.500578717441773,
  "lambda_max_10": -23.61285972595215,
  "hessian_trace_10": 245.57021942138672,
  "fim_trace": 1278.6740952953696,
  "step_count": 13,
  "timestamp": 1764160435.9982753,
  "episode_reward": 1412.37744140625,
  "num_steps": 458752,
  "feature_compute_time_s": 10.013513326644897,
  "train_iter_time_s": 2.8625407218933105,
  "init_seed": 206,
  "train_seed": 200,
  "best_reward_so_far": -Infinity
}