{
  "sharpness": 2.4700635378052374,
  "gradient_smoothness": 0.0579819773411578,
  "loss_mean": 0.0,
  "loss_std": 0.0,
  "loss_trend": -1.9275944910573128e-11,
  "parameter_norm": 24.87780554276569,
  "lambda_max_10": 6.548186302185059,
  "hessian_trace_10": 91.44003295898438,
  "fim_trace": 272.0676804482937,
  "step_count": 67,
  "timestamp": 1763778217.690363,
  "num_steps": 2228224,
  "feature_compute_time_s": 6.277947664260864,
  "train_iter_time_s": 9.068045377731323,
  "init_seed": 202,
  "train_seed": 200,
  "best_reward_so_far": 592.373844605885
}