{
  "sharpness": 0.5018390723023544,
  "gradient_smoothness": 0.05556355586170431,
  "loss_mean": 0.0,
  "loss_std": 0.0,
  "loss_trend": 1.961699834849913e-10,
  "parameter_norm": 24.29101230484888,
  "lambda_max_10": 3.3331165313720703,
  "hessian_trace_10": 25.562306594848632,
  "fim_trace": 65.5679557416588,
  "step_count": 35,
  "timestamp": 1763759659.481374,
  "episode_reward": 433.8609022877636,
  "num_steps": 1179648,
  "feature_compute_time_s": 5.539819955825806,
  "train_iter_time_s": 14.742595911026001,
  "init_seed": 200,
  "train_seed": 207,
  "best_reward_so_far": 433.8609022877636
}