{
  "sharpness": 2.036937167228012,
  "gradient_smoothness": 0.08852596599165469,
  "loss_mean": 0.0,
  "loss_std": 0.0,
  "loss_trend": 1.5427003852568864e-11,
  "parameter_norm": 28.45860308737216,
  "lambda_max_10": -28.739259719848633,
  "hessian_trace_10": 204.36180610656737,
  "fim_trace": 2623.312211483717,
  "step_count": 190,
  "timestamp": 1763781969.4480503,
  "num_steps": 6258688,
  "feature_compute_time_s": 7.16991400718689,
  "train_iter_time_s": 10.224584102630615,
  "init_seed": 203,
  "train_seed": 200,
  "best_reward_so_far": 1315.7771624867432
}