{
  "sharpness": 2.2194336945230604,
  "gradient_smoothness": 0.03207635710387448,
  "loss_mean": 0.0,
  "loss_std": 0.0,
  "loss_trend": 6.421332769767037e-11,
  "parameter_norm": 28.680890389677547,
  "lambda_max_10": -20.467716217041016,
  "hessian_trace_10": -57.11719150543213,
  "fim_trace": 1383.1946085691452,
  "step_count": 222,
  "timestamp": 1763782794.1994562,
  "num_steps": 7307264,
  "feature_compute_time_s": 5.485987186431885,
  "train_iter_time_s": 11.71025562286377,
  "init_seed": 204,
  "train_seed": 200,
  "best_reward_so_far": 2362.191069493134
}