{
  "sharpness": 2.174909645377443,
  "gradient_smoothness": 0.0,
  "parameter_norm": 29.68911322779593,
  "lambda_max_10": -28.083547592163086,
  "hessian_trace_10": 21.0293399810791,
  "fim_trace": 2109.519266575575,
  "step_count": 0,
  "timestamp": 1764177856.6573749,
  "episode_reward": 4024.227294921875,
  "num_steps": 32768,
  "feature_compute_time_s": 5.050098180770874,
  "train_iter_time_s": 2.7853991985321045,
  "init_seed": 204,
  "train_seed": 200,
  "best_reward_so_far": -Infinity
}