{
  "sharpness": 1.1741864668694109,
  "gradient_smoothness": 0.005367778754418147,
  "loss_mean": 0.0,
  "loss_std": 0.0,
  "loss_trend": 3.6609473630523623e-10,
  "parameter_norm": 33.69775703272954,
  "lambda_max_10": -19.447908401489258,
  "hessian_trace_10": 416.9476943969727,
  "fim_trace": 2049.008530728519,
  "step_count": 18,
  "timestamp": 1765439376.4770198,
  "episode_reward": 1271.593994140625,
  "num_steps": 622592,
  "feature_compute_time_s": 5.5010666847229,
  "train_iter_time_s": 4.101314306259155,
  "init_seed": 200,
  "train_seed": 204,
  "best_reward_so_far": 271.1503529144281
}