{
  "sharpness": 1.1814608719596482,
  "gradient_smoothness": 0.4095499686924003,
  "loss_mean": 0.0,
  "loss_std": 0.0,
  "loss_trend": 5.529387550482691e-11,
  "parameter_norm": 32.51137921229515,
  "lambda_max_10": -26.995704650878906,
  "hessian_trace_10": 620.6223083496094,
  "fim_trace": 3332.8659687936306,
  "step_count": 302,
  "timestamp": 1763766157.8595424,
  "episode_reward": 1496.01372674758,
  "num_steps": 9928704,
  "feature_compute_time_s": 9.82059121131897,
  "train_iter_time_s": 15.487757682800293,
  "init_seed": 200,
  "train_seed": 202,
  "best_reward_so_far": 1560.7940580215602
}