{
  "sharpness": 1.2766272764437905,
  "gradient_smoothness": 0.03395725820255078,
  "loss_mean": 0.0,
  "loss_std": 0.0,
  "loss_trend": -1.1639852552679226e-09,
  "parameter_norm": 33.290727175245024,
  "lambda_max_10": -38.27758026123047,
  "hessian_trace_10": 537.0764801025391,
  "fim_trace": 2244.3790418207645,
  "step_count": 9,
  "timestamp": 1765439812.2478662,
  "episode_reward": 988.3900756835938,
  "num_steps": 327680,
  "feature_compute_time_s": 9.204641819000244,
  "train_iter_time_s": 4.353994369506836,
  "init_seed": 200,
  "train_seed": 206,
  "best_reward_so_far": 196.39780675859603
}