{
  "sharpness": 1.276625986961563,
  "gradient_smoothness": 0.02673172786582341,
  "loss_mean": 0.0,
  "loss_std": 0.0,
  "loss_trend": 2.6927716807302058e-11,
  "parameter_norm": 31.886722514614025,
  "lambda_max_10": -34.86260223388672,
  "hessian_trace_10": 427.60082550048827,
  "fim_trace": 2044.4578281790018,
  "step_count": 195,
  "timestamp": 1763761853.2367492,
  "episode_reward": 1318.76017111919,
  "num_steps": 6422528,
  "feature_compute_time_s": 4.820813417434692,
  "train_iter_time_s": 11.020154476165771,
  "init_seed": 200,
  "train_seed": 206,
  "best_reward_so_far": 1451.031802439064
}