{
  "sharpness": 2.3285513892551144,
  "gradient_smoothness": 0.7615941559557649,
  "loss_mean": 0.0,
  "loss_std": 0.0,
  "loss_trend": -1.116239806634336e-09,
  "parameter_norm": 29.270606588993825,
  "lambda_max_10": -27.61781120300293,
  "hessian_trace_10": 23.16644878387451,
  "fim_trace": 1901.552188962698,
  "step_count": 15,
  "timestamp": 1764158567.8945158,
  "episode_reward": 4045.306884765625,
  "num_steps": 524288,
  "feature_compute_time_s": 5.071718454360962,
  "train_iter_time_s": 4.933134078979492,
  "init_seed": 204,
  "train_seed": 200,
  "best_reward_so_far": 1359.054136603834
}