{
  "sharpness": 1.7383099836180096,
  "gradient_smoothness": 0.20428281547716517,
  "loss_mean": 0.0,
  "loss_std": 0.0,
  "loss_trend": -8.750916489160148e-10,
  "parameter_norm": 29.91829476766575,
  "lambda_max_10": -159.0819091796875,
  "hessian_trace_10": 1109.9479370117188,
  "fim_trace": 15293.803143173456,
  "step_count": 8,
  "timestamp": 1764166659.2490056,
  "episode_reward": 1402.5755615234375,
  "num_steps": 294912,
  "feature_compute_time_s": 8.476304292678833,
  "train_iter_time_s": 4.523000955581665,
  "init_seed": 200,
  "train_seed": 205,
  "best_reward_so_far": -Infinity
}