{
  "sharpness": 2.709136254283114,
  "gradient_smoothness": 0.3053524907307879,
  "loss_mean": 0.0,
  "loss_std": 0.0,
  "loss_trend": 1.868572401277641e-09,
  "parameter_norm": 40.98699959882741,
  "lambda_max_10": -32.546077728271484,
  "hessian_trace_10": 446.2016876220703,
  "fim_trace": 8964.02392822504,
  "step_count": 11,
  "timestamp": 1766080984.2842717,
  "episode_reward": 1965.7840576171875,
  "num_steps": 393216,
  "feature_compute_time_s": 6.973976135253906,
  "train_iter_time_s": 4.05048131942749,
  "init_seed": 203,
  "train_seed": 200,
  "best_reward_so_far": -Infinity
}