{
  "sharpness": 1.4134783385620275,
  "gradient_smoothness": 0.083112229336872,
  "loss_mean": 0.0,
  "loss_std": 0.0,
  "loss_trend": 8.633371864522224e-11,
  "parameter_norm": 34.343756582511574,
  "lambda_max_10": -24.342876434326172,
  "hessian_trace_10": 385.5210662841797,
  "fim_trace": 3580.3697478100657,
  "step_count": 43,
  "timestamp": 1765440524.9026005,
  "episode_reward": 1031.0286865234375,
  "num_steps": 1441792,
  "feature_compute_time_s": 5.546175479888916,
  "train_iter_time_s": 4.101639270782471,
  "init_seed": 200,
  "train_seed": 205,
  "best_reward_so_far": 956.9633330857692
}