{
  "sharpness": 1.6453930356494562,
  "gradient_smoothness": 0.07359803028118898,
  "loss_mean": 0.0,
  "loss_std": 0.0,
  "loss_trend": -5.0588130046599623e-11,
  "parameter_norm": 29.18321532104921,
  "lambda_max_10": -26.594449996948242,
  "hessian_trace_10": 169.5429386138916,
  "fim_trace": 3151.1490681916475,
  "step_count": 217,
  "timestamp": 1763776738.3351307,
  "num_steps": 7143424,
  "feature_compute_time_s": 6.293749094009399,
  "train_iter_time_s": 10.48999547958374,
  "init_seed": 200,
  "train_seed": 203,
  "best_reward_so_far": 1513.8021208190485
}