{
  "sharpness": 1.307553842622293,
  "gradient_smoothness": 0.29248732144386164,
  "loss_mean": 0.0,
  "loss_std": 0.0,
  "loss_trend": 1.9707415563605032e-10,
  "parameter_norm": 34.08784570065382,
  "lambda_max_10": -22.074262619018555,
  "hessian_trace_10": 357.4110595703125,
  "fim_trace": 1971.3544135168195,
  "step_count": 55,
  "timestamp": 1765442817.4615512,
  "episode_reward": 1484.544921875,
  "num_steps": 1835008,
  "feature_compute_time_s": 5.500243186950684,
  "train_iter_time_s": 4.289680242538452,
  "init_seed": 205,
  "train_seed": 200,
  "best_reward_so_far": 964.4841278862857
}