{
  "sharpness": 0.33141210464328075,
  "gradient_smoothness": 0.10105869060417913,
  "loss_mean": 0.0,
  "loss_std": 0.0,
  "loss_trend": -5.274541313989635e-10,
  "parameter_norm": 20.85980853426508,
  "lambda_max_10": -1.4010428190231323,
  "hessian_trace_10": -7.195391625165939,
  "fim_trace": 38.558659091591835,
  "step_count": 17,
  "timestamp": 1763775383.5121129,
  "num_steps": 589824,
  "feature_compute_time_s": 8.576711654663086,
  "train_iter_time_s": 12.290882110595703,
  "init_seed": 200,
  "train_seed": 207,
  "best_reward_so_far": -271.79990681669454
}