{
  "sharpness": 1.559250971371409,
  "gradient_smoothness": 0.0014358789599657016,
  "loss_mean": 0.0,
  "loss_std": 0.0,
  "loss_trend": -2.3279677885952942e-11,
  "parameter_norm": 31.055194288235946,
  "lambda_max_10": -39.998695373535156,
  "hessian_trace_10": 445.3725952148437,
  "fim_trace": 2037.4047753997147,
  "step_count": 161,
  "timestamp": 1763769781.783343,
  "episode_reward": 1283.4660213231996,
  "num_steps": 5308416,
  "feature_compute_time_s": 6.210953950881958,
  "train_iter_time_s": 16.75649094581604,
  "init_seed": 203,
  "train_seed": 200,
  "best_reward_so_far": 1351.1097576089326
}