{
  "sharpness": 3.4608568891600564,
  "gradient_smoothness": 0.09198057592441489,
  "loss_mean": 0.0,
  "loss_std": 0.0,
  "loss_trend": -5.071317462480805e-10,
  "parameter_norm": 29.856313712271717,
  "lambda_max_10": -64.90606689453125,
  "hessian_trace_10": 448.29307861328124,
  "fim_trace": 3995.323476701975,
  "step_count": 7,
  "timestamp": 1764145458.048362,
  "episode_reward": 1399.6920166015625,
  "num_steps": 262144,
  "feature_compute_time_s": 7.839844226837158,
  "train_iter_time_s": 3.8805227279663086,
  "init_seed": 200,
  "train_seed": 200,
  "best_reward_so_far": -Infinity
}