{
  "sharpness": 1.328171776279115,
  "gradient_smoothness": 0.11886037035654168,
  "loss_mean": 0.0,
  "loss_std": 0.0,
  "loss_trend": -4.119908730111468e-11,
  "parameter_norm": 34.030862973220636,
  "lambda_max_10": -32.64297866821289,
  "hessian_trace_10": 322.53404693603517,
  "fim_trace": 1998.2773305661976,
  "step_count": 45,
  "timestamp": 1765440537.3717184,
  "episode_reward": 717.9697875976562,
  "num_steps": 1507328,
  "feature_compute_time_s": 10.72897744178772,
  "train_iter_time_s": 3.9288480281829834,
  "init_seed": 200,
  "train_seed": 207,
  "best_reward_so_far": 774.9572441703802
}