{
  "sharpness": 0.7615674679864942,
  "gradient_smoothness": 0.04493008305571803,
  "loss_mean": 0.0,
  "loss_std": 0.0,
  "loss_trend": 3.3670245593970814e-11,
  "parameter_norm": 22.814880969839248,
  "lambda_max_10": 2.915386915206909,
  "hessian_trace_10": 27.012160849571227,
  "fim_trace": 112.5934423096478,
  "step_count": 36,
  "timestamp": 1763779105.3025718,
  "num_steps": 1212416,
  "feature_compute_time_s": 5.078676223754883,
  "train_iter_time_s": 12.584882497787476,
  "init_seed": 203,
  "train_seed": 200,
  "best_reward_so_far": -43.98589869640222
}