{
  "sharpness": 1.4375296256821528,
  "gradient_smoothness": 0.05279422092706465,
  "loss_mean": 0.0,
  "loss_std": 0.0,
  "loss_trend": -4.288908378708566e-11,
  "parameter_norm": 27.64896101570317,
  "lambda_max_10": -7.207164764404297,
  "hessian_trace_10": 128.77032394409179,
  "fim_trace": 248.95386800542474,
  "step_count": 82,
  "timestamp": 1763761125.8938322,
  "episode_reward": 1066.5388206692683,
  "num_steps": 2719744,
  "feature_compute_time_s": 8.23233151435852,
  "train_iter_time_s": 18.781380891799927,
  "init_seed": 200,
  "train_seed": 201,
  "best_reward_so_far": 1199.4311176756057
}