{
  "sharpness": 1.754392933148998,
  "gradient_smoothness": 0.0,
  "parameter_norm": 31.832368147985004,
  "lambda_max_10": -170.5026092529297,
  "hessian_trace_10": 1439.3226989746095,
  "fim_trace": 21258.000898890197,
  "step_count": 0,
  "timestamp": 1764177378.4524603,
  "episode_reward": 1302.196533203125,
  "num_steps": 32768,
  "feature_compute_time_s": 9.450631141662598,
  "train_iter_time_s": 4.4782609939575195,
  "init_seed": 200,
  "train_seed": 205,
  "best_reward_so_far": -Infinity
}