{
  "sharpness": 1.2468782212570102,
  "gradient_smoothness": 0.27600514735774523,
  "loss_mean": 0.0,
  "loss_std": 0.0,
  "loss_trend": 7.509283509105313e-12,
  "parameter_norm": 34.03216173240863,
  "lambda_max_10": -51.6859016418457,
  "hessian_trace_10": 751.2949829101562,
  "fim_trace": 3770.929012145847,
  "step_count": 57,
  "timestamp": 1765438886.8173153,
  "episode_reward": 1022.9024658203125,
  "num_steps": 1900544,
  "feature_compute_time_s": 6.461062908172607,
  "train_iter_time_s": 4.5637452602386475,
  "init_seed": 200,
  "train_seed": 201,
  "best_reward_so_far": 861.267348274268
}