{
  "sharpness": 4.134283669029802,
  "gradient_smoothness": 0.08930359211744336,
  "loss_mean": 0.0,
  "loss_std": 0.0,
  "loss_trend": 6.581588292630561e-10,
  "parameter_norm": 41.47059576476907,
  "lambda_max_10": -86.06925964355469,
  "hessian_trace_10": 889.604541015625,
  "fim_trace": 5190.448596835136,
  "step_count": 6,
  "timestamp": 1766082816.8462558,
  "episode_reward": 602.28759765625,
  "num_steps": 229376,
  "feature_compute_time_s": 5.17505407333374,
  "train_iter_time_s": 2.58815598487854,
  "init_seed": 201,
  "train_seed": 200,
  "best_reward_so_far": -Infinity
}