{
  "sharpness": 1.1845000226019275,
  "gradient_smoothness": 0.11167667048885688,
  "loss_mean": 0.0,
  "loss_std": 0.0,
  "loss_trend": -3.118369803880545e-11,
  "parameter_norm": 27.754802386697772,
  "lambda_max_10": 14.247955322265625,
  "hessian_trace_10": 107.6998556137085,
  "fim_trace": 831.0119016468525,
  "step_count": 144,
  "timestamp": 1763781538.4950876,
  "num_steps": 4751360,
  "feature_compute_time_s": 4.569216012954712,
  "train_iter_time_s": 7.7751624584198,
  "init_seed": 206,
  "train_seed": 200,
  "best_reward_so_far": 1084.7114232999734
}