{
  "sharpness": 1.2339193709335763,
  "gradient_smoothness": 0.006401836901262158,
  "loss_mean": 0.0,
  "loss_std": 0.0,
  "loss_trend": 1.8681913550189526e-12,
  "parameter_norm": 31.794239585094193,
  "lambda_max_10": -25.497072219848633,
  "hessian_trace_10": 361.9167541503906,
  "fim_trace": 1290.816195692867,
  "step_count": 214,
  "timestamp": 1763764891.939876,
  "episode_reward": 1367.69305083126,
  "num_steps": 7045120,
  "feature_compute_time_s": 7.760977029800415,
  "train_iter_time_s": 19.437618494033813,
  "init_seed": 200,
  "train_seed": 201,
  "best_reward_so_far": 1581.1597646115545
}