{
  "sharpness": 1.2430363557107633,
  "gradient_smoothness": 0.015030362480543149,
  "loss_mean": 0.0,
  "loss_std": 0.0,
  "loss_trend": 4.19978212575336e-11,
  "parameter_norm": 32.07435617187828,
  "lambda_max_10": -28.47907066345215,
  "hessian_trace_10": 593.0047607421875,
  "fim_trace": 2460.212796792388,
  "step_count": 199,
  "timestamp": 1763772122.9384546,
  "episode_reward": 1716.2738816718374,
  "num_steps": 6553600,
  "feature_compute_time_s": 6.67939305305481,
  "train_iter_time_s": 18.959182739257812,
  "init_seed": 206,
  "train_seed": 200,
  "best_reward_so_far": 2116.888918808559
}