{
  "sharpness": 1.1934984690923525,
  "gradient_smoothness": 0.019635835720433138,
  "loss_mean": 0.0,
  "loss_std": 0.0,
  "loss_trend": -2.7573484890034826e-11,
  "parameter_norm": 32.53993867441624,
  "lambda_max_10": -31.009239196777344,
  "hessian_trace_10": 629.5250610351562,
  "fim_trace": 2646.8011465780437,
  "step_count": 265,
  "timestamp": 1763772165.740615,
  "episode_reward": 2361.261141014238,
  "num_steps": 8716288,
  "feature_compute_time_s": 9.470530033111572,
  "train_iter_time_s": 16.603392362594604,
  "init_seed": 204,
  "train_seed": 200,
  "best_reward_so_far": 2623.2780433143894
}