{
  "sharpness": 1.1709063275221736,
  "gradient_smoothness": 0.09120462202496403,
  "loss_mean": 0.0,
  "loss_std": 0.0,
  "loss_trend": 1.0850366522694707e-11,
  "parameter_norm": 32.61980974556534,
  "lambda_max_10": -34.18817138671875,
  "hessian_trace_10": 720.7277221679688,
  "fim_trace": 4280.084632191807,
  "step_count": 289,
  "timestamp": 1763774551.4317594,
  "episode_reward": 2114.019211301532,
  "num_steps": 9502720,
  "feature_compute_time_s": 10.223479509353638,
  "train_iter_time_s": 19.612184286117554,
  "init_seed": 206,
  "train_seed": 200,
  "best_reward_so_far": 2343.9564105720597
}