{
  "sharpness": 3.400439812026519,
  "gradient_smoothness": 0.17047491361458425,
  "loss_mean": 0.0,
  "loss_std": 0.0,
  "loss_trend": -3.3513547596814173e-09,
  "parameter_norm": 30.0444549887744,
  "lambda_max_10": -59.00175857543945,
  "hessian_trace_10": 347.2910949707031,
  "fim_trace": 3435.9600834697485,
  "step_count": 8,
  "timestamp": 1764169723.7323766,
  "episode_reward": 1478.9405517578125,
  "num_steps": 294912,
  "feature_compute_time_s": 7.322200059890747,
  "train_iter_time_s": 3.9225597381591797,
  "init_seed": 200,
  "train_seed": 200,
  "best_reward_so_far": -Infinity
}