{
  "sharpness": 1.164572473696331,
  "gradient_smoothness": 0.15195916272088655,
  "loss_mean": 0.0,
  "loss_std": 0.0,
  "loss_trend": 5.614120815193993e-12,
  "parameter_norm": 32.61810465271823,
  "lambda_max_10": -39.27416229248047,
  "hessian_trace_10": 569.8918304443359,
  "fim_trace": 3273.424026750028,
  "step_count": 284,
  "timestamp": 1763774418.7159317,
  "episode_reward": 2337.1094253789483,
  "num_steps": 9338880,
  "feature_compute_time_s": 10.295706748962402,
  "train_iter_time_s": 19.258207082748413,
  "init_seed": 206,
  "train_seed": 200,
  "best_reward_so_far": 2343.9564105720597
}