{
  "sharpness": 1.2615867170060204,
  "gradient_smoothness": 0.027765888974366836,
  "loss_mean": 0.0,
  "loss_std": 0.0,
  "loss_trend": 1.2568106485178131e-11,
  "parameter_norm": 29.536712058066684,
  "lambda_max_10": -9.116632461547852,
  "hessian_trace_10": 186.44034423828126,
  "fim_trace": 594.5395368486643,
  "step_count": 123,
  "timestamp": 1763762248.0127568,
  "episode_reward": 942.8203389057825,
  "num_steps": 4063232,
  "feature_compute_time_s": 7.880533933639526,
  "train_iter_time_s": 19.10912585258484,
  "init_seed": 200,
  "train_seed": 201,
  "best_reward_so_far": 1199.4311176756057
}