{
  "sharpness": 1.0423162887078754,
  "gradient_smoothness": 0.033930166382140345,
  "loss_mean": 0.0,
  "loss_std": 0.0,
  "loss_trend": 1.1281979704160314e-11,
  "parameter_norm": 24.749224107001872,
  "lambda_max_10": 4.511931419372559,
  "hessian_trace_10": 49.2479169845581,
  "fim_trace": 309.49693117663264,
  "step_count": 56,
  "timestamp": 1763775949.4931061,
  "num_steps": 1867776,
  "feature_compute_time_s": 6.911590099334717,
  "train_iter_time_s": 11.54970383644104,
  "init_seed": 200,
  "train_seed": 206,
  "best_reward_so_far": 369.8910060826137
}