{
  "sharpness": 5.977513626891974,
  "gradient_smoothness": 0.6164894740485204,
  "loss_mean": 0.0,
  "loss_std": 0.0,
  "loss_trend": -1.0996731747862945e-09,
  "parameter_norm": 41.14453912510742,
  "lambda_max_10": -29.548606872558594,
  "hessian_trace_10": 165.48337326049804,
  "fim_trace": 3609.955847322941,
  "step_count": 14,
  "timestamp": 1766083341.3115478,
  "episode_reward": 665.2367553710938,
  "num_steps": 491520,
  "feature_compute_time_s": 6.054550886154175,
  "train_iter_time_s": 3.2147560119628906,
  "init_seed": 207,
  "train_seed": 200,
  "best_reward_so_far": -Infinity
}