{
  "sharpness": 1.5983254452617648,
  "gradient_smoothness": 0.7615941559557649,
  "loss_mean": 0.0,
  "loss_std": 0.0,
  "loss_trend": 1.1675468774540844e-09,
  "parameter_norm": 29.682351500145394,
  "lambda_max_10": -44.83193588256836,
  "hessian_trace_10": 362.16441345214844,
  "fim_trace": 3714.9283177554607,
  "step_count": 15,
  "timestamp": 1764147608.1442623,
  "episode_reward": 1345.76806640625,
  "num_steps": 524288,
  "feature_compute_time_s": 6.542035341262817,
  "train_iter_time_s": 2.820403575897217,
  "init_seed": 200,
  "train_seed": 202,
  "best_reward_so_far": 1083.5166136636976
}