{
  "sharpness": 1.6372181937990953,
  "gradient_smoothness": 0.030187051152446763,
  "loss_mean": 0.0,
  "loss_std": 0.0,
  "loss_trend": 1.5358929383845345e-11,
  "parameter_norm": 30.598431398649655,
  "lambda_max_10": 1.7989301681518555,
  "hessian_trace_10": 310.34914245605466,
  "fim_trace": 1133.5210499800742,
  "step_count": 143,
  "timestamp": 1763762591.8406298,
  "episode_reward": 1221.7261838594118,
  "num_steps": 4718592,
  "feature_compute_time_s": 8.82485318183899,
  "train_iter_time_s": 16.957863569259644,
  "init_seed": 200,
  "train_seed": 204,
  "best_reward_so_far": 1462.3810974770836
}