{
  "sharpness": 1.295804503625622,
  "gradient_smoothness": 0.07121293521042035,
  "loss_mean": 0.0,
  "loss_std": 0.0,
  "loss_trend": -1.0140159962779076e-10,
  "parameter_norm": 33.16111657118089,
  "lambda_max_10": -23.40955924987793,
  "hessian_trace_10": 433.95257263183595,
  "fim_trace": 2263.0248228013515,
  "step_count": 9,
  "timestamp": 1765445718.4890988,
  "episode_reward": 524.1171875,
  "num_steps": 327680,
  "feature_compute_time_s": 10.772239446640015,
  "train_iter_time_s": 4.500494480133057,
  "init_seed": 205,
  "train_seed": 200,
  "best_reward_so_far": 169.01992769906155
}