{
  "sharpness": 1.9265600671569898,
  "gradient_smoothness": 0.0,
  "parameter_norm": 101.8983511943804,
  "lambda_max_10": -8.683463096618652,
  "hessian_trace_10": 24.42612190246582,
  "fim_trace": 3883.350947022438,
  "step_count": 0,
  "timestamp": 1764177537.2412446,
  "episode_reward": -506.046875,
  "num_steps": 32768,
  "feature_compute_time_s": 5.092386722564697,
  "train_iter_time_s": 2.8337364196777344,
  "init_seed": 201,
  "train_seed": 200,
  "best_reward_so_far": -Infinity
}