{
  "sharpness": 1.9374326920460154,
  "gradient_smoothness": 0.7615941559557649,
  "loss_mean": 0.0,
  "loss_std": 0.0,
  "loss_trend": -4.855225834942001e-10,
  "parameter_norm": 29.495365196994282,
  "lambda_max_10": -2.8698906898498535,
  "hessian_trace_10": 211.95283966064454,
  "fim_trace": 1357.0129180848598,
  "step_count": 15,
  "timestamp": 1764160040.7983387,
  "episode_reward": 1537.2037353515625,
  "num_steps": 524288,
  "feature_compute_time_s": 5.058475017547607,
  "train_iter_time_s": 3.219651222229004,
  "init_seed": 206,
  "train_seed": 200,
  "best_reward_so_far": 1182.1304070236956
}