{
  "sharpness": 1.3174478679890285,
  "gradient_smoothness": 0.06374481048842325,
  "loss_mean": 0.0,
  "loss_std": 0.0,
  "loss_trend": -6.288734999214627e-11,
  "parameter_norm": 34.293367930797494,
  "lambda_max_10": -31.362030029296875,
  "hessian_trace_10": 565.6847534179688,
  "fim_trace": 3576.578023761511,
  "step_count": 37,
  "timestamp": 1765442157.3875144,
  "episode_reward": 477.0085144042969,
  "num_steps": 1245184,
  "feature_compute_time_s": 5.5247862339019775,
  "train_iter_time_s": 3.871384620666504,
  "init_seed": 200,
  "train_seed": 205,
  "best_reward_so_far": 808.240541969242
}