{
  "sharpness": 1.2814933968256512,
  "gradient_smoothness": 0.001499285992830281,
  "loss_mean": 0.0,
  "loss_std": 0.0,
  "loss_trend": -2.614734240809008e-11,
  "parameter_norm": 32.41691320373203,
  "lambda_max_10": -38.79179000854492,
  "hessian_trace_10": 425.3763916015625,
  "fim_trace": 3161.021412421018,
  "step_count": 244,
  "timestamp": 1763762599.4076288,
  "episode_reward": 1187.556453886582,
  "num_steps": 8028160,
  "feature_compute_time_s": 5.319203853607178,
  "train_iter_time_s": 9.952797412872314,
  "init_seed": 200,
  "train_seed": 206,
  "best_reward_so_far": 1554.331183258043
}