{
  "sharpness": 1.3828383258187773,
  "gradient_smoothness": 0.013204482467114179,
  "loss_mean": 0.0,
  "loss_std": 0.0,
  "loss_trend": -2.8633947261321218e-11,
  "parameter_norm": 29.97596014949575,
  "lambda_max_10": -18.69718360900879,
  "hessian_trace_10": 345.5351928710937,
  "fim_trace": 975.4887081161141,
  "step_count": 121,
  "timestamp": 1763770076.1264703,
  "episode_reward": 1462.6616818728605,
  "num_steps": 3997696,
  "feature_compute_time_s": 5.5084228515625,
  "train_iter_time_s": 19.411118268966675,
  "init_seed": 206,
  "train_seed": 200,
  "best_reward_so_far": 1475.7301592383749
}