{
  "sharpness": 1.8274474977233155,
  "gradient_smoothness": 0.17823314346719743,
  "loss_mean": 0.0,
  "loss_std": 0.0,
  "loss_trend": -1.7741175072346537e-09,
  "parameter_norm": 30.311095866079008,
  "lambda_max_10": -9.579501152038574,
  "hessian_trace_10": 109.68205170631408,
  "fim_trace": 4725.723551005125,
  "step_count": 10,
  "timestamp": 1764154284.789045,
  "episode_reward": 3581.919189453125,
  "num_steps": 360448,
  "feature_compute_time_s": 9.824877262115479,
  "train_iter_time_s": 3.162828207015991,
  "init_seed": 200,
  "train_seed": 200,
  "best_reward_so_far": -Infinity
}