{
  "sharpness": 0.31043916591980086,
  "gradient_smoothness": 0.04387569800888611,
  "loss_mean": 0.0,
  "loss_std": 0.0,
  "loss_trend": -1.3184319913492905e-10,
  "parameter_norm": 21.008799399330094,
  "lambda_max_10": -1.2504059076309204,
  "hessian_trace_10": -13.78862419128418,
  "fim_trace": 41.63742960058153,
  "step_count": 18,
  "timestamp": 1763768422.6286325,
  "num_steps": 622592,
  "feature_compute_time_s": 5.368420362472534,
  "train_iter_time_s": 7.4933154582977295,
  "init_seed": 200,
  "train_seed": 200,
  "best_reward_so_far": -276.72799896488107
}