{
  "sharpness": 1.2355427044347895,
  "gradient_smoothness": 0.023922471929822248,
  "loss_mean": 0.0,
  "loss_std": 0.0,
  "loss_trend": -1.8238684274932143e-11,
  "parameter_norm": 29.104898031066536,
  "lambda_max_10": -8.951766967773438,
  "hessian_trace_10": 222.72210693359375,
  "fim_trace": 586.3369179144502,
  "step_count": 106,
  "timestamp": 1763765163.2867775,
  "episode_reward": 639.6012821194865,
  "num_steps": 3506176,
  "feature_compute_time_s": 5.2660582065582275,
  "train_iter_time_s": 9.310933828353882,
  "init_seed": 200,
  "train_seed": 200,
  "best_reward_so_far": 825.5063438058102
}