{
  "sharpness": 1.3098209976207733,
  "gradient_smoothness": 0.026950721061983453,
  "loss_mean": 0.0,
  "loss_std": 0.0,
  "loss_trend": 6.321430731446072e-10,
  "parameter_norm": 33.495188084517196,
  "lambda_max_10": -27.81200408935547,
  "hessian_trace_10": 634.6468566894531,
  "fim_trace": 3636.5114211775362,
  "step_count": 10,
  "timestamp": 1765443602.071551,
  "episode_reward": -30.471208572387695,
  "num_steps": 360448,
  "feature_compute_time_s": 5.657117128372192,
  "train_iter_time_s": 5.027364253997803,
  "init_seed": 206,
  "train_seed": 200,
  "best_reward_so_far": 107.20391159792358
}