{
  "sharpness": 2.247196877036796,
  "gradient_smoothness": 0.1971313052003648,
  "loss_mean": 0.0,
  "loss_std": 0.0,
  "loss_trend": 2.558759949365677e-08,
  "parameter_norm": 28.936117714411807,
  "lambda_max_10": -58.97762680053711,
  "hessian_trace_10": 382.9757904052734,
  "fim_trace": 5021.171340197325,
  "step_count": 2,
  "timestamp": 1764155822.021203,
  "episode_reward": 1348.35302734375,
  "num_steps": 98304,
  "feature_compute_time_s": 9.164533376693726,
  "train_iter_time_s": 2.9938719272613525,
  "init_seed": 202,
  "train_seed": 200,
  "best_reward_so_far": -Infinity
}