{
  "sharpness": 1.2536858958518613,
  "gradient_smoothness": 0.09384169393574805,
  "loss_mean": 0.0,
  "loss_std": 0.0,
  "loss_trend": 1.1426354028129624e-10,
  "parameter_norm": 34.28600722588233,
  "lambda_max_10": -31.23583984375,
  "hessian_trace_10": 439.2141876220703,
  "fim_trace": 2221.6623468101025,
  "step_count": 38,
  "timestamp": 1765440455.8560789,
  "episode_reward": 1013.3041381835938,
  "num_steps": 1277952,
  "feature_compute_time_s": 5.391840696334839,
  "train_iter_time_s": 6.723217010498047,
  "init_seed": 200,
  "train_seed": 205,
  "best_reward_so_far": 875.4226219840219
}