{
  "sharpness": 1.7016991292078427,
  "gradient_smoothness": 0.7615941559557649,
  "loss_mean": 0.0,
  "loss_std": 0.0,
  "loss_trend": 6.897816440611343e-10,
  "parameter_norm": 29.662123479786874,
  "lambda_max_10": -59.347808837890625,
  "hessian_trace_10": 436.9360752105713,
  "fim_trace": 5945.943345084786,
  "step_count": 15,
  "timestamp": 1764148238.175824,
  "episode_reward": 1269.01953125,
  "num_steps": 524288,
  "feature_compute_time_s": 6.923291921615601,
  "train_iter_time_s": 5.060613632202148,
  "init_seed": 200,
  "train_seed": 202,
  "best_reward_so_far": 1080.6407715568628
}