{
  "sharpness": 1.5959725837803018,
  "gradient_smoothness": 0.07993501325251984,
  "loss_mean": 0.0,
  "loss_std": 0.0,
  "loss_trend": 9.456305609773753e-12,
  "parameter_norm": 26.850819970229633,
  "lambda_max_10": -15.960246086120605,
  "hessian_trace_10": 177.16652221679686,
  "fim_trace": 1230.852973073721,
  "step_count": 95,
  "timestamp": 1763774927.079035,
  "num_steps": 3145728,
  "feature_compute_time_s": 6.596206188201904,
  "train_iter_time_s": 13.421624660491943,
  "init_seed": 200,
  "train_seed": 205,
  "best_reward_so_far": 919.6405782846987
}