{
  "sharpness": 1.1472203288486928,
  "gradient_smoothness": 0.06387298291664353,
  "loss_mean": 0.0,
  "loss_std": 0.0,
  "loss_trend": -2.213306453785622e-11,
  "parameter_norm": 32.34603535586486,
  "lambda_max_10": -28.25131607055664,
  "hessian_trace_10": 589.4267303466797,
  "fim_trace": 2751.6433694660664,
  "step_count": 232,
  "timestamp": 1763764525.2273245,
  "episode_reward": 1343.6919273002834,
  "num_steps": 7634944,
  "feature_compute_time_s": 9.497454166412354,
  "train_iter_time_s": 14.888777256011963,
  "init_seed": 200,
  "train_seed": 202,
  "best_reward_so_far": 1478.7569193074428
}