{
  "sharpness": 1.240418722066895,
  "gradient_smoothness": 0.09574517198617315,
  "loss_mean": 0.0,
  "loss_std": 0.0,
  "loss_trend": 8.686677764864804e-11,
  "parameter_norm": 34.050770135560285,
  "lambda_max_10": -32.39733123779297,
  "hessian_trace_10": 596.9959014892578,
  "fim_trace": 3225.364251192659,
  "step_count": 49,
  "timestamp": 1765439583.300855,
  "episode_reward": 264.3683776855469,
  "num_steps": 1638400,
  "feature_compute_time_s": 5.8508148193359375,
  "train_iter_time_s": 4.826136827468872,
  "init_seed": 200,
  "train_seed": 201,
  "best_reward_so_far": 860.5812428050442
}