{
  "sharpness": 1.3883029841685137,
  "gradient_smoothness": 0.045716212762556954,
  "loss_mean": 0.0,
  "loss_std": 0.0,
  "loss_trend": 4.249299953208288e-11,
  "parameter_norm": 29.471488953236133,
  "lambda_max_10": 9.193867683410645,
  "hessian_trace_10": 138.63487815856934,
  "fim_trace": 721.0648694112897,
  "step_count": 116,
  "timestamp": 1763769857.2881758,
  "episode_reward": 1033.7637112278737,
  "num_steps": 3833856,
  "feature_compute_time_s": 9.769181728363037,
  "train_iter_time_s": 19.812582969665527,
  "init_seed": 205,
  "train_seed": 200,
  "best_reward_so_far": 1033.7637112278737
}