{
  "sharpness": 0.41404747875278713,
  "gradient_smoothness": 0.007335012720476017,
  "loss_mean": 0.0,
  "loss_std": 0.0,
  "loss_trend": 3.0726396734332235e-10,
  "parameter_norm": 20.992058813776897,
  "lambda_max_10": -1.4363712072372437,
  "hessian_trace_10": -8.950998997688293,
  "fim_trace": 48.04080863855779,
  "step_count": 16,
  "timestamp": 1763772248.0868027,
  "num_steps": 557056,
  "feature_compute_time_s": 4.53013014793396,
  "train_iter_time_s": 7.271208047866821,
  "init_seed": 200,
  "train_seed": 202,
  "best_reward_so_far": -271.8180224018944
}