{
  "sharpness": 1.2630598737397603,
  "gradient_smoothness": 0.06902727394070694,
  "loss_mean": 0.0,
  "loss_std": 0.0,
  "loss_trend": 8.83175511267539e-12,
  "parameter_norm": 25.315400337068905,
  "lambda_max_10": 9.389163970947266,
  "hessian_trace_10": 48.98954591751099,
  "fim_trace": 440.68996591866016,
  "step_count": 73,
  "timestamp": 1763779779.0594919,
  "num_steps": 2424832,
  "feature_compute_time_s": 5.397913455963135,
  "train_iter_time_s": 12.442001104354858,
  "init_seed": 203,
  "train_seed": 200,
  "best_reward_so_far": 776.6701632648294
}