{
  "sharpness": 1.5945284543338063,
  "gradient_smoothness": 0.0,
  "parameter_norm": 29.13604776022317,
  "lambda_max_10": 19.4256591796875,
  "hessian_trace_10": 206.24156112670897,
  "fim_trace": 1374.6180661022663,
  "step_count": 0,
  "timestamp": 1764160473.9515886,
  "episode_reward": 1435.4976806640625,
  "num_steps": 32768,
  "feature_compute_time_s": 8.302313089370728,
  "train_iter_time_s": 6.606004238128662,
  "init_seed": 206,
  "train_seed": 200,
  "best_reward_so_far": -Infinity
}