{
  "sharpness": 1.3615860064315253,
  "gradient_smoothness": 0.08714499023968396,
  "loss_mean": 0.0,
  "loss_std": 0.0,
  "loss_trend": 2.028484932703101e-10,
  "parameter_norm": 33.36755997421126,
  "lambda_max_10": -13.150627136230469,
  "hessian_trace_10": 322.28729858398435,
  "fim_trace": 1230.6322764195502,
  "step_count": 20,
  "timestamp": 1765444222.6227334,
  "episode_reward": -0.9337102174758911,
  "num_steps": 688128,
  "feature_compute_time_s": 10.794169187545776,
  "train_iter_time_s": 4.012213706970215,
  "init_seed": 207,
  "train_seed": 200,
  "best_reward_so_far": 526.8294920994275
}