{
  "sharpness": 1.6453750118371133,
  "gradient_smoothness": 0.06356087922184754,
  "loss_mean": 0.0,
  "loss_std": 0.0,
  "loss_trend": -7.3499809706164e-11,
  "parameter_norm": 28.91898493077828,
  "lambda_max_10": -43.626914978027344,
  "hessian_trace_10": 387.44041595458987,
  "fim_trace": 3810.441040068865,
  "step_count": 184,
  "timestamp": 1763774348.0536764,
  "num_steps": 6062080,
  "feature_compute_time_s": 4.509373188018799,
  "train_iter_time_s": 8.24006175994873,
  "init_seed": 200,
  "train_seed": 202,
  "best_reward_so_far": 1073.9334355102728
}