{
  "sharpness": 1.0349832962514054,
  "gradient_smoothness": 0.4819283835702811,
  "loss_mean": 0.0,
  "loss_std": 0.0,
  "loss_trend": 7.757489157458226e-10,
  "parameter_norm": 101.5884811485592,
  "lambda_max_10": 6.053540229797363,
  "hessian_trace_10": 52.96941986083984,
  "fim_trace": 1711.9943998456001,
  "step_count": 13,
  "timestamp": 1764178432.8285263,
  "episode_reward": -568.49609375,
  "num_steps": 458752,
  "feature_compute_time_s": 5.61637544631958,
  "train_iter_time_s": 2.778632640838623,
  "init_seed": 203,
  "train_seed": 200,
  "best_reward_so_far": -Infinity
}