{
  "sharpness": 1.963408812553175,
  "gradient_smoothness": 0.019681831439687478,
  "loss_mean": 0.0,
  "loss_std": 0.0,
  "loss_trend": -2.14413897143324e-11,
  "parameter_norm": 26.518506970087373,
  "lambda_max_10": -18.022838592529297,
  "hessian_trace_10": 80.46864109039306,
  "fim_trace": 722.1046687066555,
  "step_count": 95,
  "timestamp": 1763769379.664842,
  "num_steps": 3145728,
  "feature_compute_time_s": 4.321166753768921,
  "train_iter_time_s": 7.9829559326171875,
  "init_seed": 200,
  "train_seed": 200,
  "best_reward_so_far": 893.2731958622453
}