{
  "sharpness": 2.2351141983249736,
  "gradient_smoothness": 0.2063260397113209,
  "loss_mean": 0.0,
  "loss_std": 0.0,
  "loss_trend": -3.568394056736841e-10,
  "parameter_norm": 32.504621750354104,
  "lambda_max_10": -34.100120544433594,
  "hessian_trace_10": 302.02942657470703,
  "fim_trace": 2765.170840829611,
  "step_count": 7,
  "timestamp": 1766080768.5195239,
  "episode_reward": 1580.2216796875,
  "num_steps": 262144,
  "feature_compute_time_s": 5.036993741989136,
  "train_iter_time_s": 2.829108715057373,
  "init_seed": 203,
  "train_seed": 200,
  "best_reward_so_far": -Infinity
}