{
  "sharpness": 1.9805281739101548,
  "gradient_smoothness": 0.23954892790538992,
  "loss_mean": 0.0,
  "loss_std": 0.0,
  "loss_trend": -7.305646899642139e-10,
  "parameter_norm": 102.3715372614401,
  "lambda_max_10": 16.836971282958984,
  "hessian_trace_10": 38.74307231903076,
  "fim_trace": 3280.8730960078537,
  "step_count": 9,
  "timestamp": 1765469620.7443144,
  "episode_reward": 63.63075637817383,
  "num_steps": 327680,
  "feature_compute_time_s": 10.90727949142456,
  "train_iter_time_s": 5.715485572814941,
  "init_seed": 200,
  "train_seed": 203,
  "best_reward_so_far": -2.1856902967287155
}