{
  "sharpness": 1.417085468363633,
  "gradient_smoothness": 0.021139488733276007,
  "loss_mean": 0.0,
  "loss_std": 0.0,
  "loss_trend": -2.2733349761752442e-11,
  "parameter_norm": 30.03097044008514,
  "lambda_max_10": -12.895294189453125,
  "hessian_trace_10": 239.30472717285156,
  "fim_trace": 599.4703670106828,
  "step_count": 130,
  "timestamp": 1763768280.2848737,
  "episode_reward": 1244.706338015734,
  "num_steps": 4292608,
  "feature_compute_time_s": 5.95804500579834,
  "train_iter_time_s": 14.333487510681152,
  "init_seed": 201,
  "train_seed": 200,
  "best_reward_so_far": 1334.8620943540952
}