{
  "sharpness": 1.1028640152257236,
  "gradient_smoothness": 0.0,
  "loss_mean": 0.0,
  "loss_std": 0.0,
  "loss_trend": 0.0,
  "parameter_norm": 32.99436591285402,
  "lambda_max_10": -22.939180374145508,
  "hessian_trace_10": 350.51577911376955,
  "fim_trace": 2220.59182549268,
  "step_count": 1,
  "timestamp": 1765441794.8045933,
  "episode_reward": 184.88560485839844,
  "num_steps": 65536,
  "feature_compute_time_s": 10.776663303375244,
  "train_iter_time_s": 3.9109909534454346,
  "init_seed": 200,
  "train_seed": 204,
  "best_reward_so_far": 30.753573434866908
}