{
  "sharpness": 1.358825006293301,
  "gradient_smoothness": 0.01098713256532414,
  "loss_mean": 0.0,
  "loss_std": 0.0,
  "loss_trend": 4.541499085966663e-11,
  "parameter_norm": 30.40603086623008,
  "lambda_max_10": 10.043184280395508,
  "hessian_trace_10": 385.8193084716797,
  "fim_trace": 767.693136986345,
  "step_count": 136,
  "timestamp": 1763769245.2411656,
  "episode_reward": 1437.2573458388122,
  "num_steps": 4489216,
  "feature_compute_time_s": 8.624027013778687,
  "train_iter_time_s": 15.187994956970215,
  "init_seed": 204,
  "train_seed": 200,
  "best_reward_so_far": 1678.446491002773
}