{
  "sharpness": 2.5063939227170295,
  "gradient_smoothness": 0.05420332326117175,
  "loss_mean": 0.0,
  "loss_std": 0.0,
  "loss_trend": 1.5455887640602395e-08,
  "parameter_norm": 101.47019476351774,
  "lambda_max_10": 9.956457138061523,
  "hessian_trace_10": 30.00144166946411,
  "fim_trace": 4251.582511544228,
  "step_count": 2,
  "timestamp": 1764178330.0804272,
  "episode_reward": -558.76611328125,
  "num_steps": 98304,
  "feature_compute_time_s": 4.827799320220947,
  "train_iter_time_s": 2.679324150085449,
  "init_seed": 204,
  "train_seed": 200,
  "best_reward_so_far": -Infinity
}