{
  "sharpness": 1.3086558643280801,
  "gradient_smoothness": 0.049888993642481526,
  "loss_mean": 0.0,
  "loss_std": 0.0,
  "loss_trend": -5.714718588223076e-12,
  "parameter_norm": 30.723317816681806,
  "lambda_max_10": 16.74781608581543,
  "hessian_trace_10": 361.9655792236328,
  "fim_trace": 1286.9317789711058,
  "step_count": 147,
  "timestamp": 1763770675.7087176,
  "episode_reward": 1462.6007292695228,
  "num_steps": 4849664,
  "feature_compute_time_s": 7.720585346221924,
  "train_iter_time_s": 16.03769540786743,
  "init_seed": 205,
  "train_seed": 200,
  "best_reward_so_far": 1544.4090167914774
}