{
  "sharpness": 2.1946008067323555,
  "gradient_smoothness": 0.15687660604688258,
  "loss_mean": 0.0,
  "loss_std": 0.0,
  "loss_trend": 4.431706976549055e-10,
  "parameter_norm": 29.46371100930503,
  "lambda_max_10": -22.606201171875,
  "hessian_trace_10": 202.9498550415039,
  "fim_trace": 1535.8329407833517,
  "step_count": 9,
  "timestamp": 1764168640.105531,
  "episode_reward": 1488.881591796875,
  "num_steps": 327680,
  "feature_compute_time_s": 5.063841819763184,
  "train_iter_time_s": 3.1939847469329834,
  "init_seed": 206,
  "train_seed": 200,
  "best_reward_so_far": -Infinity
}