{
  "sharpness": 1.3006940227681472,
  "gradient_smoothness": 0.0902055679162876,
  "loss_mean": 0.0,
  "loss_std": 0.0,
  "loss_trend": -5.776523152922384e-11,
  "parameter_norm": 32.503366183418805,
  "lambda_max_10": -32.32340621948242,
  "hessian_trace_10": 478.3493347167969,
  "fim_trace": 2386.411434918642,
  "step_count": 270,
  "timestamp": 1763762995.7022595,
  "episode_reward": 1228.46386699982,
  "num_steps": 8880128,
  "feature_compute_time_s": 5.000529766082764,
  "train_iter_time_s": 10.589651584625244,
  "init_seed": 200,
  "train_seed": 206,
  "best_reward_so_far": 1554.331183258043
}