{
  "sharpness": 1.7989610048496258,
  "gradient_smoothness": 0.21035462453376316,
  "loss_mean": 0.0,
  "loss_std": 0.0,
  "loss_trend": 5.801539951950012e-09,
  "parameter_norm": 30.464539027489437,
  "lambda_max_10": -196.167236328125,
  "hessian_trace_10": 1020.0827209472657,
  "fim_trace": 21643.030811429024,
  "step_count": 3,
  "timestamp": 1764177200.2379575,
  "episode_reward": 1386.2890625,
  "num_steps": 131072,
  "feature_compute_time_s": 6.447822570800781,
  "train_iter_time_s": 4.143597602844238,
  "init_seed": 200,
  "train_seed": 205,
  "best_reward_so_far": -Infinity
}