{
  "sharpness": 1.275157666099539,
  "gradient_smoothness": 0.06769094076237159,
  "loss_mean": 0.0,
  "loss_std": 0.0,
  "loss_trend": 1.348587474044884e-09,
  "parameter_norm": 32.980804836869034,
  "lambda_max_10": -27.744773864746094,
  "hessian_trace_10": 329.5611961364746,
  "fim_trace": 1526.421208690852,
  "step_count": 8,
  "timestamp": 1765440714.4714074,
  "episode_reward": -12.700199127197266,
  "num_steps": 294912,
  "feature_compute_time_s": 5.536787986755371,
  "train_iter_time_s": 3.8409411907196045,
  "init_seed": 200,
  "train_seed": 203,
  "best_reward_so_far": 165.85119286540692
}