{
  "sharpness": 1.344348785890204,
  "gradient_smoothness": 0.6062959530449934,
  "loss_mean": 0.0,
  "loss_std": 0.0,
  "loss_trend": -1.4121568174275257e-10,
  "parameter_norm": 34.404470191286805,
  "lambda_max_10": -32.08458709716797,
  "hessian_trace_10": 527.1431732177734,
  "fim_trace": 4664.903530366719,
  "step_count": 60,
  "timestamp": 1765442472.9352052,
  "episode_reward": 782.501708984375,
  "num_steps": 1998848,
  "feature_compute_time_s": 5.431231260299683,
  "train_iter_time_s": 3.9130241870880127,
  "init_seed": 200,
  "train_seed": 205,
  "best_reward_so_far": 887.1530312180089
}