{
  "sharpness": 1.6923807856885864,
  "gradient_smoothness": 0.4646298931633974,
  "loss_mean": 0.0,
  "loss_std": 0.0,
  "loss_trend": -3.9125399034300994e-10,
  "parameter_norm": 29.96359600422271,
  "lambda_max_10": -161.72610473632812,
  "hessian_trace_10": 1187.322930908203,
  "fim_trace": 14002.139953911304,
  "step_count": 13,
  "timestamp": 1764167583.3804905,
  "episode_reward": 1439.158447265625,
  "num_steps": 458752,
  "feature_compute_time_s": 5.1961023807525635,
  "train_iter_time_s": 4.264568090438843,
  "init_seed": 200,
  "train_seed": 205,
  "best_reward_so_far": -Infinity
}