{
  "sharpness": 1.6762627586295011,
  "gradient_smoothness": 0.18023773139796762,
  "loss_mean": 0.0,
  "loss_std": 0.0,
  "loss_trend": 5.052643616172914e-10,
  "parameter_norm": 30.20649858668344,
  "lambda_max_10": -26.985279083251953,
  "hessian_trace_10": 122.4956937789917,
  "fim_trace": 5267.529653519392,
  "step_count": 6,
  "timestamp": 1764154025.364243,
  "episode_reward": 3587.33642578125,
  "num_steps": 229376,
  "feature_compute_time_s": 9.76265811920166,
  "train_iter_time_s": 3.6323916912078857,
  "init_seed": 200,
  "train_seed": 200,
  "best_reward_so_far": -Infinity
}