{
  "sharpness": 1.105437898106924,
  "gradient_smoothness": 0.38382415293739025,
  "loss_mean": 0.0,
  "loss_std": 0.0,
  "loss_trend": 2.015244184668913e-11,
  "parameter_norm": 32.611980151938305,
  "lambda_max_10": -26.814056396484375,
  "hessian_trace_10": 521.278433227539,
  "fim_trace": 2750.1345455385745,
  "step_count": 301,
  "timestamp": 1763766682.113058,
  "episode_reward": 1911.4729401802538,
  "num_steps": 9895936,
  "feature_compute_time_s": 8.634296417236328,
  "train_iter_time_s": 18.10188102722168,
  "init_seed": 200,
  "train_seed": 204,
  "best_reward_so_far": 2196.935123902587
}