{
  "sharpness": 1.3158750571145614,
  "gradient_smoothness": 0.008745176617185813,
  "loss_mean": 0.0,
  "loss_std": 0.0,
  "loss_trend": 4.9561539159011467e-11,
  "parameter_norm": 31.038569249291836,
  "lambda_max_10": -39.73035430908203,
  "hessian_trace_10": 476.93251342773436,
  "fim_trace": 2082.820728916675,
  "step_count": 168,
  "timestamp": 1763762597.1871617,
  "episode_reward": 1164.0768546481397,
  "num_steps": 5537792,
  "feature_compute_time_s": 8.532762050628662,
  "train_iter_time_s": 17.608027935028076,
  "init_seed": 200,
  "train_seed": 207,
  "best_reward_so_far": 1267.8556841204008
}