{
  "sharpness": 1.1985347881773334,
  "gradient_smoothness": 0.0400029914118281,
  "loss_mean": 0.0,
  "loss_std": 0.0,
  "loss_trend": -1.5811019835403245e-11,
  "parameter_norm": 32.25644622736971,
  "lambda_max_10": -19.5208740234375,
  "hessian_trace_10": 396.80918579101564,
  "fim_trace": 1495.9168698452413,
  "step_count": 269,
  "timestamp": 1763767626.5547185,
  "episode_reward": 789.1149298164474,
  "num_steps": 8847360,
  "feature_compute_time_s": 4.81905460357666,
  "train_iter_time_s": 11.05704951286316,
  "init_seed": 200,
  "train_seed": 200,
  "best_reward_so_far": 838.254302905597
}