{
  "sharpness": 0.6811978834502901,
  "gradient_smoothness": 0.026317152166959325,
  "loss_mean": 0.0,
  "loss_std": 0.0,
  "loss_trend": -5.632148093370614e-11,
  "parameter_norm": 23.357963984478538,
  "lambda_max_10": 3.718686103820801,
  "hessian_trace_10": 37.07782764434815,
  "fim_trace": 132.38978365436196,
  "step_count": 42,
  "timestamp": 1763773423.1160383,
  "num_steps": 1409024,
  "feature_compute_time_s": 7.064356088638306,
  "train_iter_time_s": 11.325633525848389,
  "init_seed": 200,
  "train_seed": 203,
  "best_reward_so_far": -43.06746854844024
}