{
  "sharpness": 1.3125836747535613,
  "gradient_smoothness": 0.001166591154858643,
  "loss_mean": 0.0,
  "loss_std": 0.0,
  "loss_trend": -6.391711185762625e-10,
  "parameter_norm": 33.341940989832096,
  "lambda_max_10": -21.293060302734375,
  "hessian_trace_10": 435.818212890625,
  "fim_trace": 1851.342191465199,
  "step_count": 7,
  "timestamp": 1765444956.9456713,
  "episode_reward": -28.09498405456543,
  "num_steps": 262144,
  "feature_compute_time_s": 6.416166543960571,
  "train_iter_time_s": 4.999372959136963,
  "init_seed": 206,
  "train_seed": 200,
  "best_reward_so_far": 51.9496688827504
}