{
  "sharpness": 1.2698929224629967,
  "gradient_smoothness": 0.07512462210714696,
  "loss_mean": 0.0,
  "loss_std": 0.0,
  "loss_trend": 6.813746432988619e-11,
  "parameter_norm": 34.25625725245473,
  "lambda_max_10": -59.83951950073242,
  "hessian_trace_10": 540.8067245483398,
  "fim_trace": 3730.9721808359027,
  "step_count": 41,
  "timestamp": 1765441982.8678875,
  "episode_reward": -13.462068557739258,
  "num_steps": 1376256,
  "feature_compute_time_s": 10.697868824005127,
  "train_iter_time_s": 4.365115404129028,
  "init_seed": 200,
  "train_seed": 206,
  "best_reward_so_far": 862.0237601540582
}