{
  "sharpness": 1.1658277565673805,
  "gradient_smoothness": 0.028194346383931895,
  "loss_mean": 0.0,
  "loss_std": 0.0,
  "loss_trend": -2.274376549796769e-12,
  "parameter_norm": 26.661782153137285,
  "lambda_max_10": -10.428887367248535,
  "hessian_trace_10": 75.06654281616211,
  "fim_trace": 533.8408580571413,
  "step_count": 106,
  "timestamp": 1763781057.1932802,
  "num_steps": 3506176,
  "feature_compute_time_s": 4.35588526725769,
  "train_iter_time_s": 8.30659556388855,
  "init_seed": 206,
  "train_seed": 200,
  "best_reward_so_far": 889.0836624549113
}