{
  "sharpness": 2.34733221244971,
  "gradient_smoothness": 0.454470974381085,
  "loss_mean": 0.0,
  "loss_std": 0.0,
  "loss_trend": 4.651254280321937e-11,
  "parameter_norm": 29.521783969155912,
  "lambda_max_10": -1.5542787313461304,
  "hessian_trace_10": 230.0991470336914,
  "fim_trace": 1298.3476028889418,
  "step_count": 13,
  "timestamp": 1764160206.4068472,
  "episode_reward": 1298.295654296875,
  "num_steps": 458752,
  "feature_compute_time_s": 7.274163722991943,
  "train_iter_time_s": 3.0288453102111816,
  "init_seed": 206,
  "train_seed": 200,
  "best_reward_so_far": -Infinity
}