{
  "sharpness": 2.9042900263626827,
  "gradient_smoothness": 0.2638103204463108,
  "loss_mean": 0.0,
  "loss_std": 0.0,
  "loss_trend": -1.1174210499219164e-09,
  "parameter_norm": 46.025268889128554,
  "lambda_max_10": -142.0287628173828,
  "hessian_trace_10": 1423.3324951171876,
  "fim_trace": 59031.10096152127,
  "step_count": 10,
  "timestamp": 1765469055.8037353,
  "episode_reward": 165.41310119628906,
  "num_steps": 360448,
  "feature_compute_time_s": 5.9676408767700195,
  "train_iter_time_s": 3.9902875423431396,
  "init_seed": 203,
  "train_seed": 200,
  "best_reward_so_far": 83.51298539397935
}