{
  "sharpness": 1.2638179803889027,
  "gradient_smoothness": 0.01732018818527299,
  "loss_mean": 0.0,
  "loss_std": 0.0,
  "loss_trend": 3.605150466287161e-10,
  "parameter_norm": 33.468278755508386,
  "lambda_max_10": -42.26908874511719,
  "hessian_trace_10": 561.9897705078125,
  "fim_trace": 2713.853195780888,
  "step_count": 15,
  "timestamp": 1765440842.62735,
  "episode_reward": 589.5335083007812,
  "num_steps": 524288,
  "feature_compute_time_s": 10.91019058227539,
  "train_iter_time_s": 4.4278717041015625,
  "init_seed": 200,
  "train_seed": 206,
  "best_reward_so_far": 270.5068175778409
}