{
  "sharpness": 1.9470650437987758,
  "gradient_smoothness": 0.3009216970339834,
  "loss_mean": 0.0,
  "loss_std": 0.0,
  "loss_trend": 2.577298476196949e-10,
  "parameter_norm": 31.982218472155882,
  "lambda_max_10": -38.383975982666016,
  "hessian_trace_10": 240.55989608764648,
  "fim_trace": 6166.368569299579,
  "step_count": 12,
  "timestamp": 1764178118.0018942,
  "episode_reward": 2959.462890625,
  "num_steps": 425984,
  "feature_compute_time_s": 5.563310861587524,
  "train_iter_time_s": 2.768202304840088,
  "init_seed": 205,
  "train_seed": 200,
  "best_reward_so_far": -Infinity
}