{
  "sharpness": 2.552716673216223,
  "gradient_smoothness": 0.6114383641411472,
  "loss_mean": 0.0,
  "loss_std": 0.0,
  "loss_trend": -1.597356727850276e-09,
  "parameter_norm": 32.85020748815786,
  "lambda_max_10": 59.60137176513672,
  "hessian_trace_10": 111.15703086853027,
  "fim_trace": 5845.173209100962,
  "step_count": 14,
  "timestamp": 1766083218.591792,
  "episode_reward": 562.1578369140625,
  "num_steps": 491520,
  "feature_compute_time_s": 5.1527485847473145,
  "train_iter_time_s": 2.896219253540039,
  "init_seed": 207,
  "train_seed": 200,
  "best_reward_so_far": -Infinity
}