{
  "sharpness": 1.2484499449499271,
  "gradient_smoothness": 0.02794369384252103,
  "loss_mean": 0.0,
  "loss_std": 0.0,
  "loss_trend": -1.560084269086963e-11,
  "parameter_norm": 33.95461307650626,
  "lambda_max_10": -20.76084327697754,
  "hessian_trace_10": 272.3841812133789,
  "fim_trace": 1751.3995365984738,
  "step_count": 40,
  "timestamp": 1765445272.483218,
  "episode_reward": 1131.4273681640625,
  "num_steps": 1343488,
  "feature_compute_time_s": 5.383225202560425,
  "train_iter_time_s": 4.521612167358398,
  "init_seed": 205,
  "train_seed": 200,
  "best_reward_so_far": 810.1724082668643
}