{
  "sharpness": 2.5001469167750474,
  "gradient_smoothness": 0.28713794469271287,
  "loss_mean": 0.0,
  "loss_std": 0.0,
  "loss_trend": -1.5797484931019725e-09,
  "parameter_norm": 41.30943615927816,
  "lambda_max_10": -46.697227478027344,
  "hessian_trace_10": 326.5385437011719,
  "fim_trace": 4686.443206675351,
  "step_count": 11,
  "timestamp": 1766080640.6174564,
  "episode_reward": 1168.2344970703125,
  "num_steps": 393216,
  "feature_compute_time_s": 5.661870241165161,
  "train_iter_time_s": 2.7007992267608643,
  "init_seed": 200,
  "train_seed": 206,
  "best_reward_so_far": -Infinity
}