{
  "sharpness": 1.2267469261452055,
  "gradient_smoothness": 0.6481282888451105,
  "loss_mean": 0.0,
  "loss_std": 0.0,
  "loss_trend": -1.530854432734836e-10,
  "parameter_norm": 34.14097061944158,
  "lambda_max_10": -47.86656951904297,
  "hessian_trace_10": 799.5038269042968,
  "fim_trace": 5370.627490572631,
  "step_count": 60,
  "timestamp": 1765440514.805152,
  "episode_reward": 978.04248046875,
  "num_steps": 1998848,
  "feature_compute_time_s": 6.005029678344727,
  "train_iter_time_s": 5.198973178863525,
  "init_seed": 200,
  "train_seed": 201,
  "best_reward_so_far": 931.9407211818067
}