{
  "sharpness": 1.1932470811366398,
  "gradient_smoothness": 0.23426928181181397,
  "loss_mean": 0.0,
  "loss_std": 0.0,
  "loss_trend": -2.7013320825442408e-11,
  "parameter_norm": 32.12903255589075,
  "lambda_max_10": -25.312082290649414,
  "hessian_trace_10": 326.171533203125,
  "fim_trace": 1907.6831142939627,
  "step_count": 297,
  "timestamp": 1763767269.124552,
  "episode_reward": 1806.29619463246,
  "num_steps": 9764864,
  "feature_compute_time_s": 10.574820518493652,
  "train_iter_time_s": 18.98130178451538,
  "init_seed": 200,
  "train_seed": 201,
  "best_reward_so_far": 1806.29619463246
}