{
  "sharpness": 1.8723734615890337,
  "gradient_smoothness": 0.16782830459389356,
  "loss_mean": 0.0,
  "loss_std": 0.0,
  "loss_trend": -1.6326471626915852e-10,
  "parameter_norm": 29.522550173517068,
  "lambda_max_10": -67.56242370605469,
  "hessian_trace_10": 475.7806211471558,
  "fim_trace": 8549.614049851894,
  "step_count": 7,
  "timestamp": 1764150091.9102242,
  "episode_reward": 1285.003173828125,
  "num_steps": 262144,
  "feature_compute_time_s": 8.154881000518799,
  "train_iter_time_s": 4.7518322467803955,
  "init_seed": 200,
  "train_seed": 204,
  "best_reward_so_far": -Infinity
}