{
  "sharpness": 2.2383254258352285,
  "gradient_smoothness": 0.24925229395411835,
  "loss_mean": 0.0,
  "loss_std": 0.0,
  "loss_trend": 1.3507962865675327e-08,
  "parameter_norm": 29.093835704452786,
  "lambda_max_10": -26.681041717529297,
  "hessian_trace_10": 11.11128101348877,
  "fim_trace": 1925.9540546536446,
  "step_count": 2,
  "timestamp": 1764158615.2236004,
  "episode_reward": 4099.11083984375,
  "num_steps": 98304,
  "feature_compute_time_s": 9.772624015808105,
  "train_iter_time_s": 3.212329149246216,
  "init_seed": 204,
  "train_seed": 200,
  "best_reward_so_far": -Infinity
}