{
  "sharpness": 1.2626029412159776,
  "gradient_smoothness": 0.0,
  "loss_mean": 0.0,
  "loss_std": 0.0,
  "loss_trend": 0.0,
  "parameter_norm": 32.94124333019948,
  "lambda_max_10": -36.67902755737305,
  "hessian_trace_10": 476.74534301757814,
  "fim_trace": 3225.984167661518,
  "step_count": 1,
  "timestamp": 1765439700.5352182,
  "episode_reward": 64.7394790649414,
  "num_steps": 65536,
  "feature_compute_time_s": 10.83904480934143,
  "train_iter_time_s": 4.336367845535278,
  "init_seed": 200,
  "train_seed": 206,
  "best_reward_so_far": 27.44182958134778
}