{
  "sharpness": 1.9412519245303372,
  "gradient_smoothness": 0.3868867136207596,
  "loss_mean": 0.0,
  "loss_std": 0.0,
  "loss_trend": 9.706902651731586e-10,
  "parameter_norm": 29.48285835617847,
  "lambda_max_10": 41.71332550048828,
  "hessian_trace_10": 302.33096466064455,
  "fim_trace": 4458.075139462948,
  "step_count": 12,
  "timestamp": 1764168199.3108547,
  "episode_reward": 1779.8621826171875,
  "num_steps": 425984,
  "feature_compute_time_s": 5.132451295852661,
  "train_iter_time_s": 2.704697847366333,
  "init_seed": 207,
  "train_seed": 200,
  "best_reward_so_far": -Infinity
}