{
  "sharpness": 1.2481777750064955,
  "gradient_smoothness": 0.05658324079997575,
  "loss_mean": 0.0,
  "loss_std": 0.0,
  "loss_trend": -2.032644030966139e-11,
  "parameter_norm": 34.248822066334675,
  "lambda_max_10": -24.116275787353516,
  "hessian_trace_10": 551.7464538574219,
  "fim_trace": 2044.4730626009405,
  "step_count": 27,
  "timestamp": 1765438500.019126,
  "episode_reward": -5.844600677490234,
  "num_steps": 917504,
  "feature_compute_time_s": 10.701955795288086,
  "train_iter_time_s": 3.9966351985931396,
  "init_seed": 201,
  "train_seed": 200,
  "best_reward_so_far": 819.2199176332693
}