{
  "sharpness": 1.326836282669747,
  "gradient_smoothness": 0.0060847302416022495,
  "loss_mean": 0.0,
  "loss_std": 0.0,
  "loss_trend": 6.43799375524791e-10,
  "parameter_norm": 33.58945380433578,
  "lambda_max_10": -28.721487045288086,
  "hessian_trace_10": 472.1184478759766,
  "fim_trace": 2120.494786784053,
  "step_count": 12,
  "timestamp": 1765438336.5783994,
  "episode_reward": 985.3975219726562,
  "num_steps": 425984,
  "feature_compute_time_s": 10.888919353485107,
  "train_iter_time_s": 3.7895376682281494,
  "init_seed": 200,
  "train_seed": 205,
  "best_reward_so_far": 153.43627754177632
}