{
  "sharpness": 1.4339104756350636,
  "gradient_smoothness": 0.15916668835246958,
  "loss_mean": 0.0,
  "loss_std": 0.0,
  "loss_trend": -1.3595725540457208e-09,
  "parameter_norm": 33.22482045597924,
  "lambda_max_10": -43.93415069580078,
  "hessian_trace_10": 715.4022888183594,
  "fim_trace": 3592.866061348468,
  "step_count": 8,
  "timestamp": 1765468547.374846,
  "episode_reward": -9.327627182006836,
  "num_steps": 294912,
  "feature_compute_time_s": 5.349680662155151,
  "train_iter_time_s": 4.189987659454346,
  "init_seed": 202,
  "train_seed": 200,
  "best_reward_so_far": 11.347594196666964
}