{
  "sharpness": 6.581717775443965,
  "gradient_smoothness": 0.008847010405394326,
  "loss_mean": 0.0,
  "loss_std": 0.0,
  "loss_trend": -3.8044347097406515e-09,
  "parameter_norm": 101.81110955750789,
  "lambda_max_10": -572.2371215820312,
  "hessian_trace_10": -1190.2303894042968,
  "fim_trace": 22370067.75476265,
  "step_count": 5,
  "timestamp": 1764170422.0620904,
  "episode_reward": -530.6260375976562,
  "num_steps": 196608,
  "feature_compute_time_s": 5.1315271854400635,
  "train_iter_time_s": 2.726698398590088,
  "init_seed": 200,
  "train_seed": 203,
  "best_reward_so_far": -Infinity
}