{
  "sharpness": 1.7431112237252944,
  "gradient_smoothness": 0.2645828432524107,
  "loss_mean": 0.0,
  "loss_std": 0.0,
  "loss_trend": 5.02477947142045e-13,
  "parameter_norm": 29.33530753411277,
  "lambda_max_10": -31.56894874572754,
  "hessian_trace_10": 409.7884124755859,
  "fim_trace": 3282.69692748785,
  "step_count": 218,
  "timestamp": 1763779183.9181087,
  "episode_reward": 1133.8835492900905,
  "num_steps": 7176192,
  "feature_compute_time_s": 5.811654567718506,
  "train_iter_time_s": 13.81996202468872,
  "init_seed": 200,
  "train_seed": 206,
  "best_reward_so_far": 1133.8835492900905
}