{
  "sharpness": 1.7756583882616488,
  "gradient_smoothness": 0.0,
  "parameter_norm": 32.93901257538104,
  "lambda_max_10": -40.26035690307617,
  "hessian_trace_10": 340.4038360595703,
  "fim_trace": 3749.567811191082,
  "step_count": 0,
  "timestamp": 1766080370.0394137,
  "episode_reward": 1226.6943359375,
  "num_steps": 32768,
  "feature_compute_time_s": 5.250536680221558,
  "train_iter_time_s": 4.05338454246521,
  "init_seed": 200,
  "train_seed": 206,
  "best_reward_so_far": -Infinity
}