{
  "sharpness": 1.3853825519582548,
  "gradient_smoothness": 0.16824624651189518,
  "loss_mean": 0.0,
  "loss_std": 0.0,
  "loss_trend": -2.842388831269987e-11,
  "parameter_norm": 34.20902341538203,
  "lambda_max_10": -41.40745162963867,
  "hessian_trace_10": 431.75717010498045,
  "fim_trace": 2954.0390517041087,
  "step_count": 52,
  "timestamp": 1765438920.7751477,
  "episode_reward": 1014.3743896484375,
  "num_steps": 1736704,
  "feature_compute_time_s": 5.401391506195068,
  "train_iter_time_s": 3.8954551219940186,
  "init_seed": 200,
  "train_seed": 207,
  "best_reward_so_far": 712.0046297068
}