{
  "sharpness": 1.5249347408513814,
  "gradient_smoothness": 0.5775752164575949,
  "loss_mean": 0.0,
  "loss_std": 0.0,
  "loss_trend": -4.419953350073723e-11,
  "parameter_norm": 29.41709649903147,
  "lambda_max_10": -21.498554229736328,
  "hessian_trace_10": 259.4841987609863,
  "fim_trace": 3668.8624770492315,
  "step_count": 234,
  "timestamp": 1763779507.5746152,
  "episode_reward": 1164.9239018444264,
  "num_steps": 7700480,
  "feature_compute_time_s": 10.498189210891724,
  "train_iter_time_s": 11.80454683303833,
  "init_seed": 200,
  "train_seed": 206,
  "best_reward_so_far": 1164.9239018444264
}