{
  "sharpness": 0.09937331355289138,
  "gradient_smoothness": 0.0,
  "loss_mean": 0.0,
  "loss_std": 0.0,
  "loss_trend": 0.0,
  "parameter_norm": 19.52267414116011,
  "lambda_max_10": -0.39129048585891724,
  "hessian_trace_10": -2.811707091331482,
  "fim_trace": 26.29381761699915,
  "step_count": 1,
  "timestamp": 1763771938.5737672,
  "num_steps": 65536,
  "feature_compute_time_s": 5.3633646965026855,
  "train_iter_time_s": 10.522468566894531,
  "init_seed": 200,
  "train_seed": 201,
  "best_reward_so_far": -Infinity
}