{
  "sharpness": 1.1857830864920675,
  "gradient_smoothness": 0.001681761006307339,
  "loss_mean": 0.0,
  "loss_std": 0.0,
  "loss_trend": 3.429180751012e-11,
  "parameter_norm": 25.71284027743612,
  "lambda_max_10": -4.152516841888428,
  "hessian_trace_10": 48.181878089904785,
  "fim_trace": 120.86830976977944,
  "step_count": 51,
  "timestamp": 1763760166.4606423,
  "episode_reward": 610.3082034894848,
  "num_steps": 1703936,
  "feature_compute_time_s": 7.191969633102417,
  "train_iter_time_s": 15.985680341720581,
  "init_seed": 200,
  "train_seed": 203,
  "best_reward_so_far": 664.6355641334682
}