{
  "sharpness": 2.570254750819067,
  "gradient_smoothness": 0.04952527693856609,
  "loss_mean": 0.0,
  "loss_std": 0.0,
  "loss_trend": 2.12922322978848e-11,
  "parameter_norm": 29.14273568639599,
  "lambda_max_10": -54.58967590332031,
  "hessian_trace_10": 433.67080078125,
  "fim_trace": 3157.2540190517902,
  "step_count": 202,
  "timestamp": 1763770715.8221812,
  "num_steps": 6651904,
  "feature_compute_time_s": 4.379568576812744,
  "train_iter_time_s": 8.207016229629517,
  "init_seed": 200,
  "train_seed": 200,
  "best_reward_so_far": 1219.6336145402115
}