{
  "sharpness": 2.067903073831636,
  "gradient_smoothness": 0.22092651608231131,
  "loss_mean": 0.0,
  "loss_std": 0.0,
  "loss_trend": -8.31765374014136e-10,
  "parameter_norm": 29.280111709478103,
  "lambda_max_10": -30.310998916625977,
  "hessian_trace_10": -0.08274669647216797,
  "fim_trace": 2329.0896921753883,
  "step_count": 10,
  "timestamp": 1764158706.0995648,
  "episode_reward": 4073.757080078125,
  "num_steps": 360448,
  "feature_compute_time_s": 6.546688556671143,
  "train_iter_time_s": 4.8169846534729,
  "init_seed": 204,
  "train_seed": 200,
  "best_reward_so_far": -Infinity
}