{
  "sharpness": 1.275270444390482,
  "gradient_smoothness": 0.19458847393047954,
  "loss_mean": 0.0,
  "loss_std": 0.0,
  "loss_trend": 7.0243793802538686e-09,
  "parameter_norm": 32.97754584778697,
  "lambda_max_10": -34.01594161987305,
  "hessian_trace_10": 421.3530975341797,
  "fim_trace": 1724.468578223139,
  "step_count": 3,
  "timestamp": 1765468524.13368,
  "episode_reward": 1168.7327880859375,
  "num_steps": 131072,
  "feature_compute_time_s": 7.499712944030762,
  "train_iter_time_s": 6.895596027374268,
  "init_seed": 200,
  "train_seed": 203,
  "best_reward_so_far": 58.870936096171675
}