{
  "sharpness": 1.2708743793893182,
  "gradient_smoothness": 0.04806569107426512,
  "loss_mean": 0.0,
  "loss_std": 0.0,
  "loss_trend": 4.705283269726582e-11,
  "parameter_norm": 34.16976740741693,
  "lambda_max_10": -40.29221725463867,
  "hessian_trace_10": 610.7746398925781,
  "fim_trace": 4316.461128089577,
  "step_count": 30,
  "timestamp": 1765438518.5974135,
  "episode_reward": -4.7127604484558105,
  "num_steps": 1015808,
  "feature_compute_time_s": 10.7976553440094,
  "train_iter_time_s": 4.628377199172974,
  "init_seed": 200,
  "train_seed": 206,
  "best_reward_so_far": 822.0162918060572
}