{
  "sharpness": 0.9742514471986106,
  "gradient_smoothness": 0.0747412615553866,
  "loss_mean": 0.0,
  "loss_std": 0.0,
  "loss_trend": -1.0630205696873697e-10,
  "parameter_norm": 26.219247591689182,
  "lambda_max_10": 8.602834701538086,
  "hessian_trace_10": 78.24178314208984,
  "fim_trace": 361.0044406950474,
  "step_count": 81,
  "timestamp": 1763776909.901542,
  "num_steps": 2686976,
  "feature_compute_time_s": 4.625381708145142,
  "train_iter_time_s": 8.058938026428223,
  "init_seed": 200,
  "train_seed": 200,
  "best_reward_so_far": 877.3667459577232
}