{
  "sharpness": 1.772627574164116,
  "gradient_smoothness": 0.004073644463476987,
  "loss_mean": 0.0,
  "loss_std": 0.0,
  "loss_trend": 1.2322490817132506e-11,
  "parameter_norm": 28.494404383904776,
  "lambda_max_10": -67.08988189697266,
  "hessian_trace_10": 450.9615020751953,
  "fim_trace": 4889.005164951086,
  "step_count": 150,
  "timestamp": 1763775961.3537416,
  "num_steps": 4947968,
  "feature_compute_time_s": 5.7042152881622314,
  "train_iter_time_s": 12.175259113311768,
  "init_seed": 200,
  "train_seed": 205,
  "best_reward_so_far": 1103.5237621539807
}