{
  "sharpness": 1.2884699668574038,
  "gradient_smoothness": 0.03582736926975828,
  "loss_mean": 0.0,
  "loss_std": 0.0,
  "loss_trend": 9.508172375710122e-12,
  "parameter_norm": 29.013674009925936,
  "lambda_max_10": 10.100812911987305,
  "hessian_trace_10": 209.38370361328126,
  "fim_trace": 391.7033072002232,
  "step_count": 104,
  "timestamp": 1763765134.097002,
  "episode_reward": 613.6117448727313,
  "num_steps": 3440640,
  "feature_compute_time_s": 4.858419179916382,
  "train_iter_time_s": 9.644083023071289,
  "init_seed": 200,
  "train_seed": 200,
  "best_reward_so_far": 825.5063438058102
}