{
  "sharpness": 1.3828575577838478,
  "gradient_smoothness": 0.0025797032465630907,
  "loss_mean": 0.0,
  "loss_std": 0.0,
  "loss_trend": -5.228656962998392e-11,
  "parameter_norm": 31.54077778519003,
  "lambda_max_10": -38.48194122314453,
  "hessian_trace_10": 524.381005859375,
  "fim_trace": 1902.6767598576844,
  "step_count": 195,
  "timestamp": 1763763200.3426156,
  "episode_reward": 1548.0433036672314,
  "num_steps": 6422528,
  "feature_compute_time_s": 7.013178110122681,
  "train_iter_time_s": 14.545592784881592,
  "init_seed": 200,
  "train_seed": 207,
  "best_reward_so_far": 1548.0433036672314
}