{
  "sharpness": 1.3924720176753125,
  "gradient_smoothness": 0.010110078635396248,
  "loss_mean": 0.0,
  "loss_std": 0.0,
  "loss_trend": -6.781052872740914e-11,
  "parameter_norm": 30.973559412027257,
  "lambda_max_10": -24.922958374023438,
  "hessian_trace_10": 393.4249572753906,
  "fim_trace": 1741.6472620144486,
  "step_count": 156,
  "timestamp": 1763762630.7490935,
  "episode_reward": 1755.9926325268689,
  "num_steps": 5144576,
  "feature_compute_time_s": 5.255319833755493,
  "train_iter_time_s": 16.036110401153564,
  "init_seed": 200,
  "train_seed": 203,
  "best_reward_so_far": 1755.9926325268689
}