{
  "sharpness": 1.5902599163019215,
  "gradient_smoothness": 0.3054801813579438,
  "loss_mean": 0.0,
  "loss_std": 0.0,
  "loss_trend": -2.009950028509292e-11,
  "parameter_norm": 34.03323234028944,
  "lambda_max_10": 17.882919311523438,
  "hessian_trace_10": 409.56932220458987,
  "fim_trace": 2631.7348585128784,
  "step_count": 57,
  "timestamp": 1765441180.7121272,
  "episode_reward": -41.837745666503906,
  "num_steps": 1900544,
  "feature_compute_time_s": 5.592648506164551,
  "train_iter_time_s": 3.805284023284912,
  "init_seed": 200,
  "train_seed": 203,
  "best_reward_so_far": 846.9887022368889
}