{
  "sharpness": 1.4487311276372572,
  "gradient_smoothness": 0.085468252333231,
  "loss_mean": 0.0,
  "loss_std": 0.0,
  "loss_trend": 3.3999550927220707e-10,
  "parameter_norm": 33.61156137408234,
  "lambda_max_10": -34.7237548828125,
  "hessian_trace_10": 478.4948974609375,
  "fim_trace": 2699.782575890422,
  "step_count": 14,
  "timestamp": 1765443155.9905992,
  "episode_reward": -3.248905897140503,
  "num_steps": 491520,
  "feature_compute_time_s": 5.603639602661133,
  "train_iter_time_s": 3.955274820327759,
  "init_seed": 202,
  "train_seed": 200,
  "best_reward_so_far": 42.75914562458911
}