{
  "sharpness": 1.982084542243986,
  "gradient_smoothness": 0.346386714699008,
  "loss_mean": 0.0,
  "loss_std": 0.0,
  "loss_trend": 1.2625538539562834e-09,
  "parameter_norm": 31.65733114860627,
  "lambda_max_10": -43.261375427246094,
  "hessian_trace_10": 521.9109680175782,
  "fim_trace": 7263.384474106133,
  "step_count": 2,
  "timestamp": 1764177389.7783313,
  "episode_reward": 1167.580078125,
  "num_steps": 98304,
  "feature_compute_time_s": 7.068979501724243,
  "train_iter_time_s": 4.135846853256226,
  "init_seed": 200,
  "train_seed": 204,
  "best_reward_so_far": -Infinity
}