{
  "sharpness": 1.6182448225139097,
  "gradient_smoothness": 0.3127214984178448,
  "loss_mean": 0.0,
  "loss_std": 0.0,
  "loss_trend": 1.4830991504915385e-08,
  "parameter_norm": 30.139928420185193,
  "lambda_max_10": 5.301506519317627,
  "hessian_trace_10": 234.98931846618652,
  "fim_trace": 4492.484735012054,
  "step_count": 2,
  "timestamp": 1764167492.3766236,
  "episode_reward": 2917.856689453125,
  "num_steps": 98304,
  "feature_compute_time_s": 5.199172019958496,
  "train_iter_time_s": 2.8978939056396484,
  "init_seed": 200,
  "train_seed": 200,
  "best_reward_so_far": -Infinity
}