{
  "sharpness": 1.8259391843401869,
  "gradient_smoothness": 0.7615941559557649,
  "loss_mean": 0.0,
  "loss_std": 0.0,
  "loss_trend": 2.4639191353088915e-10,
  "parameter_norm": 29.665898572842952,
  "lambda_max_10": -61.57174301147461,
  "hessian_trace_10": 375.30024948120115,
  "fim_trace": 9081.762546181679,
  "step_count": 15,
  "timestamp": 1764168842.6787262,
  "episode_reward": 1581.3272705078125,
  "num_steps": 524288,
  "feature_compute_time_s": 9.438532829284668,
  "train_iter_time_s": 4.284887075424194,
  "init_seed": 205,
  "train_seed": 200,
  "best_reward_so_far": 1323.9447039174934
}