{
  "sharpness": 1.9157509780829136,
  "gradient_smoothness": 0.6172064195291231,
  "loss_mean": 0.0,
  "loss_std": 0.0,
  "loss_trend": 4.4653145053012357e-10,
  "parameter_norm": 29.562179422405276,
  "lambda_max_10": 11.717972755432129,
  "hessian_trace_10": 222.34820861816405,
  "fim_trace": 4503.810368895531,
  "step_count": 14,
  "timestamp": 1764161250.2812471,
  "episode_reward": 1560.3612060546875,
  "num_steps": 491520,
  "feature_compute_time_s": 5.046926975250244,
  "train_iter_time_s": 2.905278444290161,
  "init_seed": 207,
  "train_seed": 200,
  "best_reward_so_far": -Infinity
}