{
  "sharpness": 1.6045572092668403,
  "gradient_smoothness": 0.030172954159203548,
  "loss_mean": 0.0,
  "loss_std": 0.0,
  "loss_trend": -9.090485059149548e-11,
  "parameter_norm": 27.474055045673968,
  "lambda_max_10": -11.208870887756348,
  "hessian_trace_10": 178.67005310058593,
  "fim_trace": 432.85128151997924,
  "step_count": 78,
  "timestamp": 1763760607.363244,
  "episode_reward": 695.8775868208925,
  "num_steps": 2588672,
  "feature_compute_time_s": 6.853461265563965,
  "train_iter_time_s": 15.380364656448364,
  "init_seed": 200,
  "train_seed": 207,
  "best_reward_so_far": 783.7032556449551
}