{
  "sharpness": 1.3299910201188956,
  "gradient_smoothness": 0.008848259694951047,
  "loss_mean": 0.0,
  "loss_std": 0.0,
  "loss_trend": -1.0110471629060914e-09,
  "parameter_norm": 33.29408754331987,
  "lambda_max_10": -25.273536682128906,
  "hessian_trace_10": 363.8410888671875,
  "fim_trace": 1917.6401673555374,
  "step_count": 6,
  "timestamp": 1765438236.3243585,
  "episode_reward": 3.5392239093780518,
  "num_steps": 229376,
  "feature_compute_time_s": 5.469214677810669,
  "train_iter_time_s": 4.123219966888428,
  "init_seed": 200,
  "train_seed": 205,
  "best_reward_so_far": 100.23174217164029
}