{
  "sharpness": 1.2447976694641065,
  "gradient_smoothness": 0.21864937003277543,
  "loss_mean": 0.0,
  "loss_std": 0.0,
  "loss_trend": 6.535774798310694e-11,
  "parameter_norm": 34.138136671135314,
  "lambda_max_10": -44.59968948364258,
  "hessian_trace_10": 679.1995697021484,
  "fim_trace": 4374.191020861268,
  "step_count": 55,
  "timestamp": 1765440449.3537908,
  "episode_reward": 982.8126220703125,
  "num_steps": 1835008,
  "feature_compute_time_s": 6.216317176818848,
  "train_iter_time_s": 5.060865879058838,
  "init_seed": 200,
  "train_seed": 201,
  "best_reward_so_far": 929.4445978943675
}