{
  "sharpness": 2.371631885905158,
  "gradient_smoothness": 0.3862395384433505,
  "loss_mean": 0.0,
  "loss_std": 0.0,
  "loss_trend": -4.748352366722144e-11,
  "parameter_norm": 29.673153427971183,
  "lambda_max_10": -32.18223190307617,
  "hessian_trace_10": 309.804793548584,
  "fim_trace": 1937.8769650906324,
  "step_count": 302,
  "timestamp": 1763782229.3516018,
  "num_steps": 9928704,
  "feature_compute_time_s": 8.865148067474365,
  "train_iter_time_s": 12.76024842262268,
  "init_seed": 201,
  "train_seed": 200,
  "best_reward_so_far": 1198.1827661490997
}