{
  "sharpness": 1.8385334937891407,
  "gradient_smoothness": 0.22848000322365777,
  "loss_mean": 0.0,
  "loss_std": 0.0,
  "loss_trend": -3.5771893385658418e-09,
  "parameter_norm": 29.459846835499302,
  "lambda_max_10": 39.38074493408203,
  "hessian_trace_10": 372.016943359375,
  "fim_trace": 3836.4678869843483,
  "step_count": 9,
  "timestamp": 1764161802.0788748,
  "episode_reward": 1712.3385009765625,
  "num_steps": 327680,
  "feature_compute_time_s": 5.126739263534546,
  "train_iter_time_s": 5.026822328567505,
  "init_seed": 207,
  "train_seed": 200,
  "best_reward_so_far": -Infinity
}