{
  "sharpness": 1.1657814630632901,
  "gradient_smoothness": 0.10363810235291583,
  "loss_mean": 0.0,
  "loss_std": 0.0,
  "loss_trend": 2.5646754732435533e-11,
  "parameter_norm": 32.61605800363976,
  "lambda_max_10": -37.829689025878906,
  "hessian_trace_10": 757.1350189208985,
  "fim_trace": 5327.358393933624,
  "step_count": 281,
  "timestamp": 1763774330.627666,
  "episode_reward": 2277.23022525076,
  "num_steps": 9240576,
  "feature_compute_time_s": 5.24157190322876,
  "train_iter_time_s": 19.445857763290405,
  "init_seed": 206,
  "train_seed": 200,
  "best_reward_so_far": 2343.9564105720597
}