{
  "sharpness": 1.6271083956796022,
  "gradient_smoothness": 0.2993716534339548,
  "loss_mean": 0.0,
  "loss_std": 0.0,
  "loss_trend": 1.1481118723063746e-08,
  "parameter_norm": 29.43584038039853,
  "lambda_max_10": 10.88458251953125,
  "hessian_trace_10": 205.11547813415527,
  "fim_trace": 2491.6496399492025,
  "step_count": 2,
  "timestamp": 1764152699.6846287,
  "episode_reward": 3468.0302734375,
  "num_steps": 98304,
  "feature_compute_time_s": 5.097615480422974,
  "train_iter_time_s": 2.9769248962402344,
  "init_seed": 200,
  "train_seed": 207,
  "best_reward_so_far": -Infinity
}