{
  "sharpness": 1.3059224663461817,
  "gradient_smoothness": 0.2695229406502621,
  "loss_mean": 0.0,
  "loss_std": 0.0,
  "loss_trend": 4.071029438814245e-10,
  "parameter_norm": 34.6860417359706,
  "lambda_max_10": -29.56829833984375,
  "hessian_trace_10": 556.7602233886719,
  "fim_trace": 2756.5155149400234,
  "step_count": 11,
  "timestamp": 1765468915.349946,
  "episode_reward": 48.36092758178711,
  "num_steps": 393216,
  "feature_compute_time_s": 6.040401458740234,
  "train_iter_time_s": 4.211756467819214,
  "init_seed": 200,
  "train_seed": 200,
  "best_reward_so_far": 140.7201818466952
}