{
  "sharpness": 1.5071041519622292,
  "gradient_smoothness": 0.1735499635359181,
  "loss_mean": 0.0,
  "loss_std": 0.0,
  "loss_trend": -7.560843929356701e-11,
  "parameter_norm": 34.06795763275067,
  "lambda_max_10": 20.821731567382812,
  "hessian_trace_10": 515.4763610839843,
  "fim_trace": 4232.417676780373,
  "step_count": 54,
  "timestamp": 1765439963.7230327,
  "episode_reward": -1.7839255332946777,
  "num_steps": 1802240,
  "feature_compute_time_s": 5.251872301101685,
  "train_iter_time_s": 3.7890543937683105,
  "init_seed": 200,
  "train_seed": 203,
  "best_reward_so_far": 899.0085931410182
}