{
  "sharpness": 0.4645862559755887,
  "gradient_smoothness": 0.04182543398292129,
  "loss_mean": 0.0,
  "loss_std": 0.0,
  "loss_trend": 3.956058499688945e-11,
  "parameter_norm": 23.936004018323604,
  "lambda_max_10": 3.2073702812194824,
  "hessian_trace_10": 13.88677304983139,
  "fim_trace": 72.90373860672116,
  "step_count": 32,
  "timestamp": 1763759598.121606,
  "episode_reward": 388.14808016634214,
  "num_steps": 1081344,
  "feature_compute_time_s": 6.62973427772522,
  "train_iter_time_s": 13.5980384349823,
  "init_seed": 200,
  "train_seed": 207,
  "best_reward_so_far": 402.7219890776142
}