{
  "sharpness": 0.834469420644823,
  "gradient_smoothness": 0.061292835076220444,
  "loss_mean": 0.0,
  "loss_std": 0.0,
  "loss_trend": 6.550461689602414e-11,
  "parameter_norm": 23.225287611471586,
  "lambda_max_10": 2.124450206756592,
  "hessian_trace_10": 12.756064236164093,
  "fim_trace": 121.4883453398943,
  "step_count": 37,
  "timestamp": 1763772513.2318578,
  "num_steps": 1245184,
  "feature_compute_time_s": 4.703927040100098,
  "train_iter_time_s": 8.1982741355896,
  "init_seed": 200,
  "train_seed": 202,
  "best_reward_so_far": 4.54602885343934
}