{
  "sharpness": 1.8516513026038637,
  "gradient_smoothness": 0.13040915993196153,
  "loss_mean": 0.0,
  "loss_std": 0.0,
  "loss_trend": -2.7628339072555983e-12,
  "parameter_norm": 29.269984870319675,
  "lambda_max_10": -36.78510665893555,
  "hessian_trace_10": 254.82716522216796,
  "fim_trace": 4535.940629720688,
  "step_count": 276,
  "timestamp": 1763786877.2907698,
  "num_steps": 9076736,
  "feature_compute_time_s": 7.342098712921143,
  "train_iter_time_s": 12.936466932296753,
  "init_seed": 207,
  "train_seed": 200,
  "best_reward_so_far": 1479.7704560151076
}