{
  "sharpness": 0.9373992216334598,
  "gradient_smoothness": 0.07262594549800296,
  "loss_mean": 0.0,
  "loss_std": 0.0,
  "loss_trend": -7.748273790307902e-12,
  "parameter_norm": 24.052940257739838,
  "lambda_max_10": 4.7525129318237305,
  "hessian_trace_10": 33.50259971618652,
  "fim_trace": 206.4012432694435,
  "step_count": 50,
  "timestamp": 1763776961.7138188,
  "num_steps": 1671168,
  "feature_compute_time_s": 7.155083417892456,
  "train_iter_time_s": 14.051170825958252,
  "init_seed": 201,
  "train_seed": 200,
  "best_reward_so_far": 321.04084733474974
}