{
  "sharpness": 1.5530958295311483,
  "gradient_smoothness": 0.156428694644214,
  "loss_mean": 0.0,
  "loss_std": 0.0,
  "loss_trend": 4.42892898336766e-12,
  "parameter_norm": 28.369799479888382,
  "lambda_max_10": -17.117429733276367,
  "hessian_trace_10": 118.05464019775391,
  "fim_trace": 1170.260654836893,
  "step_count": 174,
  "timestamp": 1763781914.6883252,
  "num_steps": 5734400,
  "feature_compute_time_s": 5.085050821304321,
  "train_iter_time_s": 7.503178358078003,
  "init_seed": 206,
  "train_seed": 200,
  "best_reward_so_far": 1133.6546938251004
}