{
  "sharpness": 1.6230736584025414,
  "gradient_smoothness": 0.0506951567761461,
  "loss_mean": 0.0,
  "loss_std": 0.0,
  "loss_trend": -1.5835825412975066e-11,
  "parameter_norm": 27.6478518743467,
  "lambda_max_10": -9.645729064941406,
  "hessian_trace_10": 184.07215118408203,
  "fim_trace": 349.6078909188509,
  "step_count": 78,
  "timestamp": 1763768927.7094977,
  "episode_reward": 745.3105136485201,
  "num_steps": 2588672,
  "feature_compute_time_s": 8.005847692489624,
  "train_iter_time_s": 18.748672008514404,
  "init_seed": 206,
  "train_seed": 200,
  "best_reward_so_far": 747.4999944135756
}