{
  "sharpness": 1.2782190912124876,
  "gradient_smoothness": 0.7615941559557649,
  "loss_mean": 0.0,
  "loss_std": 0.0,
  "loss_trend": 1.5008308580441115e-10,
  "parameter_norm": 33.41773399917508,
  "lambda_max_10": -32.66114044189453,
  "hessian_trace_10": 602.9430572509766,
  "fim_trace": 2145.829598143697,
  "step_count": 15,
  "timestamp": 1765468986.7481685,
  "episode_reward": -11.9296875,
  "num_steps": 524288,
  "feature_compute_time_s": 10.15356707572937,
  "train_iter_time_s": 5.89656925201416,
  "init_seed": 200,
  "train_seed": 206,
  "best_reward_so_far": 208.56131748583087
}