{
  "sharpness": 1.3494364993264187,
  "gradient_smoothness": 0.058125061463095914,
  "loss_mean": 0.0,
  "loss_std": 0.0,
  "loss_trend": -3.9865039101843465e-12,
  "parameter_norm": 31.42988362545079,
  "lambda_max_10": -33.33727264404297,
  "hessian_trace_10": 454.516015625,
  "fim_trace": 1554.8455032892525,
  "step_count": 189,
  "timestamp": 1763763069.6274238,
  "episode_reward": 1382.87209530771,
  "num_steps": 6225920,
  "feature_compute_time_s": 6.383339881896973,
  "train_iter_time_s": 16.365168809890747,
  "init_seed": 200,
  "train_seed": 207,
  "best_reward_so_far": 1460.1042203670097
}