{
  "sharpness": 1.1658975239643048,
  "gradient_smoothness": 0.46649182644295156,
  "loss_mean": 0.0,
  "loss_std": 0.0,
  "loss_trend": 5.768081858695145e-10,
  "parameter_norm": 33.70865035441104,
  "lambda_max_10": -28.712472915649414,
  "hessian_trace_10": 333.9245429992676,
  "fim_trace": 2351.4982826448977,
  "step_count": 13,
  "timestamp": 1765468697.8442338,
  "episode_reward": 172.7083282470703,
  "num_steps": 458752,
  "feature_compute_time_s": 7.279611110687256,
  "train_iter_time_s": 6.703968048095703,
  "init_seed": 200,
  "train_seed": 200,
  "best_reward_so_far": 216.01055614115134
}