{
  "sharpness": 3.1166120713132974,
  "gradient_smoothness": 0.7615941559557649,
  "loss_mean": 0.0,
  "loss_std": 0.0,
  "loss_trend": 1.1784054505303029e-09,
  "parameter_norm": 102.382864994555,
  "lambda_max_10": 18.448898315429688,
  "hessian_trace_10": -15.151231479644775,
  "fim_trace": 4841.013373393565,
  "step_count": 15,
  "timestamp": 1765470464.910669,
  "episode_reward": -1.027292251586914,
  "num_steps": 524288,
  "feature_compute_time_s": 9.484426259994507,
  "train_iter_time_s": 4.8678741455078125,
  "init_seed": 207,
  "train_seed": 200,
  "best_reward_so_far": -4.602132682433493
}