{
  "sharpness": 1.6151577078758677,
  "gradient_smoothness": 0.7615941559557649,
  "loss_mean": 0.0,
  "loss_std": 0.0,
  "loss_trend": -8.496048677595303e-10,
  "parameter_norm": 29.680703685516907,
  "lambda_max_10": -27.019981384277344,
  "hessian_trace_10": 277.39856109619143,
  "fim_trace": 4865.883234858513,
  "step_count": 15,
  "timestamp": 1764158968.8763587,
  "episode_reward": 2124.28173828125,
  "num_steps": 524288,
  "feature_compute_time_s": 5.083243370056152,
  "train_iter_time_s": 3.9942586421966553,
  "init_seed": 205,
  "train_seed": 200,
  "best_reward_so_far": 1325.7029562267708
}