{
  "sharpness": 1.3110321155313025,
  "gradient_smoothness": 0.03433972440622163,
  "loss_mean": 0.0,
  "loss_std": 0.0,
  "loss_trend": -1.6924114911641163e-11,
  "parameter_norm": 31.42134699839774,
  "lambda_max_10": -19.776870727539062,
  "hessian_trace_10": 492.4624542236328,
  "fim_trace": 1473.5087383203208,
  "step_count": 188,
  "timestamp": 1763772663.4103808,
  "episode_reward": 1353.2324497535776,
  "num_steps": 6193152,
  "feature_compute_time_s": 7.939261436462402,
  "train_iter_time_s": 19.913880825042725,
  "init_seed": 207,
  "train_seed": 200,
  "best_reward_so_far": 1598.6869193575553
}