{
  "sharpness": 1.5663196994390196,
  "gradient_smoothness": 0.021081720748917274,
  "loss_mean": 0.0,
  "loss_std": 0.0,
  "loss_trend": -1.6743837332405688e-09,
  "parameter_norm": 34.53591765663441,
  "lambda_max_10": -27.214611053466797,
  "hessian_trace_10": 628.8512908935547,
  "fim_trace": 4250.353131230921,
  "step_count": 5,
  "timestamp": 1765469939.5435622,
  "episode_reward": -13.966245651245117,
  "num_steps": 196608,
  "feature_compute_time_s": 5.962379217147827,
  "train_iter_time_s": 4.9333860874176025,
  "init_seed": 207,
  "train_seed": 200,
  "best_reward_so_far": 29.35091164207102
}