{
  "sharpness": 2.013744976582766,
  "gradient_smoothness": 0.2806281988253296,
  "loss_mean": 0.0,
  "loss_std": 0.0,
  "loss_trend": 4.195541844985269e-09,
  "parameter_norm": 29.064385616655606,
  "lambda_max_10": -22.580398559570312,
  "hessian_trace_10": 2.601544952392578,
  "fim_trace": 1915.5732045173645,
  "step_count": 2,
  "timestamp": 1764168505.966124,
  "episode_reward": 3686.510009765625,
  "num_steps": 98304,
  "feature_compute_time_s": 5.348146438598633,
  "train_iter_time_s": 5.355220317840576,
  "init_seed": 204,
  "train_seed": 200,
  "best_reward_so_far": -Infinity
}