{
  "sharpness": 1.1665783649538153,
  "gradient_smoothness": 0.013882003910515757,
  "loss_mean": 0.0,
  "loss_std": 0.0,
  "loss_trend": -3.679928440020379e-11,
  "parameter_norm": 31.6554293690216,
  "lambda_max_10": -16.395580291748047,
  "hessian_trace_10": 394.9250732421875,
  "fim_trace": 1252.200841870159,
  "step_count": 192,
  "timestamp": 1763766464.8740113,
  "episode_reward": 731.8198014201863,
  "num_steps": 6324224,
  "feature_compute_time_s": 5.511085271835327,
  "train_iter_time_s": 9.829705953598022,
  "init_seed": 200,
  "train_seed": 200,
  "best_reward_so_far": 825.5063438058102
}