{
  "sharpness": 1.364642616738683,
  "gradient_smoothness": 0.004287493547715555,
  "loss_mean": 0.0,
  "loss_std": 0.0,
  "loss_trend": 2.1017852241331153e-10,
  "parameter_norm": 33.32597957014761,
  "lambda_max_10": -21.100282669067383,
  "hessian_trace_10": 276.29320526123047,
  "fim_trace": 2479.288539491594,
  "step_count": 14,
  "timestamp": 1765444895.2522707,
  "episode_reward": 39.5557746887207,
  "num_steps": 491520,
  "feature_compute_time_s": 5.532799243927002,
  "train_iter_time_s": 4.367087364196777,
  "init_seed": 205,
  "train_seed": 200,
  "best_reward_so_far": 204.50718362834473
}