{
  "sharpness": 1.4442384528507108,
  "gradient_smoothness": 0.0033423302254705313,
  "loss_mean": 0.0,
  "loss_std": 0.0,
  "loss_trend": -2.8558068600693603e-11,
  "parameter_norm": 28.541954002490254,
  "lambda_max_10": -4.884665012359619,
  "hessian_trace_10": 178.08223648071288,
  "fim_trace": 2003.9929394870996,
  "step_count": 152,
  "timestamp": 1763777855.8346262,
  "num_steps": 5013504,
  "feature_compute_time_s": 8.42411994934082,
  "train_iter_time_s": 12.066575288772583,
  "init_seed": 200,
  "train_seed": 206,
  "best_reward_so_far": 1056.6620318005535
}