{
  "sharpness": 1.6811167788786678,
  "gradient_smoothness": 0.004993975189165224,
  "loss_mean": 0.0,
  "loss_std": 0.0,
  "loss_trend": -1.1238320875425506e-11,
  "parameter_norm": 28.75012014772373,
  "lambda_max_10": -47.48943328857422,
  "hessian_trace_10": 417.3358871459961,
  "fim_trace": 3756.3373023867607,
  "step_count": 171,
  "timestamp": 1763774190.3034608,
  "num_steps": 5636096,
  "feature_compute_time_s": 4.643522262573242,
  "train_iter_time_s": 7.3641884326934814,
  "init_seed": 200,
  "train_seed": 202,
  "best_reward_so_far": 1055.1778476107525
}