{
  "sharpness": 1.5122379616853505,
  "gradient_smoothness": 0.24871397926100214,
  "loss_mean": 0.0,
  "loss_std": 0.0,
  "loss_trend": -6.17812973139805e-09,
  "parameter_norm": 29.807505085697986,
  "lambda_max_10": -4.0357232093811035,
  "hessian_trace_10": 292.06088790893557,
  "fim_trace": 3890.6594767719507,
  "step_count": 3,
  "timestamp": 1764152520.784403,
  "episode_reward": 1469.7554931640625,
  "num_steps": 131072,
  "feature_compute_time_s": 5.125833511352539,
  "train_iter_time_s": 4.987815856933594,
  "init_seed": 200,
  "train_seed": 206,
  "best_reward_so_far": -Infinity
}