{
  "sharpness": 1.3364478071730919,
  "gradient_smoothness": 0.033572055780932426,
  "loss_mean": 0.0,
  "loss_std": 0.0,
  "loss_trend": -4.584520588540097e-11,
  "parameter_norm": 30.806288596009026,
  "lambda_max_10": -30.948034286499023,
  "hessian_trace_10": 379.0856231689453,
  "fim_trace": 1910.1334055550396,
  "step_count": 158,
  "timestamp": 1763762368.923919,
  "episode_reward": 1155.653949357516,
  "num_steps": 5210112,
  "feature_compute_time_s": 5.797649383544922,
  "train_iter_time_s": 15.186057329177856,
  "init_seed": 200,
  "train_seed": 207,
  "best_reward_so_far": 1267.8556841204008
}