{
  "sharpness": 2.2525783372939254,
  "gradient_smoothness": 0.4266687838010109,
  "loss_mean": 0.0,
  "loss_std": 0.0,
  "loss_trend": -1.415599775342783e-11,
  "parameter_norm": 28.54336260966793,
  "lambda_max_10": 4.337369918823242,
  "hessian_trace_10": -21.595705223083495,
  "fim_trace": 1138.5502508580685,
  "step_count": 203,
  "timestamp": 1763782442.9599993,
  "episode_reward": 2156.601253867987,
  "num_steps": 6684672,
  "feature_compute_time_s": 8.752222537994385,
  "train_iter_time_s": 9.577364444732666,
  "init_seed": 204,
  "train_seed": 200,
  "best_reward_so_far": 2156.601253867987
}