{
  "sharpness": 2.2101442056348604,
  "gradient_smoothness": 0.18967897866052685,
  "loss_mean": 0.0,
  "loss_std": 0.0,
  "loss_trend": -1.0322936121163223e-09,
  "parameter_norm": 31.115294334184522,
  "lambda_max_10": 87.61759185791016,
  "hessian_trace_10": 145.96051750183105,
  "fim_trace": 8930.245886325836,
  "step_count": 2,
  "timestamp": 1764170471.47063,
  "episode_reward": 1201.7442626953125,
  "num_steps": 98304,
  "feature_compute_time_s": 5.50126838684082,
  "train_iter_time_s": 3.845296621322632,
  "init_seed": 200,
  "train_seed": 201,
  "best_reward_so_far": -Infinity
}