{
  "sharpness": 0.12279555445356061,
  "gradient_smoothness": 0.0,
  "parameter_norm": 19.30425391354163,
  "lambda_max_10": -0.2703982889652252,
  "hessian_trace_10": -2.6783984124660494,
  "fim_trace": 21.630247980356216,
  "step_count": 0,
  "timestamp": 1763777067.840208,
  "num_steps": 32768,
  "feature_compute_time_s": 5.077439308166504,
  "train_iter_time_s": 11.696067810058594,
  "init_seed": 202,
  "train_seed": 200,
  "best_reward_so_far": -Infinity
}