{
  "sharpness": 1.8583836355331214,
  "gradient_smoothness": 0.04700008964281036,
  "loss_mean": 0.0,
  "loss_std": 0.0,
  "loss_trend": -1.4084232603333826e-12,
  "parameter_norm": 28.983516220301507,
  "lambda_max_10": -48.70574951171875,
  "hessian_trace_10": 239.23639831542968,
  "fim_trace": 6239.969592958689,
  "step_count": 237,
  "timestamp": 1763784124.5755458,
  "num_steps": 7798784,
  "feature_compute_time_s": 5.8304359912872314,
  "train_iter_time_s": 11.977200746536255,
  "init_seed": 205,
  "train_seed": 200,
  "best_reward_so_far": 1491.1277365074543
}