{
  "sharpness": 1.2324628452237931,
  "gradient_smoothness": 0.020866401545840605,
  "loss_mean": 0.0,
  "loss_std": 0.0,
  "loss_trend": -2.6629085601502798e-11,
  "parameter_norm": 34.310477659547054,
  "lambda_max_10": -31.45077133178711,
  "hessian_trace_10": 562.2616394042968,
  "fim_trace": 4667.226963207126,
  "step_count": 39,
  "timestamp": 1765442185.4717116,
  "episode_reward": 444.4278259277344,
  "num_steps": 1310720,
  "feature_compute_time_s": 5.491567611694336,
  "train_iter_time_s": 4.253108739852905,
  "init_seed": 200,
  "train_seed": 205,
  "best_reward_so_far": 808.240541969242
}