{
  "sharpness": 1.166648948350996,
  "gradient_smoothness": 0.030627876031069316,
  "loss_mean": 0.0,
  "loss_std": 0.0,
  "loss_trend": -4.2491931827623164e-11,
  "parameter_norm": 32.61762782491346,
  "lambda_max_10": -41.26866912841797,
  "hessian_trace_10": 753.8614318847656,
  "fim_trace": 4886.894121997058,
  "step_count": 283,
  "timestamp": 1763774389.155506,
  "episode_reward": 2128.5428871113922,
  "num_steps": 9306112,
  "feature_compute_time_s": 7.745286703109741,
  "train_iter_time_s": 19.66170048713684,
  "init_seed": 206,
  "train_seed": 200,
  "best_reward_so_far": 2343.9564105720597
}