{
  "sharpness": 1.3992030214506628,
  "gradient_smoothness": 0.05858262969472599,
  "loss_mean": 0.0,
  "loss_std": 0.0,
  "loss_trend": 1.5484683164472742e-10,
  "parameter_norm": 33.835116979701155,
  "lambda_max_10": -31.36172866821289,
  "hessian_trace_10": 508.66607971191405,
  "fim_trace": 4249.062072552741,
  "step_count": 32,
  "timestamp": 1765439127.8707833,
  "episode_reward": -14.040328979492188,
  "num_steps": 1081344,
  "feature_compute_time_s": 5.54746675491333,
  "train_iter_time_s": 3.809439182281494,
  "init_seed": 200,
  "train_seed": 203,
  "best_reward_so_far": 747.583224337768
}