{
  "sharpness": 1.8855666463311114,
  "gradient_smoothness": 0.1745082193290719,
  "loss_mean": 0.0,
  "loss_std": 0.0,
  "loss_trend": -1.300971767804017e-09,
  "parameter_norm": 29.476870668639815,
  "lambda_max_10": -59.61754608154297,
  "hessian_trace_10": 420.64432830810546,
  "fim_trace": 6809.977820120752,
  "step_count": 10,
  "timestamp": 1764166944.2658403,
  "episode_reward": 1335.343505859375,
  "num_steps": 360448,
  "feature_compute_time_s": 5.088528633117676,
  "train_iter_time_s": 3.4104530811309814,
  "init_seed": 200,
  "train_seed": 204,
  "best_reward_so_far": -Infinity
}