{
  "sharpness": 1.6349878744857615,
  "gradient_smoothness": 0.12298911557622487,
  "loss_mean": 0.0,
  "loss_std": 0.0,
  "loss_trend": 2.4273016459080353e-09,
  "parameter_norm": 46.00511221060392,
  "lambda_max_10": -66.17864227294922,
  "hessian_trace_10": 885.2096008300781,
  "fim_trace": 8802.427161335945,
  "step_count": 2,
  "timestamp": 1765469268.2321851,
  "episode_reward": 241.4090576171875,
  "num_steps": 98304,
  "feature_compute_time_s": 7.773753643035889,
  "train_iter_time_s": 5.910785675048828,
  "init_seed": 200,
  "train_seed": 204,
  "best_reward_so_far": 14.529691855551397
}