{
  "sharpness": 1.696145752233187,
  "gradient_smoothness": 0.13755633663340663,
  "loss_mean": 0.0,
  "loss_std": 0.0,
  "loss_trend": -3.49907331808989e-09,
  "parameter_norm": 29.52403221382186,
  "lambda_max_10": 47.911128997802734,
  "hessian_trace_10": 258.9255310058594,
  "fim_trace": 4733.73897215724,
  "step_count": 3,
  "timestamp": 1764168450.464065,
  "episode_reward": 1617.0723876953125,
  "num_steps": 131072,
  "feature_compute_time_s": 8.078746795654297,
  "train_iter_time_s": 5.219232559204102,
  "init_seed": 205,
  "train_seed": 200,
  "best_reward_so_far": -Infinity
}