{
  "sharpness": 1.892106215363706,
  "gradient_smoothness": 0.0,
  "loss_mean": 0.0,
  "loss_std": 0.0,
  "loss_trend": 0.0,
  "parameter_norm": 29.85793260869911,
  "lambda_max_10": -60.625205993652344,
  "hessian_trace_10": 514.0421684265136,
  "fim_trace": 8670.680237352848,
  "step_count": 1,
  "timestamp": 1764177168.567634,
  "episode_reward": 1126.2769775390625,
  "num_steps": 65536,
  "feature_compute_time_s": 5.740001201629639,
  "train_iter_time_s": 3.9280130863189697,
  "init_seed": 200,
  "train_seed": 204,
  "best_reward_so_far": -Infinity
}