{
  "sharpness": 2.5400242282701413,
  "gradient_smoothness": 0.3403912457900962,
  "loss_mean": 0.0,
  "loss_std": 0.0,
  "loss_trend": -4.79535957626889e-11,
  "parameter_norm": 29.673142154124452,
  "lambda_max_10": -35.671607971191406,
  "hessian_trace_10": 411.7265914916992,
  "fim_trace": 2374.6173813939095,
  "step_count": 301,
  "timestamp": 1763782207.7197404,
  "num_steps": 9895936,
  "feature_compute_time_s": 6.736114263534546,
  "train_iter_time_s": 11.62928056716919,
  "init_seed": 201,
  "train_seed": 200,
  "best_reward_so_far": 1198.1827661490997
}