{
  "sharpness": 0.45564866344731275,
  "gradient_smoothness": 0.05540158064063045,
  "loss_mean": 0.0,
  "loss_std": 0.0,
  "loss_trend": 8.650177159338358e-11,
  "parameter_norm": 21.30360301399781,
  "lambda_max_10": -1.5834723711013794,
  "hessian_trace_10": -10.769144940376282,
  "fim_trace": 40.68187263421714,
  "step_count": 22,
  "timestamp": 1763775477.2511084,
  "num_steps": 753664,
  "feature_compute_time_s": 6.3466081619262695,
  "train_iter_time_s": 12.754244804382324,
  "init_seed": 200,
  "train_seed": 207,
  "best_reward_so_far": -271.79990681669454
}