{
  "sharpness": 1.4424768532061263,
  "gradient_smoothness": 0.02533086156593107,
  "loss_mean": 0.0,
  "loss_std": 0.0,
  "loss_trend": -3.684948403827994e-11,
  "parameter_norm": 28.44107026692037,
  "lambda_max_10": -11.681198120117188,
  "hessian_trace_10": 94.94872016906739,
  "fim_trace": 654.1934871934354,
  "step_count": 94,
  "timestamp": 1763761186.002235,
  "episode_reward": 901.7556980923649,
  "num_steps": 3112960,
  "feature_compute_time_s": 6.065351963043213,
  "train_iter_time_s": 17.508017778396606,
  "init_seed": 200,
  "train_seed": 203,
  "best_reward_so_far": 901.7556980923649
}