{
  "sharpness": 1.7948735683744836,
  "gradient_smoothness": 0.008865950517590798,
  "loss_mean": 0.0,
  "loss_std": 0.0,
  "loss_trend": 4.379139662705221e-11,
  "parameter_norm": 27.241766998546613,
  "lambda_max_10": -10.820329666137695,
  "hessian_trace_10": 210.6859115600586,
  "fim_trace": 311.41649799607694,
  "step_count": 74,
  "timestamp": 1763767386.4596472,
  "episode_reward": 1034.2437733259146,
  "num_steps": 2457600,
  "feature_compute_time_s": 5.9523584842681885,
  "train_iter_time_s": 15.638162612915039,
  "init_seed": 202,
  "train_seed": 200,
  "best_reward_so_far": 1266.3784218034439
}