{
  "sharpness": 1.6921926523736543,
  "gradient_smoothness": 0.0,
  "loss_mean": 0.0,
  "loss_std": 0.0,
  "loss_trend": 0.0,
  "parameter_norm": 29.979158922925073,
  "lambda_max_10": -137.26974487304688,
  "hessian_trace_10": 1139.9877166748047,
  "fim_trace": 11787.562340900302,
  "step_count": 1,
  "timestamp": 1764169544.1238282,
  "episode_reward": 1354.467529296875,
  "num_steps": 65536,
  "feature_compute_time_s": 5.5587780475616455,
  "train_iter_time_s": 3.0750749111175537,
  "init_seed": 200,
  "train_seed": 205,
  "best_reward_so_far": -Infinity
}