{
  "sharpness": 1.291535838345256,
  "gradient_smoothness": 0.01050261093278846,
  "loss_mean": 0.0,
  "loss_std": 0.0,
  "loss_trend": 2.6911199392977383e-10,
  "parameter_norm": 33.49996351233689,
  "lambda_max_10": -27.76889419555664,
  "hessian_trace_10": 313.4604888916016,
  "fim_trace": 1305.3578148819506,
  "step_count": 30,
  "timestamp": 1765442647.3932595,
  "episode_reward": -18.483617782592773,
  "num_steps": 1015808,
  "feature_compute_time_s": 5.454820394515991,
  "train_iter_time_s": 3.8540499210357666,
  "init_seed": 207,
  "train_seed": 200,
  "best_reward_so_far": 942.8966202123174
}