{
  "sharpness": 1.1800346139099596,
  "gradient_smoothness": 0.01903905621989626,
  "loss_mean": 0.0,
  "loss_std": 0.0,
  "loss_trend": -5.270215996824792e-12,
  "parameter_norm": 32.778636050112695,
  "lambda_max_10": -27.362154006958008,
  "hessian_trace_10": 292.5452453613281,
  "fim_trace": 1965.6194631457329,
  "step_count": 249,
  "timestamp": 1763764201.3254852,
  "episode_reward": 1644.275041712575,
  "num_steps": 8192000,
  "feature_compute_time_s": 5.9817445278167725,
  "train_iter_time_s": 12.275842189788818,
  "init_seed": 200,
  "train_seed": 200,
  "best_reward_so_far": 1788.7680720604744
}