{
  "sharpness": 0.1502484335577356,
  "gradient_smoothness": 0.039008958976830405,
  "loss_mean": 0.0,
  "loss_std": 0.0,
  "loss_trend": -8.675687840747492e-10,
  "parameter_norm": 19.93296902086882,
  "lambda_max_10": -0.8643400073051453,
  "hessian_trace_10": -5.124759256839752,
  "fim_trace": 26.953274765983224,
  "step_count": 5,
  "timestamp": 1763772009.656547,
  "num_steps": 196608,
  "feature_compute_time_s": 7.490427494049072,
  "train_iter_time_s": 10.738560199737549,
  "init_seed": 200,
  "train_seed": 201,
  "best_reward_so_far": -Infinity
}