{
  "sharpness": 0.6530202125100599,
  "gradient_smoothness": 0.23760545464191415,
  "loss_mean": 0.0,
  "loss_std": 0.0,
  "loss_trend": 8.625139210664192e-11,
  "parameter_norm": 22.3462001465964,
  "lambda_max_10": 2.1200449466705322,
  "hessian_trace_10": 8.269988697767257,
  "fim_trace": 84.63407415896654,
  "step_count": 31,
  "timestamp": 1763779011.7586226,
  "episode_reward": -43.98589869640222,
  "num_steps": 1048576,
  "feature_compute_time_s": 5.568210601806641,
  "train_iter_time_s": 11.31837272644043,
  "init_seed": 203,
  "train_seed": 200,
  "best_reward_so_far": -43.98589869640222
}