{
  "sharpness": 1.2457287788024196,
  "gradient_smoothness": 0.01831864158206143,
  "loss_mean": 0.0,
  "loss_std": 0.0,
  "loss_trend": -6.672638492265948e-10,
  "parameter_norm": 32.93947052512379,
  "lambda_max_10": -27.69512176513672,
  "hessian_trace_10": 438.3688659667969,
  "fim_trace": 1127.0089372359216,
  "step_count": 7,
  "timestamp": 1765439231.7220383,
  "episode_reward": 93.04072570800781,
  "num_steps": 262144,
  "feature_compute_time_s": 5.536625146865845,
  "train_iter_time_s": 3.992777109146118,
  "init_seed": 200,
  "train_seed": 200,
  "best_reward_so_far": 229.41272358880906
}