{
  "sharpness": 0.9419289597244199,
  "gradient_smoothness": 0.07018468884480258,
  "loss_mean": 0.0,
  "loss_std": 0.0,
  "loss_trend": 1.506629899184504e-11,
  "parameter_norm": 26.579862714368435,
  "lambda_max_10": -3.1346018314361572,
  "hessian_trace_10": 39.60378475189209,
  "fim_trace": 122.39512039348483,
  "step_count": 64,
  "timestamp": 1763760637.006802,
  "episode_reward": 943.1509381580047,
  "num_steps": 2129920,
  "feature_compute_time_s": 7.1415486335754395,
  "train_iter_time_s": 18.658028602600098,
  "init_seed": 200,
  "train_seed": 201,
  "best_reward_so_far": 943.1509381580047
}