{
  "sharpness": 1.7614643914055037,
  "gradient_smoothness": 0.017002523526126724,
  "loss_mean": 0.0,
  "loss_std": 0.0,
  "loss_trend": 1.3711651334880767e-11,
  "parameter_norm": 28.135344957960328,
  "lambda_max_10": -14.639535903930664,
  "hessian_trace_10": 238.30268096923828,
  "fim_trace": 534.4309963621199,
  "step_count": 88,
  "timestamp": 1763767690.3974767,
  "episode_reward": 1341.2912094229187,
  "num_steps": 2916352,
  "feature_compute_time_s": 6.978001356124878,
  "train_iter_time_s": 14.149969816207886,
  "init_seed": 202,
  "train_seed": 200,
  "best_reward_so_far": 1361.9046405900633
}