{
  "sharpness": 1.2318240275307133,
  "gradient_smoothness": 0.001262359857007736,
  "loss_mean": 0.0,
  "loss_std": 0.0,
  "loss_trend": 2.0412830306518376e-11,
  "parameter_norm": 32.056619471963735,
  "lambda_max_10": -28.877120971679688,
  "hessian_trace_10": 350.21691131591797,
  "fim_trace": 1451.498080831021,
  "step_count": 250,
  "timestamp": 1763765936.614551,
  "episode_reward": 1688.5474743523605,
  "num_steps": 8224768,
  "feature_compute_time_s": 9.9561128616333,
  "train_iter_time_s": 20.969104051589966,
  "init_seed": 200,
  "train_seed": 201,
  "best_reward_so_far": 1688.5474743523605
}