{
  "sharpness": 1.725238394909183,
  "gradient_smoothness": 0.1637837863918477,
  "loss_mean": 0.0,
  "loss_std": 0.0,
  "loss_trend": -1.7096675441193307e-09,
  "parameter_norm": 29.731918080245823,
  "lambda_max_10": 25.834163665771484,
  "hessian_trace_10": 195.10320129394532,
  "fim_trace": 4067.2656411528587,
  "step_count": 10,
  "timestamp": 1764148601.6014366,
  "episode_reward": 1307.22802734375,
  "num_steps": 360448,
  "feature_compute_time_s": 7.672734975814819,
  "train_iter_time_s": 3.75654673576355,
  "init_seed": 200,
  "train_seed": 203,
  "best_reward_so_far": -Infinity
}