{
  "sharpness": 1.479586104544453,
  "gradient_smoothness": 0.04056289488273469,
  "loss_mean": 0.0,
  "loss_std": 0.0,
  "loss_trend": 2.4948280923397238e-11,
  "parameter_norm": 27.995483112418093,
  "lambda_max_10": -10.870607376098633,
  "hessian_trace_10": 245.7194854736328,
  "fim_trace": 397.77070925571024,
  "step_count": 89,
  "timestamp": 1763761313.1962934,
  "episode_reward": 1049.7143495199293,
  "num_steps": 2949120,
  "feature_compute_time_s": 7.9589924812316895,
  "train_iter_time_s": 19.09082007408142,
  "init_seed": 200,
  "train_seed": 201,
  "best_reward_so_far": 1199.4311176756057
}