{
  "sharpness": 1.3855137299956823,
  "gradient_smoothness": 0.020592054565886492,
  "loss_mean": 0.0,
  "loss_std": 0.0,
  "loss_trend": -6.713836957507812e-12,
  "parameter_norm": 32.55057843842679,
  "lambda_max_10": -54.51097106933594,
  "hessian_trace_10": 615.441552734375,
  "fim_trace": 4204.9216510728,
  "step_count": 273,
  "timestamp": 1763771869.4254599,
  "episode_reward": 2330.279107827276,
  "num_steps": 8978432,
  "feature_compute_time_s": 9.727824687957764,
  "train_iter_time_s": 13.887015581130981,
  "init_seed": 202,
  "train_seed": 200,
  "best_reward_so_far": 2615.2902687931028
}