{
  "sharpness": 5.408789501370431,
  "gradient_smoothness": 0.26677467018164613,
  "loss_mean": 0.0,
  "loss_std": 0.0,
  "loss_trend": 1.5128087689153594e-12,
  "parameter_norm": 52.378220104896464,
  "lambda_max_10": 87.68255615234375,
  "hessian_trace_10": -462.51108322143557,
  "fim_trace": 21017.67776453495,
  "step_count": 9,
  "timestamp": 1766083529.42709,
  "episode_reward": -320.1515197753906,
  "num_steps": 327680,
  "feature_compute_time_s": 5.288806200027466,
  "train_iter_time_s": 3.766951084136963,
  "init_seed": 207,
  "train_seed": 200,
  "best_reward_so_far": -Infinity
}