{
  "sharpness": 2.5229149856551887,
  "gradient_smoothness": 0.0,
  "parameter_norm": 46.06357491686845,
  "lambda_max_10": -68.84912109375,
  "hessian_trace_10": 942.9560821533203,
  "fim_trace": 13160.516508758068,
  "step_count": 0,
  "timestamp": 1765469746.2368286,
  "episode_reward": -13.816587448120117,
  "num_steps": 32768,
  "feature_compute_time_s": 5.691344499588013,
  "train_iter_time_s": 4.226508140563965,
  "init_seed": 204,
  "train_seed": 200,
  "best_reward_so_far": -3.2200923828381853
}