{
  "sharpness": 2.969523594390786,
  "gradient_smoothness": 0.20539490736756819,
  "loss_mean": 0.0,
  "loss_std": 0.0,
  "loss_trend": 2.5498912827436275e-09,
  "parameter_norm": 32.86309931258758,
  "lambda_max_10": -56.44620132446289,
  "hessian_trace_10": 495.0372283935547,
  "fim_trace": 8634.370909810066,
  "step_count": 8,
  "timestamp": 1766083131.6815176,
  "episode_reward": 1478.4075927734375,
  "num_steps": 294912,
  "feature_compute_time_s": 7.4703099727630615,
  "train_iter_time_s": 4.639647722244263,
  "init_seed": 207,
  "train_seed": 200,
  "best_reward_so_far": -Infinity
}