{
  "sharpness": 1.3932634108689275,
  "gradient_smoothness": 0.042009124772212164,
  "loss_mean": 0.0,
  "loss_std": 0.0,
  "loss_trend": -1.6495680341312762e-10,
  "parameter_norm": 33.97831709566983,
  "lambda_max_10": -35.924991607666016,
  "hessian_trace_10": 580.10537109375,
  "fim_trace": 2585.0403629262,
  "step_count": 26,
  "timestamp": 1765443270.525331,
  "episode_reward": -14.863263130187988,
  "num_steps": 884736,
  "feature_compute_time_s": 5.611029863357544,
  "train_iter_time_s": 4.227092742919922,
  "init_seed": 202,
  "train_seed": 200,
  "best_reward_so_far": 333.12950649154334
}