{
  "sharpness": 1.2492590905984269,
  "gradient_smoothness": 0.0436566930592747,
  "loss_mean": 0.0,
  "loss_std": 0.0,
  "loss_trend": 5.055308884851053e-12,
  "parameter_norm": 27.325119080930975,
  "lambda_max_10": 15.405374526977539,
  "hessian_trace_10": 99.12792358398437,
  "fim_trace": 677.4976766109467,
  "step_count": 130,
  "timestamp": 1763781115.3872619,
  "num_steps": 4292608,
  "feature_compute_time_s": 5.319576740264893,
  "train_iter_time_s": 12.039764881134033,
  "init_seed": 204,
  "train_seed": 200,
  "best_reward_so_far": 1171.1158403845616
}