{
  "sharpness": 1.3478419138267408,
  "gradient_smoothness": 0.023644773693374987,
  "loss_mean": 0.0,
  "loss_std": 0.0,
  "loss_trend": -2.8831837941119135e-11,
  "parameter_norm": 30.86874637343723,
  "lambda_max_10": -17.82022476196289,
  "hessian_trace_10": 384.39911499023435,
  "fim_trace": 1561.2109469249845,
  "step_count": 144,
  "timestamp": 1763761907.1615438,
  "episode_reward": 1186.796472342663,
  "num_steps": 4751360,
  "feature_compute_time_s": 6.5397844314575195,
  "train_iter_time_s": 16.332231283187866,
  "init_seed": 200,
  "train_seed": 200,
  "best_reward_so_far": 1541.0695824493835
}