{
  "sharpness": 1.753608805772001,
  "gradient_smoothness": 0.0,
  "parameter_norm": 29.463637775221148,
  "lambda_max_10": -33.330177307128906,
  "hessian_trace_10": 116.65481262207031,
  "fim_trace": 3399.284111917019,
  "step_count": 0,
  "timestamp": 1764148468.242318,
  "episode_reward": 1720.63427734375,
  "num_steps": 32768,
  "feature_compute_time_s": 5.647744417190552,
  "train_iter_time_s": 3.758474111557007,
  "init_seed": 200,
  "train_seed": 203,
  "best_reward_so_far": -Infinity
}