{
  "sharpness": 2.0372261911762437,
  "gradient_smoothness": 0.7615941559557649,
  "loss_mean": 0.0,
  "loss_std": 0.0,
  "loss_trend": -1.1717752173795206e-10,
  "parameter_norm": 46.11753206129527,
  "lambda_max_10": -58.75257873535156,
  "hessian_trace_10": 767.1831130981445,
  "fim_trace": 7630.1889448314905,
  "step_count": 15,
  "timestamp": 1765469388.3706264,
  "episode_reward": 3.1207823753356934,
  "num_steps": 524288,
  "feature_compute_time_s": 10.766589879989624,
  "train_iter_time_s": 6.720319986343384,
  "init_seed": 200,
  "train_seed": 205,
  "best_reward_so_far": 33.632193945366176
}