{
  "sharpness": 1.2528784345175283,
  "gradient_smoothness": 0.10100078640867374,
  "loss_mean": 0.0,
  "loss_std": 0.0,
  "loss_trend": 1.1600684070633231e-08,
  "parameter_norm": 32.79979230978916,
  "lambda_max_10": -24.98865509033203,
  "hessian_trace_10": 447.26243286132814,
  "fim_trace": 2444.937791377306,
  "step_count": 2,
  "timestamp": 1765444722.69739,
  "episode_reward": -11.116131782531738,
  "num_steps": 98304,
  "feature_compute_time_s": 10.921761989593506,
  "train_iter_time_s": 4.10970401763916,
  "init_seed": 205,
  "train_seed": 200,
  "best_reward_so_far": 90.20580021356999
}