{
  "sharpness": 1.1577956435094847,
  "gradient_smoothness": 0.02276602684659263,
  "loss_mean": 0.0,
  "loss_std": 0.0,
  "loss_trend": 1.0497279633285207e-09,
  "parameter_norm": 34.01956940489842,
  "lambda_max_10": -19.375919342041016,
  "hessian_trace_10": 336.73546447753904,
  "fim_trace": 2462.7018492408097,
  "step_count": 13,
  "timestamp": 1765438953.6684172,
  "episode_reward": 522.32080078125,
  "num_steps": 458752,
  "feature_compute_time_s": 5.615576982498169,
  "train_iter_time_s": 3.9112744331359863,
  "init_seed": 200,
  "train_seed": 200,
  "best_reward_so_far": 268.36815627174565
}