{
  "sharpness": 1.7067508391355641,
  "gradient_smoothness": 0.28547211504402537,
  "loss_mean": 0.0,
  "loss_std": 0.0,
  "loss_trend": 1.7389201538269814e-09,
  "parameter_norm": 29.690636450340424,
  "lambda_max_10": -64.95367431640625,
  "hessian_trace_10": 738.9626831054687,
  "fim_trace": 6512.856810778379,
  "step_count": 10,
  "timestamp": 1764166877.2936914,
  "episode_reward": 1306.48291015625,
  "num_steps": 360448,
  "feature_compute_time_s": 6.885117769241333,
  "train_iter_time_s": 4.46414589881897,
  "init_seed": 200,
  "train_seed": 202,
  "best_reward_so_far": -Infinity
}