{
  "sharpness": 1.3094445038938103,
  "gradient_smoothness": 0.01136302170646939,
  "loss_mean": 0.0,
  "loss_std": 0.0,
  "loss_trend": -2.687559978891614e-10,
  "parameter_norm": 34.260103565253864,
  "lambda_max_10": -54.984283447265625,
  "hessian_trace_10": 520.5660446166992,
  "fim_trace": 3229.2518402077258,
  "step_count": 37,
  "timestamp": 1765439360.5178134,
  "episode_reward": -8.102656364440918,
  "num_steps": 1245184,
  "feature_compute_time_s": 5.366198778152466,
  "train_iter_time_s": 4.689774513244629,
  "init_seed": 200,
  "train_seed": 206,
  "best_reward_so_far": 840.474797530685
}