{
  "sharpness": 1.4932542015359116,
  "gradient_smoothness": 0.13891512303126632,
  "loss_mean": 0.0,
  "loss_std": 0.0,
  "loss_trend": -2.2305007014143744e-10,
  "parameter_norm": 33.23409062544171,
  "lambda_max_10": -44.238712310791016,
  "hessian_trace_10": 592.5583465576171,
  "fim_trace": 2866.164532650262,
  "step_count": 9,
  "timestamp": 1765468557.0331779,
  "episode_reward": -15.192047119140625,
  "num_steps": 327680,
  "feature_compute_time_s": 5.649519681930542,
  "train_iter_time_s": 3.9011013507843018,
  "init_seed": 202,
  "train_seed": 200,
  "best_reward_so_far": 11.347594196666964
}