{
  "sharpness": 1.3200705695196957,
  "gradient_smoothness": 0.3319017795552533,
  "loss_mean": 0.0,
  "loss_std": 0.0,
  "loss_trend": 9.574535110741426e-10,
  "parameter_norm": 33.41472338597111,
  "lambda_max_10": -41.595298767089844,
  "hessian_trace_10": 514.9695343017578,
  "fim_trace": 2708.148048069328,
  "step_count": 12,
  "timestamp": 1765468935.4361203,
  "episode_reward": -8.439399719238281,
  "num_steps": 425984,
  "feature_compute_time_s": 7.621848821640015,
  "train_iter_time_s": 7.247752904891968,
  "init_seed": 200,
  "train_seed": 206,
  "best_reward_so_far": 192.02152172050506
}