{
  "sharpness": 2.2224579222281524,
  "gradient_smoothness": 0.025675062865319703,
  "loss_mean": 0.0,
  "loss_std": 0.0,
  "loss_trend": 6.494707419140991e-11,
  "parameter_norm": 28.7400950128477,
  "lambda_max_10": -63.8995475769043,
  "hessian_trace_10": 223.3037124633789,
  "fim_trace": 2739.98238581419,
  "step_count": 214,
  "timestamp": 1763782417.0855315,
  "num_steps": 7045120,
  "feature_compute_time_s": 6.021489143371582,
  "train_iter_time_s": 12.326285123825073,
  "init_seed": 203,
  "train_seed": 200,
  "best_reward_so_far": 1357.3043747458817
}