{
  "sharpness": 1.6948835426030475,
  "gradient_smoothness": 0.007224152425853902,
  "loss_mean": 0.0,
  "loss_std": 0.0,
  "loss_trend": 8.541685729894998e-12,
  "parameter_norm": 28.809314471250875,
  "lambda_max_10": -18.417530059814453,
  "hessian_trace_10": 195.39971618652345,
  "fim_trace": 1299.9204760789871,
  "step_count": 216,
  "timestamp": 1763782440.6590922,
  "num_steps": 7110656,
  "feature_compute_time_s": 4.937255859375,
  "train_iter_time_s": 7.257152557373047,
  "init_seed": 206,
  "train_seed": 200,
  "best_reward_so_far": 1198.242897207857
}