{
  "sharpness": 0.309066323402702,
  "gradient_smoothness": 0.01957142070435214,
  "loss_mean": 0.0,
  "loss_std": 0.0,
  "loss_trend": -8.330887021811207e-11,
  "parameter_norm": 21.073385750496726,
  "lambda_max_10": -1.1909589767456055,
  "hessian_trace_10": -4.907260465621948,
  "fim_trace": 46.636089535430074,
  "step_count": 18,
  "timestamp": 1763779091.744162,
  "num_steps": 622592,
  "feature_compute_time_s": 8.565907955169678,
  "train_iter_time_s": 10.555962324142456,
  "init_seed": 204,
  "train_seed": 200,
  "best_reward_so_far": -265.91236900455453
}