{
  "sharpness": 1.1765025379641614,
  "gradient_smoothness": 0.05088872993469223,
  "loss_mean": 0.0,
  "loss_std": 0.0,
  "loss_trend": -7.325896845481906e-12,
  "parameter_norm": 32.470303501231534,
  "lambda_max_10": -26.05792999267578,
  "hessian_trace_10": 563.6107208251954,
  "fim_trace": 2210.9502227529883,
  "step_count": 247,
  "timestamp": 1763771740.202815,
  "episode_reward": 2006.2837003845702,
  "num_steps": 8126464,
  "feature_compute_time_s": 6.707160472869873,
  "train_iter_time_s": 16.21263027191162,
  "init_seed": 204,
  "train_seed": 200,
  "best_reward_so_far": 2329.8849169584846
}