{
  "sharpness": 2.1248319529818267,
  "gradient_smoothness": 0.34471147858128953,
  "loss_mean": 0.0,
  "loss_std": 0.0,
  "loss_trend": 7.078435340557072e-10,
  "parameter_norm": 29.896994277053032,
  "lambda_max_10": -42.0438346862793,
  "hessian_trace_10": 316.84239501953124,
  "fim_trace": 3375.0443566292524,
  "step_count": 12,
  "timestamp": 1764167444.07202,
  "episode_reward": 1315.7093505859375,
  "num_steps": 425984,
  "feature_compute_time_s": 9.562458276748657,
  "train_iter_time_s": 3.3075592517852783,
  "init_seed": 200,
  "train_seed": 200,
  "best_reward_so_far": -Infinity
}