{
  "sharpness": 1.372614200246859,
  "gradient_smoothness": 0.1331058862087062,
  "loss_mean": 0.0,
  "loss_std": 0.0,
  "loss_trend": 2.3712546443046202e-11,
  "parameter_norm": 34.10929505040672,
  "lambda_max_10": 28.002050399780273,
  "hessian_trace_10": 567.3245544433594,
  "fim_trace": 2073.031766049564,
  "step_count": 48,
  "timestamp": 1765441793.0698483,
  "episode_reward": 1041.589599609375,
  "num_steps": 1605632,
  "feature_compute_time_s": 5.407457590103149,
  "train_iter_time_s": 3.7766568660736084,
  "init_seed": 200,
  "train_seed": 200,
  "best_reward_so_far": 827.0780323401822
}