{
  "sharpness": 1.8016933163995648,
  "gradient_smoothness": 0.2530381011599929,
  "loss_mean": 0.0,
  "loss_std": 0.0,
  "loss_trend": 3.394170102117037e-10,
  "parameter_norm": 32.4518517168789,
  "lambda_max_10": -38.93010330200195,
  "hessian_trace_10": 270.2498924255371,
  "fim_trace": 8318.208589702845,
  "step_count": 11,
  "timestamp": 1764177328.717589,
  "episode_reward": 3391.79345703125,
  "num_steps": 393216,
  "feature_compute_time_s": 5.270602226257324,
  "train_iter_time_s": 2.5294137001037598,
  "init_seed": 200,
  "train_seed": 200,
  "best_reward_so_far": -Infinity
}