{
  "sharpness": 1.306152338284413,
  "gradient_smoothness": 0.0700461311700566,
  "loss_mean": 0.0,
  "loss_std": 0.0,
  "loss_trend": -8.662471884956536e-11,
  "parameter_norm": 26.413283589777876,
  "lambda_max_10": -7.548007011413574,
  "hessian_trace_10": 65.37241439819336,
  "fim_trace": 238.201440744102,
  "step_count": 59,
  "timestamp": 1763759787.2775078,
  "episode_reward": 697.456572659163,
  "num_steps": 1966080,
  "feature_compute_time_s": 5.43425726890564,
  "train_iter_time_s": 10.34316635131836,
  "init_seed": 200,
  "train_seed": 206,
  "best_reward_so_far": 697.456572659163
}