{
  "sharpness": 1.1910868653403608,
  "gradient_smoothness": 0.0020378661549480294,
  "loss_mean": 0.0,
  "loss_std": 0.0,
  "loss_trend": -5.711260855964879e-09,
  "parameter_norm": 33.253424016536385,
  "lambda_max_10": -28.174564361572266,
  "hessian_trace_10": 665.4576721191406,
  "fim_trace": 2258.736134901643,
  "step_count": 3,
  "timestamp": 1765469461.0048347,
  "episode_reward": -4.8667707443237305,
  "num_steps": 131072,
  "feature_compute_time_s": 6.147454023361206,
  "train_iter_time_s": 3.7934558391571045,
  "init_seed": 204,
  "train_seed": 200,
  "best_reward_so_far": 15.30451244397647
}