{
  "sharpness": 1.1876718073194403,
  "gradient_smoothness": 0.028448379496447858,
  "loss_mean": 0.0,
  "loss_std": 0.0,
  "loss_trend": 1.1708373656052163e-10,
  "parameter_norm": 33.77421934349507,
  "lambda_max_10": -15.830089569091797,
  "hessian_trace_10": 321.10204315185547,
  "fim_trace": 1275.0694366879761,
  "step_count": 32,
  "timestamp": 1765438663.7010853,
  "episode_reward": 421.794189453125,
  "num_steps": 1081344,
  "feature_compute_time_s": 10.163223028182983,
  "train_iter_time_s": 3.896125078201294,
  "init_seed": 200,
  "train_seed": 200,
  "best_reward_so_far": 754.9666094354405
}