{
  "sharpness": 2.0318798070221162,
  "gradient_smoothness": 0.19943049842697175,
  "loss_mean": 0.0,
  "loss_std": 0.0,
  "loss_trend": -1.8068772391047658e-11,
  "parameter_norm": 29.14309431418978,
  "lambda_max_10": 18.95895767211914,
  "hessian_trace_10": 32.33007292747497,
  "fim_trace": 2011.6939624845982,
  "step_count": 276,
  "timestamp": 1763780477.3249302,
  "num_steps": 9076736,
  "feature_compute_time_s": 6.046231985092163,
  "train_iter_time_s": 12.688464403152466,
  "init_seed": 200,
  "train_seed": 207,
  "best_reward_so_far": 2381.4297192834874
}