{
  "sharpness": 1.6422724318629,
  "gradient_smoothness": 0.01981682230417378,
  "loss_mean": 0.0,
  "loss_std": 0.0,
  "loss_trend": -2.7156970244044357e-09,
  "parameter_norm": 29.706403548226543,
  "lambda_max_10": 3.989009141921997,
  "hessian_trace_10": 165.42539024353027,
  "fim_trace": 3800.9177710860968,
  "step_count": 8,
  "timestamp": 1764149004.5261483,
  "episode_reward": 1547.260009765625,
  "num_steps": 294912,
  "feature_compute_time_s": 6.642566204071045,
  "train_iter_time_s": 4.335128307342529,
  "init_seed": 200,
  "train_seed": 203,
  "best_reward_so_far": -Infinity
}