{
  "sharpness": 1.7957773796646006,
  "gradient_smoothness": 0.7615941559557649,
  "loss_mean": 0.0,
  "loss_std": 0.0,
  "loss_trend": -6.474629300686543e-10,
  "parameter_norm": 101.80821765715109,
  "lambda_max_10": -2.9023523330688477,
  "hessian_trace_10": 34.566354751586914,
  "fim_trace": 2276.0014050602913,
  "step_count": 15,
  "timestamp": 1764177949.7366738,
  "episode_reward": -365.03424072265625,
  "num_steps": 524288,
  "feature_compute_time_s": 6.0471882820129395,
  "train_iter_time_s": 3.2922422885894775,
  "init_seed": 200,
  "train_seed": 205,
  "best_reward_so_far": -545.2925236989876
}