{
  "sharpness": 2.330264705304924,
  "gradient_smoothness": 0.18592062892964248,
  "loss_mean": 0.0,
  "loss_std": 0.0,
  "loss_trend": 1.9099587818774433e-10,
  "parameter_norm": 41.40413733357087,
  "lambda_max_10": -40.53435134887695,
  "hessian_trace_10": 481.7251892089844,
  "fim_trace": 5954.19471898675,
  "step_count": 8,
  "timestamp": 1766080445.190306,
  "episode_reward": 771.3989868164062,
  "num_steps": 294912,
  "feature_compute_time_s": 5.2170021533966064,
  "train_iter_time_s": 2.5167508125305176,
  "init_seed": 200,
  "train_seed": 206,
  "best_reward_so_far": -Infinity
}