{
  "sharpness": 1.2671402637381488,
  "gradient_smoothness": 0.07422762744097479,
  "loss_mean": 0.0,
  "loss_std": 0.0,
  "loss_trend": 1.2750207004431674e-10,
  "parameter_norm": 33.76889040061239,
  "lambda_max_10": -21.02850914001465,
  "hessian_trace_10": 293.04576873779297,
  "fim_trace": 2299.8103721663356,
  "step_count": 43,
  "timestamp": 1765443683.0003364,
  "episode_reward": 1444.989501953125,
  "num_steps": 1441792,
  "feature_compute_time_s": 10.645193815231323,
  "train_iter_time_s": 3.802839994430542,
  "init_seed": 207,
  "train_seed": 200,
  "best_reward_so_far": 911.4815941064245
}