{
  "sharpness": 6.22544829490685,
  "gradient_smoothness": 0.17298658423751437,
  "loss_mean": 0.0,
  "loss_std": 0.0,
  "loss_trend": -8.608538290850133e-09,
  "parameter_norm": 52.40932790686534,
  "lambda_max_10": -54.98516082763672,
  "hessian_trace_10": 285.23075637817385,
  "fim_trace": 43677.18365955353,
  "step_count": 3,
  "timestamp": 1766083011.2306132,
  "episode_reward": -432.0757751464844,
  "num_steps": 131072,
  "feature_compute_time_s": 5.319859266281128,
  "train_iter_time_s": 5.3508217334747314,
  "init_seed": 201,
  "train_seed": 200,
  "best_reward_so_far": -Infinity
}