{
  "sharpness": 1.9862729988146373,
  "gradient_smoothness": 0.0,
  "loss_mean": 0.0,
  "loss_std": 0.0,
  "loss_trend": 0.0,
  "parameter_norm": 31.0850515670402,
  "lambda_max_10": 89.0567855834961,
  "hessian_trace_10": 290.62749633789065,
  "fim_trace": 7656.571142703295,
  "step_count": 1,
  "timestamp": 1764170459.4615893,
  "episode_reward": 1405.986328125,
  "num_steps": 65536,
  "feature_compute_time_s": 5.544060945510864,
  "train_iter_time_s": 4.920195817947388,
  "init_seed": 200,
  "train_seed": 201,
  "best_reward_so_far": -Infinity
}