{
  "sharpness": 1.4349327191574024,
  "gradient_smoothness": 0.018530053510438207,
  "loss_mean": 0.0,
  "loss_std": 0.0,
  "loss_trend": -7.579379883166941e-12,
  "parameter_norm": 29.958670515699776,
  "lambda_max_10": -10.518926620483398,
  "hessian_trace_10": 192.7228775024414,
  "fim_trace": 594.313060823828,
  "step_count": 126,
  "timestamp": 1763762145.5923982,
  "episode_reward": 1169.7403000354213,
  "num_steps": 4161536,
  "feature_compute_time_s": 5.414615154266357,
  "train_iter_time_s": 18.97905421257019,
  "init_seed": 200,
  "train_seed": 204,
  "best_reward_so_far": 1380.3976689502335
}