{
  "sharpness": 1.4694958599815988,
  "gradient_smoothness": 0.1080321554881856,
  "loss_mean": 0.0,
  "loss_std": 0.0,
  "loss_trend": -1.4986128814775452e-11,
  "parameter_norm": 27.583382941386876,
  "lambda_max_10": -0.30279457569122314,
  "hessian_trace_10": 121.73725624084473,
  "fim_trace": 1349.3258146196604,
  "step_count": 127,
  "timestamp": 1763775053.8815951,
  "num_steps": 4194304,
  "feature_compute_time_s": 8.116876125335693,
  "train_iter_time_s": 12.497909545898438,
  "init_seed": 200,
  "train_seed": 203,
  "best_reward_so_far": 1314.1854971962705
}