{
  "sharpness": 1.2213468984831648,
  "gradient_smoothness": 0.047476548962404885,
  "loss_mean": 0.0,
  "loss_std": 0.0,
  "loss_trend": -6.887356415885872e-11,
  "parameter_norm": 34.024989253873095,
  "lambda_max_10": -33.19606399536133,
  "hessian_trace_10": 399.04102783203126,
  "fim_trace": 2659.238803230226,
  "step_count": 50,
  "timestamp": 1765441113.3135736,
  "episode_reward": -37.322166442871094,
  "num_steps": 1671168,
  "feature_compute_time_s": 5.568701982498169,
  "train_iter_time_s": 4.0399110317230225,
  "init_seed": 200,
  "train_seed": 203,
  "best_reward_so_far": 846.9887022368889
}