{
  "sharpness": 1.4569118674220194,
  "gradient_smoothness": 0.009009596528127387,
  "loss_mean": 0.0,
  "loss_std": 0.0,
  "loss_trend": 3.718673937408782e-11,
  "parameter_norm": 27.492525441366954,
  "lambda_max_10": -12.918614387512207,
  "hessian_trace_10": 139.51909637451172,
  "fim_trace": 809.5349428653717,
  "step_count": 132,
  "timestamp": 1763781385.941381,
  "num_steps": 4358144,
  "feature_compute_time_s": 4.415336608886719,
  "train_iter_time_s": 8.166470766067505,
  "init_seed": 206,
  "train_seed": 200,
  "best_reward_so_far": 1046.4933663924853
}