{
  "sharpness": 1.2542927170707574,
  "gradient_smoothness": 0.05423006097011227,
  "loss_mean": 0.0,
  "loss_std": 0.0,
  "loss_trend": -7.299537411826522e-12,
  "parameter_norm": 30.67928720769973,
  "lambda_max_10": -20.428142547607422,
  "hessian_trace_10": 428.7706726074219,
  "fim_trace": 937.4333994872868,
  "step_count": 147,
  "timestamp": 1763765787.5079803,
  "episode_reward": 723.7172502261732,
  "num_steps": 4849664,
  "feature_compute_time_s": 4.802079200744629,
  "train_iter_time_s": 10.266988515853882,
  "init_seed": 200,
  "train_seed": 200,
  "best_reward_so_far": 825.5063438058102
}