{
  "sharpness": 1.334631273530541,
  "gradient_smoothness": 0.323072834759559,
  "loss_mean": 0.0,
  "loss_std": 0.0,
  "loss_trend": -2.3180682974594286e-11,
  "parameter_norm": 32.10342714869124,
  "lambda_max_10": -33.108070373535156,
  "hessian_trace_10": 369.44490814208984,
  "fim_trace": 1505.3455554433167,
  "step_count": 300,
  "timestamp": 1763765519.9263113,
  "episode_reward": 1426.1349370543373,
  "num_steps": 9863168,
  "feature_compute_time_s": 6.889106750488281,
  "train_iter_time_s": 15.52483606338501,
  "init_seed": 200,
  "train_seed": 207,
  "best_reward_so_far": 1613.1013248936147
}