{
  "sharpness": 1.8957333568036563,
  "gradient_smoothness": 0.282651115697507,
  "loss_mean": 0.0,
  "loss_std": 0.0,
  "loss_trend": 5.780099157723168e-10,
  "parameter_norm": 29.544488329000906,
  "lambda_max_10": 34.67743682861328,
  "hessian_trace_10": 323.8540863037109,
  "fim_trace": 3797.3806465268135,
  "step_count": 11,
  "timestamp": 1764168496.9815972,
  "episode_reward": 1655.1278076171875,
  "num_steps": 393216,
  "feature_compute_time_s": 5.139522552490234,
  "train_iter_time_s": 2.64216947555542,
  "init_seed": 207,
  "train_seed": 200,
  "best_reward_so_far": -Infinity
}