{
  "sharpness": 1.5376239914407708,
  "gradient_smoothness": 0.3821962241111859,
  "loss_mean": 0.0,
  "loss_std": 0.0,
  "loss_trend": 1.988339836497024e-11,
  "parameter_norm": 34.39051118148238,
  "lambda_max_10": -19.320011138916016,
  "hessian_trace_10": 408.3939147949219,
  "fim_trace": 2498.1200066655874,
  "step_count": 57,
  "timestamp": 1765439018.8697312,
  "episode_reward": 1618.5638427734375,
  "num_steps": 1900544,
  "feature_compute_time_s": 8.270056009292603,
  "train_iter_time_s": 4.113659620285034,
  "init_seed": 200,
  "train_seed": 204,
  "best_reward_so_far": 865.5885331319788
}