{
  "sharpness": 2.3471633736291877,
  "gradient_smoothness": 0.22819322326325364,
  "loss_mean": 0.0,
  "loss_std": 0.0,
  "loss_trend": 1.0503742597695894e-09,
  "parameter_norm": 30.065544381180082,
  "lambda_max_10": -58.19355392456055,
  "hessian_trace_10": 685.2826049804687,
  "fim_trace": 4478.333146035671,
  "step_count": 11,
  "timestamp": 1764170383.6136408,
  "episode_reward": 1282.8602294921875,
  "num_steps": 393216,
  "feature_compute_time_s": 8.164076328277588,
  "train_iter_time_s": 4.169616460800171,
  "init_seed": 200,
  "train_seed": 200,
  "best_reward_so_far": -Infinity
}