{
  "sharpness": 1.2567682164110763,
  "gradient_smoothness": 0.04197203351592647,
  "loss_mean": 0.0,
  "loss_std": 0.0,
  "loss_trend": 8.53975865015827e-11,
  "parameter_norm": 34.14450193526481,
  "lambda_max_10": -26.96930503845215,
  "hessian_trace_10": 595.6910095214844,
  "fim_trace": 2793.359238512814,
  "step_count": 25,
  "timestamp": 1765441559.1398385,
  "episode_reward": -6.5078125,
  "num_steps": 851968,
  "feature_compute_time_s": 5.477759599685669,
  "train_iter_time_s": 4.134251594543457,
  "init_seed": 201,
  "train_seed": 200,
  "best_reward_so_far": 718.0125118337605
}