{
  "sharpness": 1.287580703093109,
  "gradient_smoothness": 0.34867251709838937,
  "loss_mean": 0.0,
  "loss_std": 0.0,
  "loss_trend": 8.279606049340769e-11,
  "parameter_norm": 34.064648910727705,
  "lambda_max_10": -28.85686492919922,
  "hessian_trace_10": 451.3557891845703,
  "fim_trace": 2999.371051363647,
  "step_count": 57,
  "timestamp": 1765441233.0228674,
  "episode_reward": 1004.9714965820312,
  "num_steps": 1900544,
  "feature_compute_time_s": 5.502209663391113,
  "train_iter_time_s": 4.477496147155762,
  "init_seed": 200,
  "train_seed": 201,
  "best_reward_so_far": 948.4556859965696
}