{
  "sharpness": 1.6014489264303988,
  "gradient_smoothness": 0.012613927193368511,
  "loss_mean": 0.0,
  "loss_std": 0.0,
  "loss_trend": 1.1851105970836412e-09,
  "parameter_norm": 33.60742208876777,
  "lambda_max_10": -22.457597732543945,
  "hessian_trace_10": 375.00982971191405,
  "fim_trace": 2250.3044821359217,
  "step_count": 14,
  "timestamp": 1765439091.2856224,
  "episode_reward": -4.984409332275391,
  "num_steps": 491520,
  "feature_compute_time_s": 10.90471339225769,
  "train_iter_time_s": 4.544429302215576,
  "init_seed": 200,
  "train_seed": 206,
  "best_reward_so_far": 278.9341051466456
}