{
  "sharpness": 1.202015749238122,
  "gradient_smoothness": 0.025555313482344754,
  "loss_mean": 0.0,
  "loss_std": 0.0,
  "loss_trend": 1.338433910876997e-10,
  "parameter_norm": 33.58137890475217,
  "lambda_max_10": -28.622209548950195,
  "hessian_trace_10": 563.0502807617188,
  "fim_trace": 3879.831990916282,
  "step_count": 14,
  "timestamp": 1765439587.4294658,
  "episode_reward": 196.8859405517578,
  "num_steps": 491520,
  "feature_compute_time_s": 5.391140699386597,
  "train_iter_time_s": 3.8322393894195557,
  "init_seed": 200,
  "train_seed": 202,
  "best_reward_so_far": 229.74862729185762
}