{
  "sharpness": 1.2842060689394665,
  "gradient_smoothness": 0.12106518109112407,
  "loss_mean": 0.0,
  "loss_std": 0.0,
  "loss_trend": 2.5569926613749087e-11,
  "parameter_norm": 34.42352893873395,
  "lambda_max_10": -27.970510482788086,
  "hessian_trace_10": 496.23219299316406,
  "fim_trace": 2844.4618740305305,
  "step_count": 53,
  "timestamp": 1765442481.4102614,
  "episode_reward": 927.1705932617188,
  "num_steps": 1769472,
  "feature_compute_time_s": 10.605885982513428,
  "train_iter_time_s": 4.390045642852783,
  "init_seed": 200,
  "train_seed": 204,
  "best_reward_so_far": 834.3966687431189
}