{
  "sharpness": 1.285056888264453,
  "gradient_smoothness": 0.007514048135828721,
  "loss_mean": 0.0,
  "loss_std": 0.0,
  "loss_trend": 1.3019572470279172e-09,
  "parameter_norm": 33.42469839470174,
  "lambda_max_10": -12.60278034210205,
  "hessian_trace_10": 299.7461898803711,
  "fim_trace": 736.9287069030106,
  "step_count": 12,
  "timestamp": 1765443920.543094,
  "episode_reward": -64.58960723876953,
  "num_steps": 425984,
  "feature_compute_time_s": 5.662954092025757,
  "train_iter_time_s": 3.57387375831604,
  "init_seed": 204,
  "train_seed": 200,
  "best_reward_so_far": 77.50785052395696
}