{
  "sharpness": 1.4471794349443883,
  "gradient_smoothness": 0.04694102222812273,
  "loss_mean": 0.0,
  "loss_std": 0.0,
  "loss_trend": 2.7715654767567174e-11,
  "parameter_norm": 29.206565433790242,
  "lambda_max_10": -22.768836975097656,
  "hessian_trace_10": 273.8153900146484,
  "fim_trace": 720.9084320962429,
  "step_count": 109,
  "timestamp": 1763768590.678303,
  "episode_reward": 998.6910387969814,
  "num_steps": 3604480,
  "feature_compute_time_s": 5.463633298873901,
  "train_iter_time_s": 18.151578187942505,
  "init_seed": 203,
  "train_seed": 200,
  "best_reward_so_far": 998.6910387969814
}