{
  "sharpness": 1.5774674512861595,
  "gradient_smoothness": 0.0051147091954538175,
  "loss_mean": 0.0,
  "loss_std": 0.0,
  "loss_trend": -6.390111731855257e-12,
  "parameter_norm": 29.216375397614023,
  "lambda_max_10": -36.56215286254883,
  "hessian_trace_10": 371.03381271362304,
  "fim_trace": 3725.670654460788,
  "step_count": 216,
  "timestamp": 1763774750.96222,
  "num_steps": 7110656,
  "feature_compute_time_s": 4.991200923919678,
  "train_iter_time_s": 7.482040882110596,
  "init_seed": 200,
  "train_seed": 202,
  "best_reward_so_far": 1116.0691010812811
}