{
  "sharpness": 1.770604664767167,
  "gradient_smoothness": 0.06680996796736492,
  "loss_mean": 0.0,
  "loss_std": 0.0,
  "loss_trend": -3.393677687437617e-11,
  "parameter_norm": 29.358539118905252,
  "lambda_max_10": -56.31842041015625,
  "hessian_trace_10": 388.9035285949707,
  "fim_trace": 5551.235338348895,
  "step_count": 242,
  "timestamp": 1763775078.6739323,
  "num_steps": 7962624,
  "feature_compute_time_s": 4.828472375869751,
  "train_iter_time_s": 7.853108167648315,
  "init_seed": 200,
  "train_seed": 202,
  "best_reward_so_far": 1152.871112628282
}