{
  "sharpness": 1.2410173614660378,
  "gradient_smoothness": 0.06875397541793522,
  "loss_mean": 0.0,
  "loss_std": 0.0,
  "loss_trend": -1.6442788581761583e-09,
  "parameter_norm": 33.15335415332951,
  "lambda_max_10": -14.725415229797363,
  "hessian_trace_10": 459.00685729980466,
  "fim_trace": 1471.7352371364832,
  "step_count": 5,
  "timestamp": 1765441469.899661,
  "episode_reward": -48.6922492980957,
  "num_steps": 196608,
  "feature_compute_time_s": 5.620138168334961,
  "train_iter_time_s": 3.935995578765869,
  "init_seed": 204,
  "train_seed": 200,
  "best_reward_so_far": 17.280402817784875
}