{
  "sharpness": 1.6030109084970425,
  "gradient_smoothness": 0.13398536385384743,
  "loss_mean": 0.0,
  "loss_std": 0.0,
  "loss_trend": 3.735702404466413e-09,
  "parameter_norm": 102.25277161377339,
  "lambda_max_10": 11.337983131408691,
  "hessian_trace_10": -13.062114191055297,
  "fim_trace": 1966.6261542923748,
  "step_count": 4,
  "timestamp": 1765469163.4476979,
  "episode_reward": -3.189925193786621,
  "num_steps": 163840,
  "feature_compute_time_s": 5.57522439956665,
  "train_iter_time_s": 4.0526556968688965,
  "init_seed": 200,
  "train_seed": 200,
  "best_reward_so_far": -7.132332581833057
}