{
  "sharpness": 2.659094858587149,
  "gradient_smoothness": 0.0,
  "parameter_norm": 45.62204357116994,
  "lambda_max_10": 169.0247039794922,
  "hessian_trace_10": 2554.9035400390626,
  "fim_trace": 44193.202620744705,
  "step_count": 0,
  "timestamp": 1765469072.724722,
  "episode_reward": 16.87116241455078,
  "num_steps": 32768,
  "feature_compute_time_s": 6.762758016586304,
  "train_iter_time_s": 4.967888355255127,
  "init_seed": 200,
  "train_seed": 207,
  "best_reward_so_far": 16.00685118126615
}