{
  "sharpness": 1.558160396710887,
  "gradient_smoothness": 0.10473029443708463,
  "loss_mean": 0.0,
  "loss_std": 0.0,
  "loss_trend": -4.318948181173835e-12,
  "parameter_norm": 27.206774321246915,
  "lambda_max_10": 16.464168548583984,
  "hessian_trace_10": 150.98761062622071,
  "fim_trace": 766.9061819687486,
  "step_count": 126,
  "timestamp": 1763781044.3445988,
  "num_steps": 4161536,
  "feature_compute_time_s": 5.676645994186401,
  "train_iter_time_s": 12.623070001602173,
  "init_seed": 204,
  "train_seed": 200,
  "best_reward_so_far": 1171.1158403845616
}