{
  "sharpness": 1.70607691472164,
  "gradient_smoothness": 0.07581814000348733,
  "loss_mean": 0.0,
  "loss_std": 0.0,
  "loss_trend": -7.211460378360327e-12,
  "parameter_norm": 27.52278543715,
  "lambda_max_10": -16.969310760498047,
  "hessian_trace_10": 57.672898292541504,
  "fim_trace": 994.0263104736805,
  "step_count": 122,
  "timestamp": 1763769712.718954,
  "num_steps": 4030464,
  "feature_compute_time_s": 4.405042886734009,
  "train_iter_time_s": 8.382812738418579,
  "init_seed": 200,
  "train_seed": 200,
  "best_reward_so_far": 984.1982364479951
}