{
  "sharpness": 1.601382638692694,
  "gradient_smoothness": 0.10698038640265947,
  "loss_mean": 0.0,
  "loss_std": 0.0,
  "loss_trend": -3.142851275594544e-11,
  "parameter_norm": 27.274361818375915,
  "lambda_max_10": 5.159780025482178,
  "hessian_trace_10": 122.27172584533692,
  "fim_trace": 1270.580728545785,
  "step_count": 130,
  "timestamp": 1763780854.9979568,
  "num_steps": 4292608,
  "feature_compute_time_s": 9.972851991653442,
  "train_iter_time_s": 10.077079772949219,
  "init_seed": 203,
  "train_seed": 200,
  "best_reward_so_far": 1168.389922470295
}