{
  "sharpness": 1.4316321894662933,
  "gradient_smoothness": 0.08288742003093684,
  "loss_mean": 0.0,
  "loss_std": 0.0,
  "loss_trend": -7.678544095923177e-10,
  "parameter_norm": 33.569659999177276,
  "lambda_max_10": -30.35709571838379,
  "hessian_trace_10": 335.6734588623047,
  "fim_trace": 2418.8541474565864,
  "step_count": 20,
  "timestamp": 1765438462.1510417,
  "episode_reward": 573.8873291015625,
  "num_steps": 688128,
  "feature_compute_time_s": 10.763611316680908,
  "train_iter_time_s": 3.8281800746917725,
  "init_seed": 200,
  "train_seed": 207,
  "best_reward_so_far": 252.9136718579839
}