{
  "sharpness": 2.548914610200156,
  "gradient_smoothness": 0.0,
  "loss_mean": 0.0,
  "loss_std": 0.0,
  "loss_trend": 0.0,
  "parameter_norm": 101.69203185432845,
  "lambda_max_10": -10.195829391479492,
  "hessian_trace_10": -14.815352058410644,
  "fim_trace": 3975.5751116871834,
  "step_count": 1,
  "timestamp": 1764177795.6296113,
  "episode_reward": -389.7208251953125,
  "num_steps": 65536,
  "feature_compute_time_s": 6.6482062339782715,
  "train_iter_time_s": 3.9741649627685547,
  "init_seed": 200,
  "train_seed": 204,
  "best_reward_so_far": -Infinity
}