{
  "sharpness": 2.210292530517794,
  "gradient_smoothness": 0.10855043260683264,
  "loss_mean": 0.0,
  "loss_std": 0.0,
  "loss_trend": 1.0942245733465741e-08,
  "parameter_norm": 28.890706586113385,
  "lambda_max_10": -52.96094512939453,
  "hessian_trace_10": 225.31470184326173,
  "fim_trace": 3347.4900448024273,
  "step_count": 3,
  "timestamp": 1764168392.8312514,
  "episode_reward": 1297.497802734375,
  "num_steps": 131072,
  "feature_compute_time_s": 5.950582027435303,
  "train_iter_time_s": 4.38823938369751,
  "init_seed": 202,
  "train_seed": 200,
  "best_reward_so_far": -Infinity
}