{
  "sharpness": 2.2253249309777665,
  "gradient_smoothness": 0.19946968488064043,
  "loss_mean": 0.0,
  "loss_std": 0.0,
  "loss_trend": 2.313118386149096e-09,
  "parameter_norm": 41.309935209142346,
  "lambda_max_10": -30.271099090576172,
  "hessian_trace_10": 207.20739250183107,
  "fim_trace": 2067.837960794568,
  "step_count": 3,
  "timestamp": 1766082953.749196,
  "episode_reward": 705.1345825195312,
  "num_steps": 131072,
  "feature_compute_time_s": 5.2368714809417725,
  "train_iter_time_s": 3.949272632598877,
  "init_seed": 201,
  "train_seed": 200,
  "best_reward_so_far": -Infinity
}