{
  "sharpness": 1.274111741036508,
  "gradient_smoothness": 0.009151003883569583,
  "loss_mean": 0.0,
  "loss_std": 0.0,
  "loss_trend": 5.981325353502317e-11,
  "parameter_norm": 31.27639609160242,
  "lambda_max_10": -28.17650032043457,
  "hessian_trace_10": 528.0398498535156,
  "fim_trace": 2139.356577474624,
  "step_count": 158,
  "timestamp": 1763771047.998467,
  "episode_reward": 1890.7446398617403,
  "num_steps": 5210112,
  "feature_compute_time_s": 5.491150379180908,
  "train_iter_time_s": 19.419601917266846,
  "init_seed": 206,
  "train_seed": 200,
  "best_reward_so_far": 2112.772795357556
}