{
  "sharpness": 1.6656048833998685,
  "gradient_smoothness": 0.7615941559557649,
  "loss_mean": 0.0,
  "loss_std": 0.0,
  "loss_trend": -5.293257663239003e-10,
  "parameter_norm": 30.715982722178676,
  "lambda_max_10": -22.813987731933594,
  "hessian_trace_10": 184.48573265075683,
  "fim_trace": 5152.890266209841,
  "step_count": 15,
  "timestamp": 1764177063.743613,
  "episode_reward": 1743.679931640625,
  "num_steps": 524288,
  "feature_compute_time_s": 5.051717042922974,
  "train_iter_time_s": 2.787656545639038,
  "init_seed": 200,
  "train_seed": 200,
  "best_reward_so_far": 1432.2288601581336
}