{
  "sharpness": 1.2283770686037414,
  "gradient_smoothness": 0.02248317179057034,
  "loss_mean": 0.0,
  "loss_std": 0.0,
  "loss_trend": 8.936534600758788e-12,
  "parameter_norm": 32.404611964722676,
  "lambda_max_10": -30.90583610534668,
  "hessian_trace_10": 532.3447387695312,
  "fim_trace": 2647.2813234217465,
  "step_count": 224,
  "timestamp": 1763772798.4393518,
  "episode_reward": 1943.3935021420955,
  "num_steps": 7372800,
  "feature_compute_time_s": 9.331408023834229,
  "train_iter_time_s": 18.541955709457397,
  "init_seed": 206,
  "train_seed": 200,
  "best_reward_so_far": 2142.5858334235218
}