{
  "sharpness": 2.6420736901593873,
  "gradient_smoothness": 0.158887556101243,
  "loss_mean": 0.0,
  "loss_std": 0.0,
  "loss_trend": -1.2955796195525238e-09,
  "parameter_norm": 45.89623115153962,
  "lambda_max_10": 42.661136627197266,
  "hessian_trace_10": -80.52317123413086,
  "fim_trace": 8614.385790884495,
  "step_count": 9,
  "timestamp": 1765469878.9054863,
  "episode_reward": -13.010431289672852,
  "num_steps": 327680,
  "feature_compute_time_s": 5.43723464012146,
  "train_iter_time_s": 4.312162637710571,
  "init_seed": 205,
  "train_seed": 200,
  "best_reward_so_far": -10.331866047942423
}