{
  "sharpness": 1.6259570656748257,
  "gradient_smoothness": 0.18273672928654236,
  "loss_mean": 0.0,
  "loss_std": 0.0,
  "loss_trend": -1.1646154997946632e-09,
  "parameter_norm": 30.162448123234103,
  "lambda_max_10": -24.42353630065918,
  "hessian_trace_10": 186.03329315185547,
  "fim_trace": 4876.017857909203,
  "step_count": 4,
  "timestamp": 1764154001.407711,
  "episode_reward": 3397.906005859375,
  "num_steps": 163840,
  "feature_compute_time_s": 7.238969326019287,
  "train_iter_time_s": 4.530085802078247,
  "init_seed": 200,
  "train_seed": 200,
  "best_reward_so_far": -Infinity
}