{
  "sharpness": 2.866076415797011,
  "gradient_smoothness": 0.17705973022999444,
  "loss_mean": 0.0,
  "loss_std": 0.0,
  "loss_trend": -6.206701811831503e-10,
  "parameter_norm": 43.46687733180808,
  "lambda_max_10": -112.0479965209961,
  "hessian_trace_10": 1715.16162109375,
  "fim_trace": 18925.991202950478,
  "step_count": 5,
  "timestamp": 1764177441.7131243,
  "episode_reward": 1280.7373046875,
  "num_steps": 196608,
  "feature_compute_time_s": 4.90040135383606,
  "train_iter_time_s": 3.050039529800415,
  "init_seed": 202,
  "train_seed": 200,
  "best_reward_so_far": -Infinity
}