{
  "sharpness": 1.919673282144155,
  "gradient_smoothness": 0.0,
  "loss_mean": 0.0,
  "loss_std": 0.0,
  "loss_trend": 0.0,
  "parameter_norm": 29.844584894272288,
  "lambda_max_10": 59.52310562133789,
  "hessian_trace_10": 354.4335678100586,
  "fim_trace": 5617.498212605715,
  "step_count": 1,
  "timestamp": 1764178177.689365,
  "episode_reward": 1610.00341796875,
  "num_steps": 65536,
  "feature_compute_time_s": 5.486292600631714,
  "train_iter_time_s": 4.387643814086914,
  "init_seed": 207,
  "train_seed": 200,
  "best_reward_so_far": -Infinity
}