{
  "sharpness": 2.0923354652715993,
  "gradient_smoothness": 0.016518577218472774,
  "loss_mean": 0.0,
  "loss_std": 0.0,
  "loss_trend": 3.9520784566734e-11,
  "parameter_norm": 29.42677183224998,
  "lambda_max_10": -37.10377502441406,
  "hessian_trace_10": 222.27327346801758,
  "fim_trace": 2539.850837677717,
  "step_count": 246,
  "timestamp": 1763771270.4600782,
  "num_steps": 8093696,
  "feature_compute_time_s": 4.529155492782593,
  "train_iter_time_s": 7.576145172119141,
  "init_seed": 200,
  "train_seed": 200,
  "best_reward_so_far": 1269.1137796691619
}