{
  "sharpness": 1.2323319226498313,
  "gradient_smoothness": 0.06564885444494017,
  "loss_mean": 0.0,
  "loss_std": 0.0,
  "loss_trend": 1.8605683266831746e-10,
  "parameter_norm": 34.573217933777514,
  "lambda_max_10": -19.21794891357422,
  "hessian_trace_10": 290.80499267578125,
  "fim_trace": 866.7848522178829,
  "step_count": 42,
  "timestamp": 1765440210.367142,
  "episode_reward": -4.179129123687744,
  "num_steps": 1409024,
  "feature_compute_time_s": 8.591395378112793,
  "train_iter_time_s": 4.591773271560669,
  "init_seed": 201,
  "train_seed": 200,
  "best_reward_so_far": 948.6835269405416
}