{
  "sharpness": 1.1427217864782195,
  "gradient_smoothness": 0.1203645237285459,
  "loss_mean": 0.0,
  "loss_std": 0.0,
  "loss_trend": 5.698420976015046e-11,
  "parameter_norm": 32.51107579153621,
  "lambda_max_10": -34.87346649169922,
  "hessian_trace_10": 600.1576507568359,
  "fim_trace": 4750.377398900688,
  "step_count": 295,
  "timestamp": 1763765998.7408936,
  "episode_reward": 1312.1639715245092,
  "num_steps": 9699328,
  "feature_compute_time_s": 7.0826215744018555,
  "train_iter_time_s": 13.918772220611572,
  "init_seed": 200,
  "train_seed": 202,
  "best_reward_so_far": 1534.736089084185
}