{
  "sharpness": 1.5727503263750655,
  "gradient_smoothness": 0.0,
  "loss_mean": 0.0,
  "loss_std": 0.0,
  "loss_trend": 0.0,
  "parameter_norm": 29.713659506246614,
  "lambda_max_10": -27.922765731811523,
  "hessian_trace_10": 405.45501403808595,
  "fim_trace": 4124.915390998125,
  "step_count": 1,
  "timestamp": 1764151881.0084913,
  "episode_reward": 320.53302001953125,
  "num_steps": 65536,
  "feature_compute_time_s": 5.079268217086792,
  "train_iter_time_s": 3.014479160308838,
  "init_seed": 200,
  "train_seed": 206,
  "best_reward_so_far": -Infinity
}