{
  "sharpness": 1.1905860082804307,
  "gradient_smoothness": 0.0570875188531296,
  "loss_mean": 0.0,
  "loss_std": 0.0,
  "loss_trend": -1.4220347061914524e-10,
  "parameter_norm": 34.277755258522674,
  "lambda_max_10": -44.30784225463867,
  "hessian_trace_10": 760.3749603271484,
  "fim_trace": 3833.0275942496955,
  "step_count": 47,
  "timestamp": 1765444706.9027078,
  "episode_reward": -33.99740982055664,
  "num_steps": 1572864,
  "feature_compute_time_s": 5.769857406616211,
  "train_iter_time_s": 4.710860252380371,
  "init_seed": 206,
  "train_seed": 200,
  "best_reward_so_far": 765.4665910014174
}