{
  "sharpness": 1.8978732013800503,
  "gradient_smoothness": 0.04330974406139544,
  "loss_mean": 0.0,
  "loss_std": 0.0,
  "loss_trend": 4.2413223484216627e-11,
  "parameter_norm": 27.857487750210648,
  "lambda_max_10": -23.78526496887207,
  "hessian_trace_10": 117.69040927886962,
  "fim_trace": 1657.5410824865103,
  "step_count": 138,
  "timestamp": 1763783895.3436215,
  "num_steps": 4554752,
  "feature_compute_time_s": 7.042993068695068,
  "train_iter_time_s": 12.51679515838623,
  "init_seed": 207,
  "train_seed": 200,
  "best_reward_so_far": 1280.8213789168092
}