{
  "sharpness": 1.3769083400920343,
  "gradient_smoothness": 0.06098983905637211,
  "loss_mean": 0.0,
  "loss_std": 0.0,
  "loss_trend": -4.226725859005357e-11,
  "parameter_norm": 34.19751431012305,
  "lambda_max_10": -34.0450325012207,
  "hessian_trace_10": 591.1702880859375,
  "fim_trace": 2673.4051429219544,
  "step_count": 35,
  "timestamp": 1765443356.9261286,
  "episode_reward": -22.610401153564453,
  "num_steps": 1179648,
  "feature_compute_time_s": 5.529307126998901,
  "train_iter_time_s": 3.9900100231170654,
  "init_seed": 202,
  "train_seed": 200,
  "best_reward_so_far": 784.3929267155208
}