{
  "sharpness": 1.2995337371804596,
  "gradient_smoothness": 0.027703576851667435,
  "loss_mean": 0.0,
  "loss_std": 0.0,
  "loss_trend": 7.340920675356753e-13,
  "parameter_norm": 30.875428087691954,
  "lambda_max_10": -22.957035064697266,
  "hessian_trace_10": 407.9516265869141,
  "fim_trace": 1068.1853318549693,
  "step_count": 164,
  "timestamp": 1763763440.488495,
  "episode_reward": 1211.0916850365104,
  "num_steps": 5406720,
  "feature_compute_time_s": 8.626057386398315,
  "train_iter_time_s": 18.792349815368652,
  "init_seed": 200,
  "train_seed": 201,
  "best_reward_so_far": 1233.9111172536368
}