{
  "sharpness": 1.7895995172796033,
  "gradient_smoothness": 0.2850189066371709,
  "loss_mean": 0.0,
  "loss_std": 0.0,
  "loss_trend": 7.774376992606527e-10,
  "parameter_norm": 29.220408011378318,
  "lambda_max_10": 41.787418365478516,
  "hessian_trace_10": 144.43870162963867,
  "fim_trace": 2906.1566355526447,
  "step_count": 8,
  "timestamp": 1764167685.1125286,
  "episode_reward": 1637.3538818359375,
  "num_steps": 294912,
  "feature_compute_time_s": 6.881387948989868,
  "train_iter_time_s": 4.935554504394531,
  "init_seed": 203,
  "train_seed": 200,
  "best_reward_so_far": -Infinity
}