{
  "sharpness": 0.14975606439988706,
  "gradient_smoothness": 0.07333829250362202,
  "loss_mean": 0.0,
  "loss_std": 0.0,
  "loss_trend": 1.1666619864623712e-09,
  "parameter_norm": 19.925063598968773,
  "lambda_max_10": -0.5741779208183289,
  "hessian_trace_10": -3.7946636959910394,
  "fim_trace": 28.345104556530714,
  "step_count": 5,
  "timestamp": 1763768260.8466022,
  "num_steps": 196608,
  "feature_compute_time_s": 4.54783296585083,
  "train_iter_time_s": 8.505061149597168,
  "init_seed": 200,
  "train_seed": 200,
  "best_reward_so_far": -Infinity
}