{
  "sharpness": 1.4409179356838389,
  "gradient_smoothness": 0.013358468389500317,
  "loss_mean": 0.0,
  "loss_std": 0.0,
  "loss_trend": 2.0531266338365966e-10,
  "parameter_norm": 34.191333034182435,
  "lambda_max_10": -34.06422424316406,
  "hessian_trace_10": 457.3811431884766,
  "fim_trace": 2696.5305386148393,
  "step_count": 34,
  "timestamp": 1765443943.9307635,
  "episode_reward": -5.521693229675293,
  "num_steps": 1146880,
  "feature_compute_time_s": 5.595901966094971,
  "train_iter_time_s": 4.301543474197388,
  "init_seed": 202,
  "train_seed": 200,
  "best_reward_so_far": 788.995069924016
}