{
  "sharpness": 1.887332056833543,
  "gradient_smoothness": 0.12172682277725044,
  "loss_mean": 0.0,
  "loss_std": 0.0,
  "loss_trend": 1.525551056803246e-09,
  "parameter_norm": 29.315531500861916,
  "lambda_max_10": -4.129429817199707,
  "hessian_trace_10": 85.52549514770507,
  "fim_trace": 4505.314153343439,
  "step_count": 7,
  "timestamp": 1764147098.9989817,
  "episode_reward": 1512.54443359375,
  "num_steps": 262144,
  "feature_compute_time_s": 5.862135410308838,
  "train_iter_time_s": 3.928326368331909,
  "init_seed": 200,
  "train_seed": 201,
  "best_reward_so_far": -Infinity
}