{
  "sharpness": 2.560631776117201,
  "gradient_smoothness": 0.020910637203970465,
  "loss_mean": 0.0,
  "loss_std": 0.0,
  "loss_trend": 4.8738213257981406e-11,
  "parameter_norm": 28.407872103613315,
  "lambda_max_10": -58.98810577392578,
  "hessian_trace_10": 502.24033508300784,
  "fim_trace": 3077.444030866027,
  "step_count": 212,
  "timestamp": 1763780845.2373526,
  "num_steps": 6979584,
  "feature_compute_time_s": 6.56046986579895,
  "train_iter_time_s": 11.183983564376831,
  "init_seed": 202,
  "train_seed": 200,
  "best_reward_so_far": 1229.7900306341262
}