{
  "sharpness": 0.6407607333197248,
  "gradient_smoothness": 0.02756655015548512,
  "loss_mean": 0.0,
  "loss_std": 0.0,
  "loss_trend": 1.842705729595163e-10,
  "parameter_norm": 24.547031286535645,
  "lambda_max_10": 3.1493287086486816,
  "hessian_trace_10": 28.90325756072998,
  "fim_trace": 87.59309418313205,
  "step_count": 35,
  "timestamp": 1763759768.3249228,
  "episode_reward": 442.5136832612091,
  "num_steps": 1179648,
  "feature_compute_time_s": 6.497996807098389,
  "train_iter_time_s": 17.451058387756348,
  "init_seed": 200,
  "train_seed": 205,
  "best_reward_so_far": 442.5136832612091
}