{
  "sharpness": 1.5063251559099031,
  "gradient_smoothness": 0.4524202222085538,
  "loss_mean": 0.0,
  "loss_std": 0.0,
  "loss_trend": -3.8166297221445676e-11,
  "parameter_norm": 33.259774286669995,
  "lambda_max_10": -33.69493865966797,
  "hessian_trace_10": 528.3658050537109,
  "fim_trace": 1926.1866621300578,
  "step_count": 13,
  "timestamp": 1765468596.1706169,
  "episode_reward": -16.125267028808594,
  "num_steps": 458752,
  "feature_compute_time_s": 5.721130609512329,
  "train_iter_time_s": 3.959855079650879,
  "init_seed": 202,
  "train_seed": 200,
  "best_reward_so_far": 14.36520201564199
}