{
  "sharpness": 1.3101000643198357,
  "gradient_smoothness": 0.08520181992399159,
  "loss_mean": 0.0,
  "loss_std": 0.0,
  "loss_trend": -2.410104677294716e-10,
  "parameter_norm": 33.714776403597135,
  "lambda_max_10": -28.310333251953125,
  "hessian_trace_10": 361.1156951904297,
  "fim_trace": 2517.3269280530512,
  "step_count": 28,
  "timestamp": 1765445081.3199942,
  "episode_reward": 95.5904769897461,
  "num_steps": 950272,
  "feature_compute_time_s": 9.353184461593628,
  "train_iter_time_s": 4.087703466415405,
  "init_seed": 205,
  "train_seed": 200,
  "best_reward_so_far": 374.42470323632745
}