{
  "sharpness": 1.6013911886503314,
  "gradient_smoothness": 0.0631500883218148,
  "loss_mean": 0.0,
  "loss_std": 0.0,
  "loss_trend": 1.5476957070187324e-11,
  "parameter_norm": 32.15419273255143,
  "lambda_max_10": -48.17051696777344,
  "hessian_trace_10": 460.7759780883789,
  "fim_trace": 2462.648870367557,
  "step_count": 223,
  "timestamp": 1763771184.406404,
  "episode_reward": 1474.7972404591394,
  "num_steps": 7340032,
  "feature_compute_time_s": 6.78626275062561,
  "train_iter_time_s": 15.085186958312988,
  "init_seed": 203,
  "train_seed": 200,
  "best_reward_so_far": 1487.1279666013795
}