{
  "sharpness": 1.3218635022258032,
  "gradient_smoothness": 0.24328891608238307,
  "loss_mean": 0.0,
  "loss_std": 0.0,
  "loss_trend": -6.73623933591001e-11,
  "parameter_norm": 34.28072999934668,
  "lambda_max_10": -48.35330581665039,
  "hessian_trace_10": 685.3123748779296,
  "fim_trace": 4342.197057757527,
  "step_count": 55,
  "timestamp": 1765440498.7853737,
  "episode_reward": 108.26065826416016,
  "num_steps": 1835008,
  "feature_compute_time_s": 10.687601089477539,
  "train_iter_time_s": 4.53157114982605,
  "init_seed": 200,
  "train_seed": 206,
  "best_reward_so_far": 1096.4173361453925
}