{
  "sharpness": 1.7483940274721952,
  "gradient_smoothness": 0.11807181341598245,
  "loss_mean": 0.0,
  "loss_std": 0.0,
  "loss_trend": 1.0941995232145419e-09,
  "parameter_norm": 29.6271933458411,
  "lambda_max_10": -76.69029998779297,
  "hessian_trace_10": 684.6025024414063,
  "fim_trace": 7816.853057056665,
  "step_count": 9,
  "timestamp": 1764148376.8404973,
  "episode_reward": 1339.379150390625,
  "num_steps": 327680,
  "feature_compute_time_s": 8.425811529159546,
  "train_iter_time_s": 2.8250534534454346,
  "init_seed": 200,
  "train_seed": 202,
  "best_reward_so_far": -Infinity
}