{
  "sharpness": 1.867287055086287,
  "gradient_smoothness": 0.032540677767678106,
  "loss_mean": 0.0,
  "loss_std": 0.0,
  "loss_trend": -2.4194165785934085e-11,
  "parameter_norm": 28.911778005863653,
  "lambda_max_10": 16.541841506958008,
  "hessian_trace_10": 37.39726219177246,
  "fim_trace": 1671.2544253319502,
  "step_count": 218,
  "timestamp": 1763779340.0945714,
  "episode_reward": 1679.3155861687646,
  "num_steps": 7176192,
  "feature_compute_time_s": 6.523106098175049,
  "train_iter_time_s": 14.193682432174683,
  "init_seed": 200,
  "train_seed": 207,
  "best_reward_so_far": 1679.3155861687646
}