{
  "sharpness": 2.0578307056075276,
  "gradient_smoothness": 0.0769121879541276,
  "loss_mean": 0.0,
  "loss_std": 0.0,
  "loss_trend": -7.225629793629669e-11,
  "parameter_norm": 28.973805699323556,
  "lambda_max_10": -20.96148109436035,
  "hessian_trace_10": 191.51755867004394,
  "fim_trace": 1491.2820966541767,
  "step_count": 243,
  "timestamp": 1763782780.3081853,
  "num_steps": 7995392,
  "feature_compute_time_s": 4.452451944351196,
  "train_iter_time_s": 7.700556755065918,
  "init_seed": 206,
  "train_seed": 200,
  "best_reward_so_far": 1222.9998349206066
}