{
  "sharpness": 1.1015014686483156,
  "gradient_smoothness": 0.0068246391642391956,
  "loss_mean": 0.0,
  "loss_std": 0.0,
  "loss_trend": 1.7416002657697582e-10,
  "parameter_norm": 33.753698402967174,
  "lambda_max_10": -17.529056549072266,
  "hessian_trace_10": 419.2920440673828,
  "fim_trace": 1632.2186928093433,
  "step_count": 20,
  "timestamp": 1765440243.6002653,
  "episode_reward": 233.86807250976562,
  "num_steps": 688128,
  "feature_compute_time_s": 10.748453140258789,
  "train_iter_time_s": 3.6337485313415527,
  "init_seed": 200,
  "train_seed": 204,
  "best_reward_so_far": 233.92232914195762
}