{
  "sharpness": 1.2843778896648113,
  "gradient_smoothness": 0.040445687014666575,
  "loss_mean": 0.0,
  "loss_std": 0.0,
  "loss_trend": -1.3312336831708266e-11,
  "parameter_norm": 31.36111497066987,
  "lambda_max_10": -18.958040237426758,
  "hessian_trace_10": 292.18616790771483,
  "fim_trace": 1128.988862723112,
  "step_count": 170,
  "timestamp": 1763771266.4009924,
  "episode_reward": 1420.5666169193587,
  "num_steps": 5603328,
  "feature_compute_time_s": 5.93789529800415,
  "train_iter_time_s": 18.840787172317505,
  "init_seed": 205,
  "train_seed": 200,
  "best_reward_so_far": 1658.3194934058913
}