{
  "sharpness": 1.586227919939345,
  "gradient_smoothness": 7.771378430696888e-05,
  "loss_mean": 0.0,
  "loss_std": 0.0,
  "loss_trend": -8.46639272801323e-12,
  "parameter_norm": 31.648548799478466,
  "lambda_max_10": -50.79886245727539,
  "hessian_trace_10": 423.40634765625,
  "fim_trace": 2805.0318121910095,
  "step_count": 186,
  "timestamp": 1763770369.2716782,
  "episode_reward": 1346.6490965851317,
  "num_steps": 6127616,
  "feature_compute_time_s": 6.108258247375488,
  "train_iter_time_s": 14.954916954040527,
  "init_seed": 203,
  "train_seed": 200,
  "best_reward_so_far": 1449.9691037397827
}