{
  "sharpness": 2.4667184275316183,
  "gradient_smoothness": 0.20738910190243118,
  "loss_mean": 0.0,
  "loss_std": 0.0,
  "loss_trend": -1.2105486449838234e-09,
  "parameter_norm": 29.036020696222682,
  "lambda_max_10": -84.70677185058594,
  "hessian_trace_10": 579.1001800537109,
  "fim_trace": 9625.62599979341,
  "step_count": 8,
  "timestamp": 1764168456.1763632,
  "episode_reward": 1454.4947509765625,
  "num_steps": 294912,
  "feature_compute_time_s": 7.481316328048706,
  "train_iter_time_s": 3.576277017593384,
  "init_seed": 202,
  "train_seed": 200,
  "best_reward_so_far": -Infinity
}