{
  "sharpness": 4.398964126857945,
  "gradient_smoothness": 0.2418750281992354,
  "loss_mean": 0.0,
  "loss_std": 0.0,
  "loss_trend": 4.546751204290291e-10,
  "parameter_norm": 43.79171929135461,
  "lambda_max_10": -52.27982711791992,
  "hessian_trace_10": 426.4431671142578,
  "fim_trace": 6261.346489846706,
  "step_count": 10,
  "timestamp": 1764178250.941489,
  "episode_reward": 2451.359619140625,
  "num_steps": 360448,
  "feature_compute_time_s": 4.391180753707886,
  "train_iter_time_s": 3.161614418029785,
  "init_seed": 205,
  "train_seed": 200,
  "best_reward_so_far": -Infinity
}