{
  "sharpness": 2.483004979787493,
  "gradient_smoothness": 0.019050371769128608,
  "loss_mean": 0.0,
  "loss_std": 0.0,
  "loss_trend": 5.0646539749407585e-09,
  "parameter_norm": 31.28036553179784,
  "lambda_max_10": -103.8274917602539,
  "hessian_trace_10": 741.508999633789,
  "fim_trace": 6612.25617852807,
  "step_count": 4,
  "timestamp": 1764177274.742315,
  "episode_reward": 1067.4150390625,
  "num_steps": 163840,
  "feature_compute_time_s": 5.112842798233032,
  "train_iter_time_s": 3.544889211654663,
  "init_seed": 202,
  "train_seed": 200,
  "best_reward_so_far": -Infinity
}