{
  "sharpness": 1.33337285179395,
  "gradient_smoothness": 0.020269517814788796,
  "loss_mean": 0.0,
  "loss_std": 0.0,
  "loss_trend": -4.5863986109945594e-11,
  "parameter_norm": 31.168997565312893,
  "lambda_max_10": -35.35654830932617,
  "hessian_trace_10": 493.01910095214845,
  "fim_trace": 1787.4419831112027,
  "step_count": 175,
  "timestamp": 1763762752.329358,
  "episode_reward": 1309.7121482847483,
  "num_steps": 5767168,
  "feature_compute_time_s": 5.94953179359436,
  "train_iter_time_s": 13.955880641937256,
  "init_seed": 200,
  "train_seed": 207,
  "best_reward_so_far": 1354.9332645710424
}