{
  "sharpness": 1.9026177952115644,
  "gradient_smoothness": 0.28510336813909176,
  "loss_mean": 0.0,
  "loss_std": 0.0,
  "loss_trend": -4.142772465761698e-10,
  "parameter_norm": 46.16241544879037,
  "lambda_max_10": -84.73404693603516,
  "hessian_trace_10": 1393.388818359375,
  "fim_trace": 23703.74938802421,
  "step_count": 11,
  "timestamp": 1765469457.5832114,
  "episode_reward": -11.649314880371094,
  "num_steps": 393216,
  "feature_compute_time_s": 9.387302160263062,
  "train_iter_time_s": 6.532251358032227,
  "init_seed": 200,
  "train_seed": 206,
  "best_reward_so_far": -8.99795758532804
}