{
  "sharpness": 1.3329040713661444,
  "gradient_smoothness": 0.07002965157984424,
  "loss_mean": 0.0,
  "loss_std": 0.0,
  "loss_trend": 2.705448708090827e-12,
  "parameter_norm": 31.029991403940645,
  "lambda_max_10": -14.698800086975098,
  "hessian_trace_10": 310.356787109375,
  "fim_trace": 767.3222155869007,
  "step_count": 149,
  "timestamp": 1763762004.4183772,
  "episode_reward": 1266.0075370492252,
  "num_steps": 4915200,
  "feature_compute_time_s": 5.527710199356079,
  "train_iter_time_s": 13.431335926055908,
  "init_seed": 200,
  "train_seed": 200,
  "best_reward_so_far": 1541.0695824493835
}