{
  "sharpness": 0.27905609809257564,
  "gradient_smoothness": 0.06829804935674726,
  "loss_mean": 0.0,
  "loss_std": 0.0,
  "loss_trend": 4.392439252415425e-10,
  "parameter_norm": 21.992990346066463,
  "lambda_max_10": 1.3310940265655518,
  "hessian_trace_10": 9.730468988418579,
  "fim_trace": 40.13479366712272,
  "step_count": 9,
  "timestamp": 1763759121.3453672,
  "episode_reward": 203.28065607228478,
  "num_steps": 327680,
  "feature_compute_time_s": 6.283450603485107,
  "train_iter_time_s": 17.931697607040405,
  "init_seed": 200,
  "train_seed": 205,
  "best_reward_so_far": 203.28065607228478
}