{
  "sharpness": 1.321237604047524,
  "gradient_smoothness": 0.5105083507652953,
  "loss_mean": 0.0,
  "loss_std": 0.0,
  "loss_trend": 6.724328612039275e-11,
  "parameter_norm": 34.28220827703781,
  "lambda_max_10": -43.90208435058594,
  "hessian_trace_10": 709.3640502929687,
  "fim_trace": 3680.9121712185442,
  "step_count": 59,
  "timestamp": 1765440567.3749952,
  "episode_reward": -1.084464430809021,
  "num_steps": 1966080,
  "feature_compute_time_s": 10.793500185012817,
  "train_iter_time_s": 4.3126397132873535,
  "init_seed": 200,
  "train_seed": 206,
  "best_reward_so_far": 1096.4173361453925
}