{
  "sharpness": 1.443126082906497,
  "gradient_smoothness": 0.017534245144060715,
  "loss_mean": 0.0,
  "loss_std": 0.0,
  "loss_trend": -2.2061546952591556e-08,
  "parameter_norm": 33.0765353596761,
  "lambda_max_10": -50.054771423339844,
  "hessian_trace_10": 778.3755065917969,
  "fim_trace": 2769.1227001585066,
  "step_count": 3,
  "timestamp": 1765441865.0769536,
  "episode_reward": -24.945798873901367,
  "num_steps": 131072,
  "feature_compute_time_s": 5.463899374008179,
  "train_iter_time_s": 3.928187847137451,
  "init_seed": 202,
  "train_seed": 200,
  "best_reward_so_far": 10.65674917517417
}