{
  "sharpness": 0.8840617208976216,
  "gradient_smoothness": 0.024629311091533154,
  "loss_mean": 0.0,
  "loss_std": 0.0,
  "loss_trend": -1.5260363387996546e-10,
  "parameter_norm": 23.920705966793694,
  "lambda_max_10": 3.6987576484680176,
  "hessian_trace_10": 39.273620414733884,
  "fim_trace": 192.13067561760545,
  "step_count": 45,
  "timestamp": 1763775733.8778484,
  "num_steps": 1507328,
  "feature_compute_time_s": 7.7772603034973145,
  "train_iter_time_s": 13.465309143066406,
  "init_seed": 200,
  "train_seed": 206,
  "best_reward_so_far": -16.458161305991396
}