{
  "sharpness": 1.4264057623740234,
  "gradient_smoothness": 0.0565496308013406,
  "loss_mean": 0.0,
  "loss_std": 0.0,
  "loss_trend": -6.41377575483719e-11,
  "parameter_norm": 32.51028685545754,
  "lambda_max_10": -52.9729118347168,
  "hessian_trace_10": 750.4571411132813,
  "fim_trace": 3827.2743967324495,
  "step_count": 255,
  "timestamp": 1763771466.3404276,
  "episode_reward": 2244.0457274870573,
  "num_steps": 8388608,
  "feature_compute_time_s": 9.44759464263916,
  "train_iter_time_s": 15.547964334487915,
  "init_seed": 202,
  "train_seed": 200,
  "best_reward_so_far": 2436.750246933793
}