{
  "sharpness": 1.6458125459778887,
  "gradient_smoothness": 0.09514742900593201,
  "loss_mean": 0.0,
  "loss_std": 0.0,
  "loss_trend": -7.155316718749046e-10,
  "parameter_norm": 29.472376447011044,
  "lambda_max_10": -0.30805230140686035,
  "hessian_trace_10": 193.61250534057618,
  "fim_trace": 3838.6015375852585,
  "step_count": 3,
  "timestamp": 1764167797.242445,
  "episode_reward": 1475.5811767578125,
  "num_steps": 131072,
  "feature_compute_time_s": 7.167189836502075,
  "train_iter_time_s": 3.976344347000122,
  "init_seed": 205,
  "train_seed": 200,
  "best_reward_so_far": -Infinity
}