{
  "sharpness": 1.117981005912343,
  "gradient_smoothness": 0.2982007233102855,
  "loss_mean": 0.0,
  "loss_std": 0.0,
  "loss_trend": -2.4759286290629228e-11,
  "parameter_norm": 32.51136858683954,
  "lambda_max_10": -29.72125816345215,
  "hessian_trace_10": 432.7872344970703,
  "fim_trace": 2722.37663128227,
  "step_count": 301,
  "timestamp": 1763766132.5443254,
  "episode_reward": 1471.94805343765,
  "num_steps": 9895936,
  "feature_compute_time_s": 8.821220397949219,
  "train_iter_time_s": 16.25564956665039,
  "init_seed": 200,
  "train_seed": 202,
  "best_reward_so_far": 1560.7940580215602
}