{
  "sharpness": 1.2054455237800494,
  "gradient_smoothness": 0.13064064822942567,
  "loss_mean": 0.0,
  "loss_std": 0.0,
  "loss_trend": -1.3137137329251174e-10,
  "parameter_norm": 34.041763429674305,
  "lambda_max_10": -25.066293716430664,
  "hessian_trace_10": 316.61260681152345,
  "fim_trace": 2295.379199847579,
  "step_count": 47,
  "timestamp": 1765444473.6110966,
  "episode_reward": 1101.763916015625,
  "num_steps": 1572864,
  "feature_compute_time_s": 10.767455101013184,
  "train_iter_time_s": 4.341820478439331,
  "init_seed": 205,
  "train_seed": 200,
  "best_reward_so_far": 864.6774278326642
}