{
  "sharpness": 0.5218130501356302,
  "gradient_smoothness": 0.036442354685801245,
  "loss_mean": 0.0,
  "loss_std": 0.0,
  "loss_trend": -6.321919074646544e-11,
  "parameter_norm": 22.60202753611133,
  "lambda_max_10": 2.2602648735046387,
  "hessian_trace_10": 12.494991421699524,
  "fim_trace": 43.96512657776475,
  "step_count": 17,
  "timestamp": 1763759267.9995272,
  "episode_reward": 311.2660066424583,
  "num_steps": 589824,
  "feature_compute_time_s": 7.629045248031616,
  "train_iter_time_s": 15.190618753433228,
  "init_seed": 200,
  "train_seed": 207,
  "best_reward_so_far": 311.2660066424583
}