{
  "sharpness": 1.8903718862965702,
  "gradient_smoothness": 0.051565750716399156,
  "loss_mean": 0.0,
  "loss_std": 0.0,
  "loss_trend": 1.812437478911907e-12,
  "parameter_norm": 28.440390361395686,
  "lambda_max_10": -14.33815860748291,
  "hessian_trace_10": -46.448337936401366,
  "fim_trace": 1204.6072029173374,
  "step_count": 192,
  "timestamp": 1763782243.3051195,
  "num_steps": 6324224,
  "feature_compute_time_s": 7.482635259628296,
  "train_iter_time_s": 12.078534841537476,
  "init_seed": 204,
  "train_seed": 200,
  "best_reward_so_far": 1915.0565824726536
}