{
  "sharpness": 0.27778731197493733,
  "gradient_smoothness": 0.019137954790187376,
  "loss_mean": 0.0,
  "loss_std": 0.0,
  "loss_trend": -2.0571108951452203e-09,
  "parameter_norm": 21.77517485318126,
  "lambda_max_10": 1.1168320178985596,
  "hessian_trace_10": 8.672621369361877,
  "fim_trace": 36.71473231725395,
  "step_count": 9,
  "timestamp": 1763759120.5721917,
  "episode_reward": 204.68505929493057,
  "num_steps": 327680,
  "feature_compute_time_s": 9.664047479629517,
  "train_iter_time_s": 17.49556612968445,
  "init_seed": 200,
  "train_seed": 204,
  "best_reward_so_far": 204.68505929493057
}