{
  "sharpness": 1.860453567022814,
  "gradient_smoothness": 0.7615941559557649,
  "loss_mean": 0.0,
  "loss_std": 0.0,
  "loss_trend": 7.669497606709663e-10,
  "parameter_norm": 102.22764405073211,
  "lambda_max_10": 6.146989822387695,
  "hessian_trace_10": -17.401989459991455,
  "fim_trace": 2661.0288147181273,
  "step_count": 15,
  "timestamp": 1765469271.6079693,
  "episode_reward": -17.305072784423828,
  "num_steps": 524288,
  "feature_compute_time_s": 6.250510215759277,
  "train_iter_time_s": 4.044147491455078,
  "init_seed": 200,
  "train_seed": 200,
  "best_reward_so_far": -2.6865840105279126
}