{
  "sharpness": 2.2069618790549126,
  "gradient_smoothness": 0.03253580838668106,
  "loss_mean": 0.0,
  "loss_std": 0.0,
  "loss_trend": -1.6877608903603664e-11,
  "parameter_norm": 28.80952938763817,
  "lambda_max_10": -22.661611557006836,
  "hessian_trace_10": -21.75758304595947,
  "fim_trace": 1876.5624342411757,
  "step_count": 256,
  "timestamp": 1763783384.0807607,
  "num_steps": 8421376,
  "feature_compute_time_s": 6.6649169921875,
  "train_iter_time_s": 13.078635931015015,
  "init_seed": 204,
  "train_seed": 200,
  "best_reward_so_far": 2585.6493911705356
}