{
  "sharpness": 2.238594422409319,
  "gradient_smoothness": 0.21080468867555346,
  "loss_mean": 0.0,
  "loss_std": 0.0,
  "loss_trend": -8.052402458433856e-10,
  "parameter_norm": 29.504116086215628,
  "lambda_max_10": -43.241878509521484,
  "hessian_trace_10": 377.5065856933594,
  "fim_trace": 4081.460181415081,
  "step_count": 8,
  "timestamp": 1764168469.3298175,
  "episode_reward": 920.1134643554688,
  "num_steps": 294912,
  "feature_compute_time_s": 5.114133834838867,
  "train_iter_time_s": 2.648334503173828,
  "init_seed": 207,
  "train_seed": 200,
  "best_reward_so_far": -Infinity
}