{
  "sharpness": 1.2930955450261554,
  "gradient_smoothness": 0.0,
  "parameter_norm": 32.51715764652522,
  "lambda_max_10": -30.763927459716797,
  "hessian_trace_10": 396.3546478271484,
  "fim_trace": 1500.2965939044952,
  "step_count": 0,
  "timestamp": 1765439446.0261123,
  "episode_reward": 85.95626831054688,
  "num_steps": 32768,
  "feature_compute_time_s": 5.262503385543823,
  "train_iter_time_s": 3.8262648582458496,
  "init_seed": 200,
  "train_seed": 203,
  "best_reward_so_far": -10.114610303118917
}