{
  "sharpness": 3.797014640735371,
  "gradient_smoothness": 0.0,
  "parameter_norm": 43.45531548180791,
  "lambda_max_10": 41.47285461425781,
  "hessian_trace_10": 291.37268409729006,
  "fim_trace": 3043.961673885584,
  "step_count": 0,
  "timestamp": 1764178159.083513,
  "episode_reward": 2231.257080078125,
  "num_steps": 32768,
  "feature_compute_time_s": 5.2783026695251465,
  "train_iter_time_s": 3.073026180267334,
  "init_seed": 204,
  "train_seed": 200,
  "best_reward_so_far": -Infinity
}