{
  "sharpness": 3.2334836011000174,
  "gradient_smoothness": 0.0373218927255574,
  "loss_mean": 0.0,
  "loss_std": 0.0,
  "loss_trend": -1.766155171985097e-10,
  "parameter_norm": 43.96908666178474,
  "lambda_max_10": 4.415058135986328,
  "hessian_trace_10": 339.07300567626953,
  "fim_trace": 6562.521701395512,
  "step_count": 5,
  "timestamp": 1764177760.1377223,
  "episode_reward": 990.37548828125,
  "num_steps": 196608,
  "feature_compute_time_s": 5.223644733428955,
  "train_iter_time_s": 4.543795347213745,
  "init_seed": 200,
  "train_seed": 203,
  "best_reward_so_far": -Infinity
}