{
  "sharpness": 2.8114152650665467,
  "gradient_smoothness": 0.028057936064325436,
  "loss_mean": 0.0,
  "loss_std": 0.0,
  "loss_trend": -9.233508392104787e-12,
  "parameter_norm": 29.124687846958384,
  "lambda_max_10": -62.24192428588867,
  "hessian_trace_10": 164.72236175537108,
  "fim_trace": 4371.14944986999,
  "step_count": 232,
  "timestamp": 1763785943.9128752,
  "num_steps": 7634944,
  "feature_compute_time_s": 8.864241361618042,
  "train_iter_time_s": 12.33885669708252,
  "init_seed": 207,
  "train_seed": 200,
  "best_reward_so_far": 1456.9072888918095
}