{
  "sharpness": 0.33228199981623446,
  "gradient_smoothness": 0.036980555830884235,
  "loss_mean": 0.0,
  "loss_std": 0.0,
  "loss_trend": -1.828085010799569e-10,
  "parameter_norm": 22.417527214278465,
  "lambda_max_10": 1.5330407619476318,
  "hessian_trace_10": 11.589452350139618,
  "fim_trace": 43.13654873520136,
  "step_count": 15,
  "timestamp": 1763763785.200239,
  "episode_reward": 259.5859172189697,
  "num_steps": 524288,
  "feature_compute_time_s": 4.910980224609375,
  "train_iter_time_s": 10.229762315750122,
  "init_seed": 200,
  "train_seed": 200,
  "best_reward_so_far": 260.31293714064384
}