{
  "sharpness": 0.418788777502285,
  "gradient_smoothness": 0.011208722791974653,
  "loss_mean": 0.0,
  "loss_std": 0.0,
  "loss_trend": -1.956759874885055e-10,
  "parameter_norm": 23.63452156576532,
  "lambda_max_10": 2.077662944793701,
  "hessian_trace_10": 22.093906593322753,
  "fim_trace": 52.257164219394326,
  "step_count": 27,
  "timestamp": 1763759622.5792477,
  "episode_reward": 338.7595883663834,
  "num_steps": 917504,
  "feature_compute_time_s": 7.158100843429565,
  "train_iter_time_s": 19.37333035469055,
  "init_seed": 200,
  "train_seed": 201,
  "best_reward_so_far": 353.79162833117965
}