{
  "sharpness": 1.5488194394246548,
  "gradient_smoothness": 0.018422954074913855,
  "loss_mean": 0.0,
  "loss_std": 0.0,
  "loss_trend": -1.951853652387977e-10,
  "parameter_norm": 34.07829509953874,
  "lambda_max_10": -29.144439697265625,
  "hessian_trace_10": 405.8546081542969,
  "fim_trace": 2046.219151996076,
  "step_count": 31,
  "timestamp": 1765444529.4801624,
  "episode_reward": -44.44215774536133,
  "num_steps": 1048576,
  "feature_compute_time_s": 6.101764917373657,
  "train_iter_time_s": 5.4633307456970215,
  "init_seed": 206,
  "train_seed": 200,
  "best_reward_so_far": 668.2948291010255
}