{
  "sharpness": 1.1366960559743922,
  "gradient_smoothness": 0.04255690091608284,
  "loss_mean": 0.0,
  "loss_std": 0.0,
  "loss_trend": 1.6375471766800543e-11,
  "parameter_norm": 34.34330003867465,
  "lambda_max_10": -21.379945755004883,
  "hessian_trace_10": 379.360693359375,
  "fim_trace": 1693.3369996398687,
  "step_count": 41,
  "timestamp": 1765438773.856486,
  "episode_reward": 1129.98876953125,
  "num_steps": 1376256,
  "feature_compute_time_s": 5.457937479019165,
  "train_iter_time_s": 4.000187158584595,
  "init_seed": 200,
  "train_seed": 204,
  "best_reward_so_far": 831.3211528932896
}