{
  "sharpness": 1.2092330548596988,
  "gradient_smoothness": 0.01605074640847237,
  "loss_mean": 0.0,
  "loss_std": 0.0,
  "loss_trend": 3.764722180567042e-12,
  "parameter_norm": 32.13335837579441,
  "lambda_max_10": -19.446287155151367,
  "hessian_trace_10": 500.6996337890625,
  "fim_trace": 1840.6277823261917,
  "step_count": 237,
  "timestamp": 1763767140.2935572,
  "episode_reward": 783.4483527023094,
  "num_steps": 7798784,
  "feature_compute_time_s": 4.86877965927124,
  "train_iter_time_s": 9.366662740707397,
  "init_seed": 200,
  "train_seed": 200,
  "best_reward_so_far": 834.986391696733
}