{
  "sharpness": 1.3170029715547105,
  "gradient_smoothness": 0.07227627010555031,
  "loss_mean": 0.0,
  "loss_std": 0.0,
  "loss_trend": -2.1689365477122498e-11,
  "parameter_norm": 34.59728318952926,
  "lambda_max_10": -14.176218032836914,
  "hessian_trace_10": 306.44996490478513,
  "fim_trace": 1541.9515959396958,
  "step_count": 37,
  "timestamp": 1765438548.307511,
  "episode_reward": 279.49652099609375,
  "num_steps": 1245184,
  "feature_compute_time_s": 5.360300779342651,
  "train_iter_time_s": 4.230439901351929,
  "init_seed": 200,
  "train_seed": 200,
  "best_reward_so_far": 852.5838460523041
}