{
  "sharpness": 1.3150512217653971,
  "gradient_smoothness": 0.02502464262012517,
  "loss_mean": 0.0,
  "loss_std": 0.0,
  "loss_trend": 1.5317996260610766e-11,
  "parameter_norm": 26.682865808286092,
  "lambda_max_10": 10.929888725280762,
  "hessian_trace_10": 78.06278533935547,
  "fim_trace": 660.244894400239,
  "step_count": 100,
  "timestamp": 1763774548.341938,
  "num_steps": 3309568,
  "feature_compute_time_s": 6.500643491744995,
  "train_iter_time_s": 12.83181881904602,
  "init_seed": 200,
  "train_seed": 203,
  "best_reward_so_far": 1140.5389853480344
}