{
  "sharpness": 1.424348550604451,
  "gradient_smoothness": 0.35700772327162017,
  "loss_mean": 0.0,
  "loss_std": 0.0,
  "loss_trend": -4.723423904727954e-10,
  "parameter_norm": 34.78458610094329,
  "lambda_max_10": -37.312767028808594,
  "hessian_trace_10": 660.2436065673828,
  "fim_trace": 3933.918444544077,
  "step_count": 12,
  "timestamp": 1765469067.2507646,
  "episode_reward": -18.293548583984375,
  "num_steps": 425984,
  "feature_compute_time_s": 10.213105916976929,
  "train_iter_time_s": 5.364985227584839,
  "init_seed": 201,
  "train_seed": 200,
  "best_reward_so_far": 188.33579370286563
}