{
  "sharpness": 2.265584517891982,
  "gradient_smoothness": 0.0649623625829337,
  "loss_mean": 0.0,
  "loss_std": 0.0,
  "loss_trend": -1.6842571758780252e-09,
  "parameter_norm": 29.062985055189547,
  "lambda_max_10": -61.508636474609375,
  "hessian_trace_10": 350.5627899169922,
  "fim_trace": 2928.428810507059,
  "step_count": 7,
  "timestamp": 1764156685.7212868,
  "episode_reward": 1572.42626953125,
  "num_steps": 262144,
  "feature_compute_time_s": 5.068886995315552,
  "train_iter_time_s": 5.234023094177246,
  "init_seed": 202,
  "train_seed": 200,
  "best_reward_so_far": -Infinity
}