{
  "sharpness": 1.614093253633462,
  "gradient_smoothness": 0.09498192852954716,
  "loss_mean": 0.0,
  "loss_std": 0.0,
  "loss_trend": -8.692001650246041e-11,
  "parameter_norm": 26.226328186828518,
  "lambda_max_10": -10.119528770446777,
  "hessian_trace_10": 114.12680511474609,
  "fim_trace": 826.6211521700025,
  "step_count": 81,
  "timestamp": 1763774648.3879797,
  "num_steps": 2686976,
  "feature_compute_time_s": 7.450449228286743,
  "train_iter_time_s": 11.005517482757568,
  "init_seed": 200,
  "train_seed": 205,
  "best_reward_so_far": 792.2592727642127
}