{
  "sharpness": 1.1518673949064977,
  "gradient_smoothness": 0.044486465125206674,
  "loss_mean": 0.0,
  "loss_std": 0.0,
  "loss_trend": -2.1838653723238632e-11,
  "parameter_norm": 32.47373766095421,
  "lambda_max_10": -29.005325317382812,
  "hessian_trace_10": 575.6773681640625,
  "fim_trace": 3286.350137732923,
  "step_count": 258,
  "timestamp": 1763765177.980769,
  "episode_reward": 1327.2011882500378,
  "num_steps": 8486912,
  "feature_compute_time_s": 7.372081279754639,
  "train_iter_time_s": 17.923434257507324,
  "init_seed": 200,
  "train_seed": 202,
  "best_reward_so_far": 1515.000424593784
}