{
  "sharpness": 1.2719774149327703,
  "gradient_smoothness": 0.32937726686951097,
  "loss_mean": 0.0,
  "loss_std": 0.0,
  "loss_trend": 2.197819396562475e-11,
  "parameter_norm": 34.69644097592692,
  "lambda_max_10": -2.340933322906494,
  "hessian_trace_10": 378.89989776611327,
  "fim_trace": 2809.382066439837,
  "step_count": 57,
  "timestamp": 1765440054.1516798,
  "episode_reward": 127.85418701171875,
  "num_steps": 1900544,
  "feature_compute_time_s": 5.59931206703186,
  "train_iter_time_s": 4.095812082290649,
  "init_seed": 200,
  "train_seed": 200,
  "best_reward_so_far": 815.950928472518
}