{
  "sharpness": 0.16296844310626662,
  "gradient_smoothness": 0.0,
  "loss_mean": 0.0,
  "loss_std": 0.0,
  "loss_trend": 0.0,
  "parameter_norm": 19.55836790395988,
  "lambda_max_10": 0.5592728853225708,
  "hessian_trace_10": 2.3037939846515654,
  "fim_trace": 24.415484530851245,
  "step_count": 1,
  "timestamp": 1763758923.3792028,
  "episode_reward": 2.855050217240697,
  "num_steps": 65536,
  "feature_compute_time_s": 8.498924255371094,
  "train_iter_time_s": 15.353816509246826,
  "init_seed": 200,
  "train_seed": 204,
  "best_reward_so_far": 2.855050217240697
}