{
  "sharpness": 1.39922602449266,
  "gradient_smoothness": 0.21898925833729388,
  "loss_mean": 0.0,
  "loss_std": 0.0,
  "loss_trend": 3.796641417962021e-10,
  "parameter_norm": 34.777629114612765,
  "lambda_max_10": -60.15911102294922,
  "hessian_trace_10": 844.7117858886719,
  "fim_trace": 4006.840941414237,
  "step_count": 10,
  "timestamp": 1765469179.916253,
  "episode_reward": -17.07744598388672,
  "num_steps": 360448,
  "feature_compute_time_s": 9.618312120437622,
  "train_iter_time_s": 6.626537322998047,
  "init_seed": 200,
  "train_seed": 206,
  "best_reward_so_far": 128.78026430904714
}