{
  "sharpness": 2.1468254164878737,
  "gradient_smoothness": 0.008389267892704215,
  "loss_mean": 0.0,
  "loss_std": 0.0,
  "loss_trend": -2.013256292166523e-11,
  "parameter_norm": 29.051196190662207,
  "lambda_max_10": 17.864486694335938,
  "hessian_trace_10": 4.400828552246094,
  "fim_trace": 2439.9540712088346,
  "step_count": 240,
  "timestamp": 1763779763.923102,
  "num_steps": 7897088,
  "feature_compute_time_s": 5.759572744369507,
  "train_iter_time_s": 12.177643775939941,
  "init_seed": 200,
  "train_seed": 207,
  "best_reward_so_far": 1885.6808113633829
}