{
  "sharpness": 1.2639325296470165,
  "gradient_smoothness": 0.04292842534037792,
  "loss_mean": 0.0,
  "loss_std": 0.0,
  "loss_trend": -1.5772724913785223e-09,
  "parameter_norm": 33.20499341017878,
  "lambda_max_10": -43.32838821411133,
  "hessian_trace_10": 638.0891174316406,
  "fim_trace": 2672.941513273865,
  "step_count": 6,
  "timestamp": 1765440699.6614568,
  "episode_reward": 116.62857055664062,
  "num_steps": 229376,
  "feature_compute_time_s": 7.393290996551514,
  "train_iter_time_s": 4.4844536781311035,
  "init_seed": 200,
  "train_seed": 206,
  "best_reward_so_far": 135.11812805809447
}