{
  "sharpness": 2.0276866897795407,
  "gradient_smoothness": 0.16055826329865966,
  "loss_mean": 0.0,
  "loss_std": 0.0,
  "loss_trend": 2.8852356442455296e-09,
  "parameter_norm": 30.012089348325052,
  "lambda_max_10": -66.38313293457031,
  "hessian_trace_10": 579.832487487793,
  "fim_trace": 9019.380324706435,
  "step_count": 7,
  "timestamp": 1764177242.6674538,
  "episode_reward": 1169.620361328125,
  "num_steps": 262144,
  "feature_compute_time_s": 5.8000781536102295,
  "train_iter_time_s": 4.319352626800537,
  "init_seed": 200,
  "train_seed": 204,
  "best_reward_so_far": -Infinity
}