{
  "sharpness": 0.5910118095066708,
  "gradient_smoothness": 0.007958985863980274,
  "loss_mean": 0.0,
  "loss_std": 0.0,
  "loss_trend": 6.376427012467395e-11,
  "parameter_norm": 21.896312016968164,
  "lambda_max_10": -2.0789904594421387,
  "hessian_trace_10": -10.546364355087281,
  "fim_trace": 62.928490191698074,
  "step_count": 27,
  "timestamp": 1763775572.1776307,
  "num_steps": 917504,
  "feature_compute_time_s": 6.726746082305908,
  "train_iter_time_s": 11.675891637802124,
  "init_seed": 200,
  "train_seed": 207,
  "best_reward_so_far": -271.79990681669454
}