{
  "sharpness": 1.229488849258635,
  "gradient_smoothness": 0.06253136609732717,
  "loss_mean": 0.0,
  "loss_std": 0.0,
  "loss_trend": 1.31086001607928e-10,
  "parameter_norm": 34.52242468208562,
  "lambda_max_10": -28.383892059326172,
  "hessian_trace_10": 340.8261016845703,
  "fim_trace": 1772.0328084789217,
  "step_count": 35,
  "timestamp": 1765440900.890063,
  "episode_reward": -3.838927984237671,
  "num_steps": 1179648,
  "feature_compute_time_s": 10.754497528076172,
  "train_iter_time_s": 4.179291486740112,
  "init_seed": 201,
  "train_seed": 200,
  "best_reward_so_far": 839.0227213478097
}