{
  "sharpness": 1.7568818156175319,
  "gradient_smoothness": 0.19765847090088912,
  "loss_mean": 0.0,
  "loss_std": 0.0,
  "loss_trend": 1.8346629289124122e-09,
  "parameter_norm": 30.250938503033478,
  "lambda_max_10": -26.17447280883789,
  "hessian_trace_10": 109.02827739715576,
  "fim_trace": 5626.834118902683,
  "step_count": 11,
  "timestamp": 1764167426.9061325,
  "episode_reward": 1684.195068359375,
  "num_steps": 393216,
  "feature_compute_time_s": 4.899205684661865,
  "train_iter_time_s": 2.913637161254883,
  "init_seed": 200,
  "train_seed": 200,
  "best_reward_so_far": -Infinity
}