{
  "sharpness": 1.196754691206516,
  "gradient_smoothness": 0.24948162910312094,
  "loss_mean": 0.0,
  "loss_std": 0.0,
  "loss_trend": 7.168913602834251e-12,
  "parameter_norm": 32.27495089610081,
  "lambda_max_10": -20.21392822265625,
  "hessian_trace_10": 361.8415588378906,
  "fim_trace": 1877.5554021932185,
  "step_count": 298,
  "timestamp": 1763768062.3328862,
  "episode_reward": 783.3195932022206,
  "num_steps": 9797632,
  "feature_compute_time_s": 4.865502595901489,
  "train_iter_time_s": 9.747901678085327,
  "init_seed": 200,
  "train_seed": 200,
  "best_reward_so_far": 838.254302905597
}