{
  "sharpness": 1.8835858734107747,
  "gradient_smoothness": 0.4200980634521117,
  "loss_mean": 0.0,
  "loss_std": 0.0,
  "loss_trend": -6.021632079747e-10,
  "parameter_norm": 30.48241661974292,
  "lambda_max_10": -41.381065368652344,
  "hessian_trace_10": 359.18428802490234,
  "fim_trace": 5909.772536665201,
  "step_count": 13,
  "timestamp": 1764177972.8375545,
  "episode_reward": 1492.26611328125,
  "num_steps": 458752,
  "feature_compute_time_s": 5.086512804031372,
  "train_iter_time_s": 2.611801862716675,
  "init_seed": 205,
  "train_seed": 200,
  "best_reward_so_far": -Infinity
}