{
  "sharpness": 2.059094059079999,
  "gradient_smoothness": 0.0,
  "parameter_norm": 32.98523250270035,
  "lambda_max_10": -22.51980972290039,
  "hessian_trace_10": 195.3828598022461,
  "fim_trace": 5145.000437051058,
  "step_count": 0,
  "timestamp": 1766080376.2522564,
  "episode_reward": 1023.4811401367188,
  "num_steps": 32768,
  "feature_compute_time_s": 6.4314939975738525,
  "train_iter_time_s": 5.023541688919067,
  "init_seed": 200,
  "train_seed": 206,
  "best_reward_so_far": -Infinity
}