{
  "sharpness": 1.834337691961496,
  "gradient_smoothness": 0.0,
  "loss_mean": 0.0,
  "loss_std": 0.0,
  "loss_trend": 0.0,
  "parameter_norm": 29.39925059667413,
  "lambda_max_10": 62.065345764160156,
  "hessian_trace_10": 55.400623893737794,
  "fim_trace": 2950.0618088543415,
  "step_count": 1,
  "timestamp": 1764177706.601261,
  "episode_reward": 1451.939208984375,
  "num_steps": 65536,
  "feature_compute_time_s": 5.283486366271973,
  "train_iter_time_s": 2.717726707458496,
  "init_seed": 203,
  "train_seed": 200,
  "best_reward_so_far": -Infinity
}