{
  "sharpness": 1.5289667912827976,
  "gradient_smoothness": 0.014862490636395475,
  "loss_mean": 0.0,
  "loss_std": 0.0,
  "loss_trend": -4.348569549862209e-11,
  "parameter_norm": 27.764657958830977,
  "lambda_max_10": -11.760756492614746,
  "hessian_trace_10": 126.36050300598144,
  "fim_trace": 341.61174200847745,
  "step_count": 83,
  "timestamp": 1763760716.4968553,
  "episode_reward": 642.3086860386899,
  "num_steps": 2752512,
  "feature_compute_time_s": 5.610762357711792,
  "train_iter_time_s": 15.026149988174438,
  "init_seed": 200,
  "train_seed": 207,
  "best_reward_so_far": 783.7032556449551
}