{
  "sharpness": 2.1769302943900293,
  "gradient_smoothness": 0.09110464955240008,
  "loss_mean": 0.0,
  "loss_std": 0.0,
  "loss_trend": -4.081127646294836e-09,
  "parameter_norm": 32.449100242837694,
  "lambda_max_10": -29.61700439453125,
  "hessian_trace_10": 354.87500152587893,
  "fim_trace": 3077.5600378513336,
  "step_count": 4,
  "timestamp": 1766080740.4426746,
  "episode_reward": 927.6162719726562,
  "num_steps": 163840,
  "feature_compute_time_s": 5.199329137802124,
  "train_iter_time_s": 2.7897934913635254,
  "init_seed": 203,
  "train_seed": 200,
  "best_reward_so_far": -Infinity
}