{
  "sharpness": 1.2696016225718874,
  "gradient_smoothness": 0.030153441209994806,
  "loss_mean": 0.0,
  "loss_std": 0.0,
  "loss_trend": 5.3367870227358395e-11,
  "parameter_norm": 25.384100755957373,
  "lambda_max_10": 12.438589096069336,
  "hessian_trace_10": 92.60361709594727,
  "fim_trace": 550.6454145647585,
  "step_count": 73,
  "timestamp": 1763780713.5657635,
  "num_steps": 2424832,
  "feature_compute_time_s": 7.200604200363159,
  "train_iter_time_s": 12.564106464385986,
  "init_seed": 205,
  "train_seed": 200,
  "best_reward_so_far": 799.3462158002544
}