{
  "sharpness": 1.6259938415110047,
  "gradient_smoothness": 0.005562237549263245,
  "loss_mean": 0.0,
  "loss_std": 0.0,
  "loss_trend": 1.2056648090884381e-09,
  "parameter_norm": 33.225788050239856,
  "lambda_max_10": -39.883338928222656,
  "hessian_trace_10": 255.1110809326172,
  "fim_trace": 2346.8289977014065,
  "step_count": 12,
  "timestamp": 1765443525.9427757,
  "episode_reward": 1035.8114013671875,
  "num_steps": 425984,
  "feature_compute_time_s": 5.289116144180298,
  "train_iter_time_s": 4.0312323570251465,
  "init_seed": 203,
  "train_seed": 200,
  "best_reward_so_far": 153.8458677442592
}