{
  "sharpness": 1.674695676961612,
  "gradient_smoothness": 0.18443887863731503,
  "loss_mean": 0.0,
  "loss_std": 0.0,
  "loss_trend": 1.6884387998069484e-12,
  "parameter_norm": 29.670989219700342,
  "lambda_max_10": -21.276256561279297,
  "hessian_trace_10": 121.6283992767334,
  "fim_trace": 1700.040104791522,
  "step_count": 288,
  "timestamp": 1763781932.8656855,
  "num_steps": 9469952,
  "feature_compute_time_s": 8.286070585250854,
  "train_iter_time_s": 11.741340160369873,
  "init_seed": 201,
  "train_seed": 200,
  "best_reward_so_far": 1195.8435303201677
}