{
  "sharpness": 1.5904121786414145,
  "gradient_smoothness": 0.040621501303144035,
  "loss_mean": 0.0,
  "loss_std": 0.0,
  "loss_trend": -3.304971251895186e-09,
  "parameter_norm": 29.840832592659257,
  "lambda_max_10": -18.82948875427246,
  "hessian_trace_10": 333.14939346313474,
  "fim_trace": 5385.610295057297,
  "step_count": 4,
  "timestamp": 1764151706.2117271,
  "episode_reward": 1407.1751708984375,
  "num_steps": 163840,
  "feature_compute_time_s": 10.023729085922241,
  "train_iter_time_s": 2.896871328353882,
  "init_seed": 200,
  "train_seed": 206,
  "best_reward_so_far": -Infinity
}