{
  "sharpness": 1.199067735700108,
  "gradient_smoothness": 0.09926450860398199,
  "loss_mean": 0.0,
  "loss_std": 0.0,
  "loss_trend": -7.609594578572176e-12,
  "parameter_norm": 32.266876085399886,
  "lambda_max_10": -17.736452102661133,
  "hessian_trace_10": 300.4342102050781,
  "fim_trace": 1718.178618784994,
  "step_count": 277,
  "timestamp": 1763767747.6279418,
  "episode_reward": 790.4484828546921,
  "num_steps": 9109504,
  "feature_compute_time_s": 5.051956415176392,
  "train_iter_time_s": 9.939679622650146,
  "init_seed": 200,
  "train_seed": 200,
  "best_reward_so_far": 838.254302905597
}