{
  "sharpness": 1.9287235838712795,
  "gradient_smoothness": 0.0,
  "parameter_norm": 101.57151530686593,
  "lambda_max_10": 9.320196151733398,
  "hessian_trace_10": -12.516394996643067,
  "fim_trace": 3223.751731455326,
  "step_count": 0,
  "timestamp": 1764177555.4615319,
  "episode_reward": -507.4620361328125,
  "num_steps": 32768,
  "feature_compute_time_s": 5.102017402648926,
  "train_iter_time_s": 3.305837392807007,
  "init_seed": 202,
  "train_seed": 200,
  "best_reward_so_far": -Infinity
}