{
  "sharpness": 1.275710080724768,
  "gradient_smoothness": 0.021795788545979307,
  "loss_mean": 0.0,
  "loss_std": 0.0,
  "loss_trend": -1.8153325876748238e-11,
  "parameter_norm": 32.216820021328864,
  "lambda_max_10": -32.17770767211914,
  "hessian_trace_10": 424.29027099609374,
  "fim_trace": 2048.33376108855,
  "step_count": 219,
  "timestamp": 1763762221.6703534,
  "episode_reward": 1267.7437563014037,
  "num_steps": 7208960,
  "feature_compute_time_s": 5.378850698471069,
  "train_iter_time_s": 10.59426736831665,
  "init_seed": 200,
  "train_seed": 206,
  "best_reward_so_far": 1482.1253727911314
}