{
  "sharpness": 1.8442574594960313,
  "gradient_smoothness": 0.0,
  "loss_mean": 0.0,
  "loss_std": 0.0,
  "loss_trend": 0.0,
  "parameter_norm": 30.187398816649754,
  "lambda_max_10": -23.973243713378906,
  "hessian_trace_10": 130.28433990478516,
  "fim_trace": 4640.169443801045,
  "step_count": 1,
  "timestamp": 1764177198.5373797,
  "episode_reward": 1754.7989501953125,
  "num_steps": 65536,
  "feature_compute_time_s": 7.99665641784668,
  "train_iter_time_s": 4.850167274475098,
  "init_seed": 200,
  "train_seed": 203,
  "best_reward_so_far": -Infinity
}