{
  "sharpness": 1.1089837348897298,
  "gradient_smoothness": 0.0016746569701868801,
  "loss_mean": 0.0,
  "loss_std": 0.0,
  "loss_trend": -5.80443647779009e-11,
  "parameter_norm": 25.242742439201507,
  "lambda_max_10": 12.49370002746582,
  "hessian_trace_10": 69.80450630187988,
  "fim_trace": 497.83012091368437,
  "step_count": 70,
  "timestamp": 1763780652.9559805,
  "num_steps": 2326528,
  "feature_compute_time_s": 7.525664329528809,
  "train_iter_time_s": 12.355235576629639,
  "init_seed": 205,
  "train_seed": 200,
  "best_reward_so_far": 799.3462158002544
}