{
  "sharpness": 1.307261147805187,
  "gradient_smoothness": 0.04832087030426659,
  "loss_mean": 0.0,
  "loss_std": 0.0,
  "loss_trend": 1.0231785531320456e-10,
  "parameter_norm": 34.06967155125932,
  "lambda_max_10": -45.2985954284668,
  "hessian_trace_10": 500.0168029785156,
  "fim_trace": 3536.0291343182325,
  "step_count": 43,
  "timestamp": 1765441235.0207055,
  "episode_reward": -12.303627014160156,
  "num_steps": 1441792,
  "feature_compute_time_s": 5.513236999511719,
  "train_iter_time_s": 4.53823447227478,
  "init_seed": 200,
  "train_seed": 206,
  "best_reward_so_far": 951.856993605756
}