{
  "sharpness": 1.5131073324981026,
  "gradient_smoothness": 0.18281170353625414,
  "loss_mean": 0.0,
  "loss_std": 0.0,
  "loss_trend": -9.731530140312001e-11,
  "parameter_norm": 29.23268107984195,
  "lambda_max_10": -18.648439407348633,
  "hessian_trace_10": 240.82821807861328,
  "fim_trace": 3320.1447910815477,
  "step_count": 204,
  "timestamp": 1763778898.3700902,
  "num_steps": 6717440,
  "feature_compute_time_s": 8.134523391723633,
  "train_iter_time_s": 12.563746929168701,
  "init_seed": 200,
  "train_seed": 206,
  "best_reward_so_far": 1109.029863770857
}