{
  "sharpness": 2.0420034188238554,
  "gradient_smoothness": 0.05393553387695356,
  "loss_mean": 0.0,
  "loss_std": 0.0,
  "loss_trend": 9.421226828125038e-10,
  "parameter_norm": 29.082443503869722,
  "lambda_max_10": -53.52959442138672,
  "hessian_trace_10": 295.4751365661621,
  "fim_trace": 3231.517407372594,
  "step_count": 2,
  "timestamp": 1764168445.269789,
  "episode_reward": 1614.6588134765625,
  "num_steps": 98304,
  "feature_compute_time_s": 7.365788698196411,
  "train_iter_time_s": 3.5216424465179443,
  "init_seed": 203,
  "train_seed": 200,
  "best_reward_so_far": -Infinity
}