{
  "sharpness": 1.4130512702823637,
  "gradient_smoothness": 0.011191533516729055,
  "loss_mean": 0.0,
  "loss_std": 0.0,
  "loss_trend": 1.1666501823587343e-11,
  "parameter_norm": 27.691448332241382,
  "lambda_max_10": -11.054226875305176,
  "hessian_trace_10": 180.16436309814452,
  "fim_trace": 284.1117000132799,
  "step_count": 82,
  "timestamp": 1763761004.6500719,
  "episode_reward": 888.7147654451747,
  "num_steps": 2719744,
  "feature_compute_time_s": 6.868896007537842,
  "train_iter_time_s": 17.02815318107605,
  "init_seed": 200,
  "train_seed": 204,
  "best_reward_so_far": 1056.9978550319545
}