{
  "sharpness": 1.239419080039962,
  "gradient_smoothness": 0.006446897787661122,
  "loss_mean": 0.0,
  "loss_std": 0.0,
  "loss_trend": -6.459164084661801e-11,
  "parameter_norm": 31.924825158424945,
  "lambda_max_10": -30.18239974975586,
  "hessian_trace_10": 361.74782409667966,
  "fim_trace": 1573.6944905743003,
  "step_count": 228,
  "timestamp": 1763765292.359593,
  "episode_reward": 1422.0400020106651,
  "num_steps": 7503872,
  "feature_compute_time_s": 8.236415147781372,
  "train_iter_time_s": 19.232686042785645,
  "init_seed": 200,
  "train_seed": 201,
  "best_reward_so_far": 1581.1597646115545
}