{
  "sharpness": 1.9498435828988374,
  "gradient_smoothness": 0.5024537859766767,
  "loss_mean": 0.0,
  "loss_std": 0.0,
  "loss_trend": -3.2120961053585545e-10,
  "parameter_norm": 102.3118415101289,
  "lambda_max_10": 12.860279083251953,
  "hessian_trace_10": 14.92334270477295,
  "fim_trace": 2348.6511805802584,
  "step_count": 13,
  "timestamp": 1765469535.9875278,
  "episode_reward": -1.6897823810577393,
  "num_steps": 458752,
  "feature_compute_time_s": 5.796867609024048,
  "train_iter_time_s": 4.650557994842529,
  "init_seed": 200,
  "train_seed": 202,
  "best_reward_so_far": 8.817137540927023
}