{
  "sharpness": 1.3591466673210972,
  "gradient_smoothness": 0.0076823602129771846,
  "loss_mean": 0.0,
  "loss_std": 0.0,
  "loss_trend": 7.176605911634057e-10,
  "parameter_norm": 33.248891162010544,
  "lambda_max_10": -32.754695892333984,
  "hessian_trace_10": 410.39142150878905,
  "fim_trace": 1858.0968526378274,
  "step_count": 14,
  "timestamp": 1765439235.053701,
  "episode_reward": 107.08482360839844,
  "num_steps": 491520,
  "feature_compute_time_s": 5.452782869338989,
  "train_iter_time_s": 4.097569465637207,
  "init_seed": 200,
  "train_seed": 207,
  "best_reward_so_far": 186.7164663568026
}