{
  "sharpness": 1.952806889993881,
  "gradient_smoothness": 0.06623812900522187,
  "loss_mean": 0.0,
  "loss_std": 0.0,
  "loss_trend": 1.3114989723370048e-11,
  "parameter_norm": 27.86480848959984,
  "lambda_max_10": 10.11902904510498,
  "hessian_trace_10": 37.88967361450195,
  "fim_trace": 838.5388155579567,
  "step_count": 156,
  "timestamp": 1763781592.3216796,
  "episode_reward": 1341.6283196094407,
  "num_steps": 5144576,
  "feature_compute_time_s": 4.412920951843262,
  "train_iter_time_s": 11.929481983184814,
  "init_seed": 204,
  "train_seed": 200,
  "best_reward_so_far": 1341.6283196094407
}