{
  "sharpness": 2.870040596667841,
  "gradient_smoothness": 0.15855485353211507,
  "loss_mean": 0.0,
  "loss_std": 0.0,
  "loss_trend": 1.3061361167190791e-11,
  "parameter_norm": 28.24740058339349,
  "lambda_max_10": -23.490493774414062,
  "hessian_trace_10": 188.32817687988282,
  "fim_trace": 1350.209188491106,
  "step_count": 141,
  "timestamp": 1763778865.4270117,
  "num_steps": 4653056,
  "feature_compute_time_s": 6.1196887493133545,
  "train_iter_time_s": 13.953847408294678,
  "init_seed": 201,
  "train_seed": 200,
  "best_reward_so_far": 1034.7179435106987
}