{
  "sharpness": 0.15907591667993576,
  "gradient_smoothness": 0.022127991394972738,
  "loss_mean": 0.0,
  "loss_std": 0.0,
  "loss_trend": 5.412729402071913e-11,
  "parameter_norm": 19.91819574454823,
  "lambda_max_10": -0.9153749942779541,
  "hessian_trace_10": -7.402717447280883,
  "fim_trace": 31.52142578549683,
  "step_count": 5,
  "timestamp": 1763773248.362606,
  "num_steps": 196608,
  "feature_compute_time_s": 8.11138129234314,
  "train_iter_time_s": 10.298955202102661,
  "init_seed": 200,
  "train_seed": 205,
  "best_reward_so_far": -Infinity
}