{
  "sharpness": 1.5424179212397657,
  "gradient_smoothness": 0.029089929202701766,
  "loss_mean": 0.0,
  "loss_std": 0.0,
  "loss_trend": 2.8976670809345317e-10,
  "parameter_norm": 33.63427034874827,
  "lambda_max_10": -34.09056091308594,
  "hessian_trace_10": 411.45872192382814,
  "fim_trace": 1746.8665056414902,
  "step_count": 24,
  "timestamp": 1765441138.4913833,
  "episode_reward": 165.62094116210938,
  "num_steps": 819200,
  "feature_compute_time_s": 9.940116167068481,
  "train_iter_time_s": 3.891392469406128,
  "init_seed": 200,
  "train_seed": 207,
  "best_reward_so_far": 326.77391100371176
}