{
  "sharpness": 1.3686394545247176,
  "gradient_smoothness": 0.26296049665351806,
  "loss_mean": 0.0,
  "loss_std": 0.0,
  "loss_trend": -4.4720301043098145e-12,
  "parameter_norm": 34.291694563149754,
  "lambda_max_10": -26.178874969482422,
  "hessian_trace_10": 498.9649993896484,
  "fim_trace": 2674.734361194074,
  "step_count": 56,
  "timestamp": 1765443559.0929568,
  "episode_reward": -13.219959259033203,
  "num_steps": 1867776,
  "feature_compute_time_s": 5.595285654067993,
  "train_iter_time_s": 3.894531726837158,
  "init_seed": 202,
  "train_seed": 200,
  "best_reward_so_far": 1066.352618970459
}