{
  "sharpness": 3.0120407488402483,
  "gradient_smoothness": 0.06842964005609589,
  "loss_mean": 0.0,
  "loss_std": 0.0,
  "loss_trend": -2.419400754998382e-08,
  "parameter_norm": 101.70015995297273,
  "lambda_max_10": 19.834928512573242,
  "hessian_trace_10": 33.05483837127686,
  "fim_trace": 5005.175988912582,
  "step_count": 2,
  "timestamp": 1764177554.658829,
  "episode_reward": -462.525390625,
  "num_steps": 98304,
  "feature_compute_time_s": 5.110560655593872,
  "train_iter_time_s": 3.632112503051758,
  "init_seed": 200,
  "train_seed": 206,
  "best_reward_so_far": -Infinity
}