{
  "sharpness": 1.605856452431092,
  "gradient_smoothness": 0.0668363299123189,
  "loss_mean": 0.0,
  "loss_std": 0.0,
  "loss_trend": 2.557593062208063e-11,
  "parameter_norm": 28.10726017696176,
  "lambda_max_10": -8.32358169555664,
  "hessian_trace_10": 157.911962890625,
  "fim_trace": 573.0502820014954,
  "step_count": 86,
  "timestamp": 1763760194.94408,
  "episode_reward": 674.6943052333066,
  "num_steps": 2850816,
  "feature_compute_time_s": 5.096527338027954,
  "train_iter_time_s": 10.245393991470337,
  "init_seed": 200,
  "train_seed": 206,
  "best_reward_so_far": 759.9048924750981
}