{
  "sharpness": 2.523584713894855,
  "gradient_smoothness": 0.3231283652015762,
  "loss_mean": 0.0,
  "loss_std": 0.0,
  "loss_trend": 4.086703154094715e-10,
  "parameter_norm": 29.758055644578317,
  "lambda_max_10": -40.39577865600586,
  "hessian_trace_10": 121.61688594818115,
  "fim_trace": 2913.2645168304443,
  "step_count": 11,
  "timestamp": 1764177807.0358534,
  "episode_reward": 4082.1064453125,
  "num_steps": 393216,
  "feature_compute_time_s": 5.421430349349976,
  "train_iter_time_s": 2.830381393432617,
  "init_seed": 204,
  "train_seed": 200,
  "best_reward_so_far": -Infinity
}