{
  "sharpness": 1.2896783116067143,
  "gradient_smoothness": 0.12654125573664274,
  "loss_mean": 0.0,
  "loss_std": 0.0,
  "loss_trend": -6.593944562498372e-10,
  "parameter_norm": 33.18855774139147,
  "lambda_max_10": -23.938261032104492,
  "hessian_trace_10": 361.73614501953125,
  "fim_trace": 2123.227626696229,
  "step_count": 5,
  "timestamp": 1765468548.3630717,
  "episode_reward": 72.06143951416016,
  "num_steps": 196608,
  "feature_compute_time_s": 10.245060920715332,
  "train_iter_time_s": 5.670515298843384,
  "init_seed": 200,
  "train_seed": 205,
  "best_reward_so_far": 97.08134126685059
}