{
  "sharpness": 1.1790492826260974,
  "gradient_smoothness": 0.19622361347950135,
  "loss_mean": 0.0,
  "loss_std": 0.0,
  "loss_trend": -5.810263152001807e-11,
  "parameter_norm": 34.15339028770997,
  "lambda_max_10": -35.77953338623047,
  "hessian_trace_10": 560.922705078125,
  "fim_trace": 2950.33319196105,
  "step_count": 52,
  "timestamp": 1765442514.5115154,
  "episode_reward": 1.405102252960205,
  "num_steps": 1736704,
  "feature_compute_time_s": 5.528512477874756,
  "train_iter_time_s": 3.8152403831481934,
  "init_seed": 204,
  "train_seed": 200,
  "best_reward_so_far": 891.311114684619
}