{
  "sharpness": 1.5177019169214276,
  "gradient_smoothness": 0.7615941559557649,
  "loss_mean": 0.0,
  "loss_std": 0.0,
  "loss_trend": 4.773014888530009e-10,
  "parameter_norm": 29.9053872132308,
  "lambda_max_10": 50.752689361572266,
  "hessian_trace_10": 227.8486072540283,
  "fim_trace": 6732.929826676846,
  "step_count": 15,
  "timestamp": 1764177378.342039,
  "episode_reward": 1707.4271240234375,
  "num_steps": 524288,
  "feature_compute_time_s": 9.255199909210205,
  "train_iter_time_s": 4.557251453399658,
  "init_seed": 200,
  "train_seed": 201,
  "best_reward_so_far": 1164.7655156453447
}