{
  "sharpness": 1.2037780990234177,
  "gradient_smoothness": 0.05674945801419677,
  "loss_mean": 0.0,
  "loss_std": 0.0,
  "loss_trend": 3.5361339160253085e-10,
  "parameter_norm": 34.38231490628491,
  "lambda_max_10": -18.90534782409668,
  "hessian_trace_10": 343.18987731933595,
  "fim_trace": 1605.8088425714523,
  "step_count": 26,
  "timestamp": 1765440379.541767,
  "episode_reward": 202.85740661621094,
  "num_steps": 884736,
  "feature_compute_time_s": 5.611391067504883,
  "train_iter_time_s": 4.093790292739868,
  "init_seed": 200,
  "train_seed": 200,
  "best_reward_so_far": 461.3683982345262
}