{
  "sharpness": 2.4643498235913555,
  "gradient_smoothness": 0.13892087632002129,
  "loss_mean": 0.0,
  "loss_std": 0.0,
  "loss_trend": -2.229023625525044e-09,
  "parameter_norm": 29.0116464739862,
  "lambda_max_10": -61.46882629394531,
  "hessian_trace_10": 537.4289428710938,
  "fim_trace": 4359.725765675306,
  "step_count": 6,
  "timestamp": 1764156061.0508254,
  "episode_reward": 1422.1663818359375,
  "num_steps": 229376,
  "feature_compute_time_s": 5.048667907714844,
  "train_iter_time_s": 2.867759943008423,
  "init_seed": 202,
  "train_seed": 200,
  "best_reward_so_far": -Infinity
}