{
  "sharpness": 1.573481611085321,
  "gradient_smoothness": 0.03897151414998746,
  "loss_mean": 0.0,
  "loss_std": 0.0,
  "loss_trend": -5.1868933803915425e-12,
  "parameter_norm": 33.73731313293138,
  "lambda_max_10": -42.15550994873047,
  "hessian_trace_10": 308.2525466918945,
  "fim_trace": 2701.6025260202587,
  "step_count": 35,
  "timestamp": 1765441774.6347327,
  "episode_reward": 1175.863525390625,
  "num_steps": 1179648,
  "feature_compute_time_s": 5.580000877380371,
  "train_iter_time_s": 3.9374823570251465,
  "init_seed": 203,
  "train_seed": 200,
  "best_reward_so_far": 785.1044496273794
}