{
  "sharpness": 2.704265368245608,
  "gradient_smoothness": 0.15044464717444297,
  "loss_mean": 0.0,
  "loss_std": 0.0,
  "loss_trend": 6.43898341365813e-09,
  "parameter_norm": 102.51263668665645,
  "lambda_max_10": -16.96872901916504,
  "hessian_trace_10": 1.4337413787841797,
  "fim_trace": 3069.606128141284,
  "step_count": 4,
  "timestamp": 1765469986.9287019,
  "episode_reward": -4.52017879486084,
  "num_steps": 163840,
  "feature_compute_time_s": 5.914540767669678,
  "train_iter_time_s": 4.092669486999512,
  "init_seed": 205,
  "train_seed": 200,
  "best_reward_so_far": -4.277153541726975
}