{
  "sharpness": 1.3254003447320841,
  "gradient_smoothness": 0.025664225514264987,
  "loss_mean": 0.0,
  "loss_std": 0.0,
  "loss_trend": 3.5869044185732154e-11,
  "parameter_norm": 31.599795883587618,
  "lambda_max_10": -23.17756462097168,
  "hessian_trace_10": 400.6620162963867,
  "fim_trace": 1694.090923257172,
  "step_count": 178,
  "timestamp": 1763763471.206471,
  "episode_reward": 1227.6124656166803,
  "num_steps": 5865472,
  "feature_compute_time_s": 8.283493280410767,
  "train_iter_time_s": 17.979735374450684,
  "init_seed": 200,
  "train_seed": 205,
  "best_reward_so_far": 1369.258500086127
}