{
  "sharpness": 1.2374322625594452,
  "gradient_smoothness": 0.0564102423680202,
  "loss_mean": 0.0,
  "loss_std": 0.0,
  "loss_trend": -8.979763258929146e-12,
  "parameter_norm": 32.04071016218942,
  "lambda_max_10": -28.79328155517578,
  "hessian_trace_10": 293.89776916503905,
  "fim_trace": 1272.9919585771859,
  "step_count": 247,
  "timestamp": 1763765845.0765836,
  "episode_reward": 1539.6547804881823,
  "num_steps": 8126464,
  "feature_compute_time_s": 10.219875574111938,
  "train_iter_time_s": 21.008672952651978,
  "init_seed": 200,
  "train_seed": 201,
  "best_reward_so_far": 1606.5191120413522
}