{
  "sharpness": 1.6781866791889362,
  "gradient_smoothness": 0.34768996049715545,
  "loss_mean": 0.0,
  "loss_std": 0.0,
  "loss_trend": -1.4899683109888362e-10,
  "parameter_norm": 34.020503499573486,
  "lambda_max_10": -25.549951553344727,
  "hessian_trace_10": 446.89319305419923,
  "fim_trace": 3625.2559942491353,
  "step_count": 57,
  "timestamp": 1765439391.8335612,
  "episode_reward": 777.1966552734375,
  "num_steps": 1900544,
  "feature_compute_time_s": 5.557564735412598,
  "train_iter_time_s": 3.8193490505218506,
  "init_seed": 200,
  "train_seed": 203,
  "best_reward_so_far": 883.4176521520553
}