{
  "sharpness": 1.484143674153687,
  "gradient_smoothness": 0.23008711986275907,
  "loss_mean": 0.0,
  "loss_std": 0.0,
  "loss_trend": 9.696577257853682e-11,
  "parameter_norm": 34.028089982103516,
  "lambda_max_10": -17.608922958374023,
  "hessian_trace_10": 212.67035675048828,
  "fim_trace": 2411.1117767989635,
  "step_count": 51,
  "timestamp": 1765441122.6984177,
  "episode_reward": -46.941261291503906,
  "num_steps": 1703936,
  "feature_compute_time_s": 5.554553270339966,
  "train_iter_time_s": 3.6824944019317627,
  "init_seed": 200,
  "train_seed": 203,
  "best_reward_so_far": 846.9887022368889
}