{
  "sharpness": 1.580346619704467,
  "gradient_smoothness": 0.15333311657122314,
  "loss_mean": 0.0,
  "loss_std": 0.0,
  "loss_trend": 1.4225514215715808e-08,
  "parameter_norm": 29.479149165072922,
  "lambda_max_10": -16.529094696044922,
  "hessian_trace_10": 122.7000946044922,
  "fim_trace": 2563.100431084633,
  "step_count": 3,
  "timestamp": 1764152916.437789,
  "episode_reward": 3328.8046875,
  "num_steps": 131072,
  "feature_compute_time_s": 8.49545693397522,
  "train_iter_time_s": 3.0103847980499268,
  "init_seed": 200,
  "train_seed": 207,
  "best_reward_so_far": -Infinity
}