{
  "sharpness": 2.0253451783702525,
  "gradient_smoothness": 0.04533479104955721,
  "loss_mean": 0.0,
  "loss_std": 0.0,
  "loss_trend": 6.645761494185261e-11,
  "parameter_norm": 29.84768926507625,
  "lambda_max_10": 17.599565505981445,
  "hessian_trace_10": 224.21401672363282,
  "fim_trace": 5484.689244300127,
  "step_count": 257,
  "timestamp": 1763779108.850788,
  "num_steps": 8454144,
  "feature_compute_time_s": 4.3523948192596436,
  "train_iter_time_s": 8.618808031082153,
  "init_seed": 200,
  "train_seed": 200,
  "best_reward_so_far": 2134.135749809402
}