{
  "sharpness": 1.1969646110643997,
  "gradient_smoothness": 0.0032991724933904513,
  "loss_mean": 0.0,
  "loss_std": 0.0,
  "loss_trend": 6.660136405238039e-12,
  "parameter_norm": 32.02229174889655,
  "lambda_max_10": -12.798480033874512,
  "hessian_trace_10": 334.8863006591797,
  "fim_trace": 1025.3457434289157,
  "step_count": 223,
  "timestamp": 1763766930.2227328,
  "episode_reward": 810.0942189427212,
  "num_steps": 7340032,
  "feature_compute_time_s": 5.688883543014526,
  "train_iter_time_s": 10.634323596954346,
  "init_seed": 200,
  "train_seed": 200,
  "best_reward_so_far": 825.5063438058102
}