{
  "sharpness": 1.5432205652171183,
  "gradient_smoothness": 0.05308408649717583,
  "loss_mean": 0.0,
  "loss_std": 0.0,
  "loss_trend": -1.2205850501797928e-12,
  "parameter_norm": 34.35352446970871,
  "lambda_max_10": -10.981186866760254,
  "hessian_trace_10": 473.615185546875,
  "fim_trace": 3498.657691463828,
  "step_count": 47,
  "timestamp": 1765441547.024489,
  "episode_reward": 1435.737060546875,
  "num_steps": 1572864,
  "feature_compute_time_s": 5.667867422103882,
  "train_iter_time_s": 4.0352373123168945,
  "init_seed": 200,
  "train_seed": 204,
  "best_reward_so_far": 907.1029286228684
}