{
  "sharpness": 1.534611674094943,
  "gradient_smoothness": 0.0070679397175194255,
  "loss_mean": 0.0,
  "loss_std": 0.0,
  "loss_trend": -2.043772808894806e-11,
  "parameter_norm": 27.24631813489568,
  "lambda_max_10": -18.391075134277344,
  "hessian_trace_10": 89.53692665100098,
  "fim_trace": 1321.2177528589964,
  "step_count": 108,
  "timestamp": 1763773402.018334,
  "num_steps": 3571712,
  "feature_compute_time_s": 4.456509590148926,
  "train_iter_time_s": 7.535800457000732,
  "init_seed": 200,
  "train_seed": 202,
  "best_reward_so_far": 895.3878747165311
}