{
  "sharpness": 2.159176841414598,
  "gradient_smoothness": 0.0,
  "loss_mean": 0.0,
  "loss_std": 0.0,
  "loss_trend": 0.0,
  "parameter_norm": 28.87451777049661,
  "lambda_max_10": -49.198219299316406,
  "hessian_trace_10": 281.0327392578125,
  "fim_trace": 3129.216853991151,
  "step_count": 1,
  "timestamp": 1764167766.281057,
  "episode_reward": 1328.9349365234375,
  "num_steps": 65536,
  "feature_compute_time_s": 5.76364541053772,
  "train_iter_time_s": 3.311537742614746,
  "init_seed": 202,
  "train_seed": 200,
  "best_reward_so_far": -Infinity
}