{
  "sharpness": 1.6637348617803849,
  "gradient_smoothness": 0.0,
  "loss_mean": 0.0,
  "loss_std": 0.0,
  "loss_trend": 0.0,
  "parameter_norm": 29.452339749025775,
  "lambda_max_10": -82.32127380371094,
  "hessian_trace_10": 725.894970703125,
  "fim_trace": 6805.669669732451,
  "step_count": 1,
  "timestamp": 1764148268.67834,
  "episode_reward": 1268.406005859375,
  "num_steps": 65536,
  "feature_compute_time_s": 8.072766542434692,
  "train_iter_time_s": 2.904571771621704,
  "init_seed": 200,
  "train_seed": 202,
  "best_reward_so_far": -Infinity
}