{
  "sharpness": 1.3950061263527107,
  "gradient_smoothness": 0.022340715018259173,
  "loss_mean": 0.0,
  "loss_std": 0.0,
  "loss_trend": 3.176499097108389e-11,
  "parameter_norm": 30.501726892696702,
  "lambda_max_10": 9.20828628540039,
  "hessian_trace_10": 477.40647277832034,
  "fim_trace": 846.561673630029,
  "step_count": 139,
  "timestamp": 1763769312.9121692,
  "episode_reward": 1481.462323967316,
  "num_steps": 4587520,
  "feature_compute_time_s": 5.927223443984985,
  "train_iter_time_s": 15.618987798690796,
  "init_seed": 204,
  "train_seed": 200,
  "best_reward_so_far": 1678.446491002773
}