{
  "sharpness": 1.8337685206329226,
  "gradient_smoothness": 0.12241337591140222,
  "loss_mean": 0.0,
  "loss_std": 0.0,
  "loss_trend": -9.026960150574604e-11,
  "parameter_norm": 34.089323074227835,
  "lambda_max_10": -32.98659896850586,
  "hessian_trace_10": 475.76104431152345,
  "fim_trace": 2775.5527499243617,
  "step_count": 48,
  "timestamp": 1765442377.7302322,
  "episode_reward": 531.9395751953125,
  "num_steps": 1605632,
  "feature_compute_time_s": 5.511013031005859,
  "train_iter_time_s": 4.183297872543335,
  "init_seed": 200,
  "train_seed": 207,
  "best_reward_so_far": 707.7285371641436
}