{
  "sharpness": 1.2991451922235304,
  "gradient_smoothness": 0.017984240449703613,
  "loss_mean": 0.0,
  "loss_std": 0.0,
  "loss_trend": 4.899129112853873e-11,
  "parameter_norm": 32.47879325492605,
  "lambda_max_10": -25.926424026489258,
  "hessian_trace_10": 404.93857727050784,
  "fim_trace": 2021.942886609584,
  "step_count": 245,
  "timestamp": 1763765313.130437,
  "episode_reward": 1640.6533028530666,
  "num_steps": 8060928,
  "feature_compute_time_s": 7.8205437660217285,
  "train_iter_time_s": 19.802724838256836,
  "init_seed": 200,
  "train_seed": 205,
  "best_reward_so_far": 1640.6533028530666
}