{
  "sharpness": 0.8384993157302374,
  "gradient_smoothness": 0.029940796510508034,
  "loss_mean": 0.0,
  "loss_std": 0.0,
  "loss_trend": 2.6099258934264904e-11,
  "parameter_norm": 26.010905993133715,
  "lambda_max_10": 7.802923202514648,
  "hessian_trace_10": 58.976019287109374,
  "fim_trace": 360.80904738232493,
  "step_count": 77,
  "timestamp": 1763776859.2795851,
  "num_steps": 2555904,
  "feature_compute_time_s": 4.452455520629883,
  "train_iter_time_s": 7.254371404647827,
  "init_seed": 200,
  "train_seed": 200,
  "best_reward_so_far": 634.3610836345866
}