{
  "sharpness": 1.9453078925846545,
  "gradient_smoothness": 0.06420846027585599,
  "loss_mean": 0.0,
  "loss_std": 0.0,
  "loss_trend": -3.5233381297579994e-11,
  "parameter_norm": 27.439139353297644,
  "lambda_max_10": -18.38507843017578,
  "hessian_trace_10": 57.77728157043457,
  "fim_trace": 1027.4357787966728,
  "step_count": 141,
  "timestamp": 1763779552.1523812,
  "num_steps": 4653056,
  "feature_compute_time_s": 4.71838641166687,
  "train_iter_time_s": 11.299833536148071,
  "init_seed": 202,
  "train_seed": 200,
  "best_reward_so_far": 1146.985201074867
}