{
  "sharpness": 1.4063300336333981,
  "gradient_smoothness": 0.008926011984775344,
  "loss_mean": 0.0,
  "loss_std": 0.0,
  "loss_trend": 2.6867769814448807e-12,
  "parameter_norm": 28.318506677647058,
  "lambda_max_10": 16.889062881469727,
  "hessian_trace_10": 155.98177185058594,
  "fim_trace": 1590.9771324545145,
  "step_count": 137,
  "timestamp": 1763777606.1044827,
  "num_steps": 4521984,
  "feature_compute_time_s": 4.463704347610474,
  "train_iter_time_s": 7.396799564361572,
  "init_seed": 200,
  "train_seed": 200,
  "best_reward_so_far": 1267.6255758734449
}