{
  "sharpness": 2.4796461781519135,
  "gradient_smoothness": 0.015321045625184564,
  "loss_mean": 0.0,
  "loss_std": 0.0,
  "loss_trend": 7.071682091097603e-11,
  "parameter_norm": 29.84482969343427,
  "lambda_max_10": -39.77860641479492,
  "hessian_trace_10": 126.75742979049683,
  "fim_trace": 5206.3102759718895,
  "step_count": 256,
  "timestamp": 1763779095.8749952,
  "num_steps": 8421376,
  "feature_compute_time_s": 4.420555353164673,
  "train_iter_time_s": 7.676880359649658,
  "init_seed": 200,
  "train_seed": 200,
  "best_reward_so_far": 2134.135749809402
}