{
  "sharpness": 0.7088561898588356,
  "gradient_smoothness": 0.018449883796196286,
  "loss_mean": 0.0,
  "loss_std": 0.0,
  "loss_trend": -4.332132355756888e-12,
  "parameter_norm": 23.211268256874323,
  "lambda_max_10": 3.2748193740844727,
  "hessian_trace_10": 27.118015861511232,
  "fim_trace": 112.09657529555261,
  "step_count": 40,
  "timestamp": 1763779479.157331,
  "num_steps": 1343488,
  "feature_compute_time_s": 8.632566690444946,
  "train_iter_time_s": 9.540654182434082,
  "init_seed": 204,
  "train_seed": 200,
  "best_reward_so_far": -62.11290205659722
}