{
  "sharpness": 1.3470501942617612,
  "gradient_smoothness": 0.023855265546343,
  "loss_mean": 0.0,
  "loss_std": 0.0,
  "loss_trend": -2.3902719949271846e-11,
  "parameter_norm": 31.30334196679361,
  "lambda_max_10": -37.68597412109375,
  "hessian_trace_10": 417.9018859863281,
  "fim_trace": 1947.8861209452152,
  "step_count": 182,
  "timestamp": 1763762904.817868,
  "episode_reward": 1305.734785357456,
  "num_steps": 5996544,
  "feature_compute_time_s": 7.584004878997803,
  "train_iter_time_s": 16.704482555389404,
  "init_seed": 200,
  "train_seed": 207,
  "best_reward_so_far": 1460.1042203670097
}