{
  "sharpness": 2.8247881834759947,
  "gradient_smoothness": 0.07723581574199578,
  "loss_mean": 0.0,
  "loss_std": 0.0,
  "loss_trend": 3.4742838916902214e-09,
  "parameter_norm": 31.57358653513658,
  "lambda_max_10": -15.78032112121582,
  "hessian_trace_10": 261.07154083251953,
  "fim_trace": 7338.955215349793,
  "step_count": 4,
  "timestamp": 1764177454.8370252,
  "episode_reward": 1308.07275390625,
  "num_steps": 163840,
  "feature_compute_time_s": 6.792801380157471,
  "train_iter_time_s": 5.147599458694458,
  "init_seed": 200,
  "train_seed": 201,
  "best_reward_so_far": -Infinity
}