{
  "sharpness": 1.2056133015171624,
  "gradient_smoothness": 0.04906716261591302,
  "loss_mean": 0.0,
  "loss_std": 0.0,
  "loss_trend": -2.565040652500893e-11,
  "parameter_norm": 31.641797564709066,
  "lambda_max_10": -20.19837188720703,
  "hessian_trace_10": 415.5996810913086,
  "fim_trace": 1425.8923468329012,
  "step_count": 180,
  "timestamp": 1763770209.2823324,
  "episode_reward": 1685.4739728605728,
  "num_steps": 5931008,
  "feature_compute_time_s": 8.024626970291138,
  "train_iter_time_s": 15.3502197265625,
  "init_seed": 204,
  "train_seed": 200,
  "best_reward_so_far": 1859.4723408091916
}