{
  "sharpness": 0.3418355213152377,
  "gradient_smoothness": 0.06043991055062702,
  "loss_mean": 0.0,
  "loss_std": 0.0,
  "loss_trend": -2.7400896916580125e-12,
  "parameter_norm": 21.77894911677555,
  "lambda_max_10": 1.3166053295135498,
  "hessian_trace_10": 4.879460656642914,
  "fim_trace": 37.58931018598378,
  "step_count": 9,
  "timestamp": 1763759093.37581,
  "episode_reward": 197.15986218065663,
  "num_steps": 327680,
  "feature_compute_time_s": 5.680353879928589,
  "train_iter_time_s": 15.51481580734253,
  "init_seed": 200,
  "train_seed": 207,
  "best_reward_so_far": 197.15986218065663
}