{
  "sharpness": 0.7542867190681851,
  "gradient_smoothness": 0.04352266863730732,
  "loss_mean": 0.0,
  "loss_std": 0.0,
  "loss_trend": -7.985703469365328e-12,
  "parameter_norm": 25.4034273536097,
  "lambda_max_10": 5.954939842224121,
  "hessian_trace_10": 56.62499656677246,
  "fim_trace": 276.47732125222683,
  "step_count": 67,
  "timestamp": 1763776733.4611917,
  "num_steps": 2228224,
  "feature_compute_time_s": 4.4174253940582275,
  "train_iter_time_s": 8.721065044403076,
  "init_seed": 200,
  "train_seed": 200,
  "best_reward_so_far": 634.3610836345866
}