{
  "sharpness": 1.4586551170557203,
  "gradient_smoothness": 0.12051637471937274,
  "loss_mean": 0.0,
  "loss_std": 0.0,
  "loss_trend": 1.0948229843788361e-10,
  "parameter_norm": 34.12735304178064,
  "lambda_max_10": -25.814678192138672,
  "hessian_trace_10": 359.31006011962893,
  "fim_trace": 2458.018860075623,
  "step_count": 47,
  "timestamp": 1765440492.0726233,
  "episode_reward": -32.3032112121582,
  "num_steps": 1572864,
  "feature_compute_time_s": 5.536504745483398,
  "train_iter_time_s": 3.8130857944488525,
  "init_seed": 200,
  "train_seed": 203,
  "best_reward_so_far": 824.0109715499257
}