{
  "sharpness": 1.5018997461555756,
  "gradient_smoothness": 0.07057408886664271,
  "loss_mean": 0.0,
  "loss_std": 0.0,
  "loss_trend": 9.477567721844917e-11,
  "parameter_norm": 34.374055720360886,
  "lambda_max_10": -15.509888648986816,
  "hessian_trace_10": 398.0078430175781,
  "fim_trace": 2476.988505590707,
  "step_count": 47,
  "timestamp": 1765438866.1347013,
  "episode_reward": 1548.265625,
  "num_steps": 1572864,
  "feature_compute_time_s": 10.59227466583252,
  "train_iter_time_s": 3.8387441635131836,
  "init_seed": 200,
  "train_seed": 204,
  "best_reward_so_far": 865.5885331319788
}