{
  "sharpness": 1.213387297515226,
  "gradient_smoothness": 0.15889562536022078,
  "loss_mean": 0.0,
  "loss_std": 0.0,
  "loss_trend": -7.158111136439963e-11,
  "parameter_norm": 34.011879783141794,
  "lambda_max_10": -28.794010162353516,
  "hessian_trace_10": 327.0287551879883,
  "fim_trace": 2567.3566301837564,
  "step_count": 49,
  "timestamp": 1765438682.8816173,
  "episode_reward": 1851.044921875,
  "num_steps": 1638400,
  "feature_compute_time_s": 5.595147132873535,
  "train_iter_time_s": 3.8985753059387207,
  "init_seed": 200,
  "train_seed": 203,
  "best_reward_so_far": 865.9491012605837
}