{
  "sharpness": 1.4840493133311619,
  "gradient_smoothness": 0.01372093582362894,
  "loss_mean": 0.0,
  "loss_std": 0.0,
  "loss_trend": 2.998769624091404e-12,
  "parameter_norm": 28.077234648186458,
  "lambda_max_10": -12.357148170471191,
  "hessian_trace_10": 210.82440948486328,
  "fim_trace": 533.2702383771539,
  "step_count": 91,
  "timestamp": 1763761363.250156,
  "episode_reward": 1183.4442172854078,
  "num_steps": 3014656,
  "feature_compute_time_s": 7.440565586090088,
  "train_iter_time_s": 19.064944744110107,
  "init_seed": 200,
  "train_seed": 201,
  "best_reward_so_far": 1199.4311176756057
}