{
  "sharpness": 1.2800384193132148,
  "gradient_smoothness": 0.020694270995103403,
  "loss_mean": 0.0,
  "loss_std": 0.0,
  "loss_trend": 1.0957493997447187e-09,
  "parameter_norm": 33.34654535534162,
  "lambda_max_10": -28.89190673828125,
  "hessian_trace_10": 404.4175720214844,
  "fim_trace": 1203.0240228138864,
  "step_count": 14,
  "timestamp": 1765440178.1243274,
  "episode_reward": -21.94093132019043,
  "num_steps": 491520,
  "feature_compute_time_s": 5.502882480621338,
  "train_iter_time_s": 4.467449426651001,
  "init_seed": 200,
  "train_seed": 203,
  "best_reward_so_far": 249.9032678062965
}