{
  "sharpness": 1.924757251294676,
  "gradient_smoothness": 0.18599923803614907,
  "loss_mean": 0.0,
  "loss_std": 0.0,
  "loss_trend": 3.0784016272210033e-09,
  "parameter_norm": 33.10805626395564,
  "lambda_max_10": -41.688018798828125,
  "hessian_trace_10": 472.6890380859375,
  "fim_trace": 3367.0172076523304,
  "step_count": 7,
  "timestamp": 1766080477.0923896,
  "episode_reward": 1215.03515625,
  "num_steps": 262144,
  "feature_compute_time_s": 7.066935777664185,
  "train_iter_time_s": 4.399510860443115,
  "init_seed": 200,
  "train_seed": 206,
  "best_reward_so_far": -Infinity
}