{
  "sharpness": 1.9713030283044684,
  "gradient_smoothness": 0.12446626763153601,
  "loss_mean": 0.0,
  "loss_std": 0.0,
  "loss_trend": -5.707681588033763e-09,
  "parameter_norm": 46.24036758328214,
  "lambda_max_10": -66.5780029296875,
  "hessian_trace_10": 986.5068908691406,
  "fim_trace": 15059.407174527645,
  "step_count": 2,
  "timestamp": 1765469356.2379696,
  "episode_reward": 111.72600555419922,
  "num_steps": 98304,
  "feature_compute_time_s": 11.8581383228302,
  "train_iter_time_s": 6.4424498081207275,
  "init_seed": 200,
  "train_seed": 200,
  "best_reward_so_far": 22.118457681246507
}