{
  "sharpness": 1.3334797960065203,
  "gradient_smoothness": 0.029404570821774917,
  "loss_mean": 0.0,
  "loss_std": 0.0,
  "loss_trend": 8.943935059639877e-10,
  "parameter_norm": 33.551076017364686,
  "lambda_max_10": -34.542762756347656,
  "hessian_trace_10": 568.3600311279297,
  "fim_trace": 3261.5175310000777,
  "step_count": 12,
  "timestamp": 1765439065.9717526,
  "episode_reward": -15.21587085723877,
  "num_steps": 425984,
  "feature_compute_time_s": 5.440336227416992,
  "train_iter_time_s": 4.528105974197388,
  "init_seed": 200,
  "train_seed": 206,
  "best_reward_so_far": 185.82007089694724
}