{
  "sharpness": 0.8932645525291996,
  "gradient_smoothness": 0.01735341662512768,
  "loss_mean": 0.0,
  "loss_std": 0.0,
  "loss_trend": -1.0301793965701073e-10,
  "parameter_norm": 24.44432563162222,
  "lambda_max_10": 2.455331325531006,
  "hessian_trace_10": 46.84104595184326,
  "fim_trace": 240.69488038495183,
  "step_count": 61,
  "timestamp": 1763780492.511141,
  "num_steps": 2031616,
  "feature_compute_time_s": 4.653007507324219,
  "train_iter_time_s": 7.457534313201904,
  "init_seed": 206,
  "train_seed": 200,
  "best_reward_so_far": 384.86954196986903
}