{
  "sharpness": 1.2061867770321029,
  "gradient_smoothness": 0.6379489606603392,
  "loss_mean": 0.0,
  "loss_std": 0.0,
  "loss_trend": 5.7236346309486195e-12,
  "parameter_norm": 34.064074728103,
  "lambda_max_10": -47.598228454589844,
  "hessian_trace_10": 614.4943237304688,
  "fim_trace": 4163.733730569482,
  "step_count": 60,
  "timestamp": 1765439718.5469222,
  "episode_reward": 1029.99169921875,
  "num_steps": 1998848,
  "feature_compute_time_s": 5.359812021255493,
  "train_iter_time_s": 4.486937999725342,
  "init_seed": 200,
  "train_seed": 201,
  "best_reward_so_far": 860.5812428050442
}