{
  "sharpness": 1.3592396018282948,
  "gradient_smoothness": 0.016573238629426106,
  "loss_mean": 0.0,
  "loss_std": 0.0,
  "loss_trend": 4.2179099546794645e-11,
  "parameter_norm": 30.595156034905923,
  "lambda_max_10": -23.237457275390625,
  "hessian_trace_10": 255.58320236206055,
  "fim_trace": 936.7145139686763,
  "step_count": 144,
  "timestamp": 1763762353.7631483,
  "episode_reward": 1359.8091039260685,
  "num_steps": 4751360,
  "feature_compute_time_s": 6.605228662490845,
  "train_iter_time_s": 18.160974502563477,
  "init_seed": 200,
  "train_seed": 203,
  "best_reward_so_far": 1701.110142261253
}