{
  "sharpness": 1.2667068738482348,
  "gradient_smoothness": 0.02408860272475593,
  "loss_mean": 0.0,
  "loss_std": 0.0,
  "loss_trend": 5.676169510057464e-11,
  "parameter_norm": 32.16475844556131,
  "lambda_max_10": -17.313264846801758,
  "hessian_trace_10": 401.1011306762695,
  "fim_trace": 1744.8447337336838,
  "step_count": 219,
  "timestamp": 1763772551.2532663,
  "episode_reward": 1374.4628806952028,
  "num_steps": 7208960,
  "feature_compute_time_s": 8.347829103469849,
  "train_iter_time_s": 15.653802394866943,
  "init_seed": 205,
  "train_seed": 200,
  "best_reward_so_far": 1658.3194934058913
}