{
  "sharpness": 11.526149214406857,
  "gradient_smoothness": 0.26399771003984274,
  "loss_mean": 0.0,
  "loss_std": 0.0,
  "loss_trend": 1.192121229161342e-10,
  "parameter_norm": 101.81056330229664,
  "lambda_max_10": 681.6837768554688,
  "hessian_trace_10": 2698.9414794921877,
  "fim_trace": 24270338.829833984,
  "step_count": 11,
  "timestamp": 1764170477.9233162,
  "episode_reward": -568.2380981445312,
  "num_steps": 393216,
  "feature_compute_time_s": 5.196784734725952,
  "train_iter_time_s": 2.7094223499298096,
  "init_seed": 200,
  "train_seed": 203,
  "best_reward_so_far": -Infinity
}