{
  "sharpness": 1.3515538481927234,
  "gradient_smoothness": 0.7615941559557649,
  "loss_mean": 0.0,
  "loss_std": 0.0,
  "loss_trend": 4.949616984677872e-11,
  "parameter_norm": 34.03266324957078,
  "lambda_max_10": -31.04813003540039,
  "hessian_trace_10": 642.3012481689453,
  "fim_trace": 3808.967042837292,
  "step_count": 61,
  "timestamp": 1765438938.5700705,
  "episode_reward": 1023.53564453125,
  "num_steps": 2031616,
  "feature_compute_time_s": 6.227125883102417,
  "train_iter_time_s": 4.666619539260864,
  "init_seed": 200,
  "train_seed": 201,
  "best_reward_so_far": 888.1995668455395
}