{
  "sharpness": 1.258149995537845,
  "gradient_smoothness": 0.022191380628858635,
  "loss_mean": 0.0,
  "loss_std": 0.0,
  "loss_trend": -9.70908089895239e-12,
  "parameter_norm": 30.89582752431718,
  "lambda_max_10": -14.197166442871094,
  "hessian_trace_10": 394.3793029785156,
  "fim_trace": 1420.8859300240874,
  "step_count": 151,
  "timestamp": 1763762542.732732,
  "episode_reward": 1255.151134689059,
  "num_steps": 4980736,
  "feature_compute_time_s": 5.763000249862671,
  "train_iter_time_s": 13.671680212020874,
  "init_seed": 200,
  "train_seed": 202,
  "best_reward_so_far": 1407.3828985638045
}