{
  "sharpness": 1.9333411256111561,
  "gradient_smoothness": 0.026639674516249677,
  "loss_mean": 0.0,
  "loss_std": 0.0,
  "loss_trend": -5.0239685411155796e-11,
  "parameter_norm": 26.944862096081927,
  "lambda_max_10": -13.982210159301758,
  "hessian_trace_10": 161.77259674072266,
  "fim_trace": 810.0465459674597,
  "step_count": 119,
  "timestamp": 1763779149.5335069,
  "num_steps": 3932160,
  "feature_compute_time_s": 6.694272994995117,
  "train_iter_time_s": 11.769403457641602,
  "init_seed": 202,
  "train_seed": 200,
  "best_reward_so_far": 1062.6672268788607
}