{
  "sharpness": 1.381849066339522,
  "gradient_smoothness": 0.06392426162460203,
  "loss_mean": 0.0,
  "loss_std": 0.0,
  "loss_trend": 4.0723167787277254e-11,
  "parameter_norm": 27.640507464197636,
  "lambda_max_10": 8.461830139160156,
  "hessian_trace_10": 118.02543830871582,
  "fim_trace": 246.48360834270716,
  "step_count": 78,
  "timestamp": 1763767206.4145982,
  "episode_reward": 1108.4510864474053,
  "num_steps": 2588672,
  "feature_compute_time_s": 6.255072593688965,
  "train_iter_time_s": 13.14410138130188,
  "init_seed": 201,
  "train_seed": 200,
  "best_reward_so_far": 1163.7124963643184
}