{
  "sharpness": 1.335989425960169,
  "gradient_smoothness": 0.04413116372124525,
  "loss_mean": 0.0,
  "loss_std": 0.0,
  "loss_trend": 1.7814149089073314e-11,
  "parameter_norm": 34.14820149550159,
  "lambda_max_10": -30.63120460510254,
  "hessian_trace_10": 629.631689453125,
  "fim_trace": 3557.4772244766355,
  "step_count": 30,
  "timestamp": 1765443817.309439,
  "episode_reward": -17.587390899658203,
  "num_steps": 1015808,
  "feature_compute_time_s": 6.448777198791504,
  "train_iter_time_s": 5.028746128082275,
  "init_seed": 206,
  "train_seed": 200,
  "best_reward_so_far": 762.4700945207545
}