{
  "sharpness": 2.2845146339792186,
  "gradient_smoothness": 0.0,
  "loss_mean": 0.0,
  "loss_std": 0.0,
  "loss_trend": 0.0,
  "parameter_norm": 40.84450394200908,
  "lambda_max_10": 32.510101318359375,
  "hessian_trace_10": 255.87190704345704,
  "fim_trace": 3123.29457244277,
  "step_count": 1,
  "timestamp": 1766080870.3007488,
  "episode_reward": 515.8692016601562,
  "num_steps": 65536,
  "feature_compute_time_s": 5.266147613525391,
  "train_iter_time_s": 2.9481639862060547,
  "init_seed": 203,
  "train_seed": 200,
  "best_reward_so_far": -Infinity
}