{
  "sharpness": 0.811526421441357,
  "gradient_smoothness": 0.004991143895076995,
  "loss_mean": 0.0,
  "loss_std": 0.0,
  "loss_trend": -1.347511666935667e-10,
  "parameter_norm": 24.13271933458526,
  "lambda_max_10": 4.5018510818481445,
  "hessian_trace_10": 44.484280586242676,
  "fim_trace": 176.8238294199109,
  "step_count": 52,
  "timestamp": 1763779701.3854587,
  "num_steps": 1736704,
  "feature_compute_time_s": 9.360062837600708,
  "train_iter_time_s": 11.277254581451416,
  "init_seed": 204,
  "train_seed": 200,
  "best_reward_so_far": 367.45302269182537
}