{
  "sharpness": 1.2477419046637146,
  "gradient_smoothness": 0.03967876809200023,
  "loss_mean": 0.0,
  "loss_std": 0.0,
  "loss_trend": 1.890125585749022e-11,
  "parameter_norm": 32.399595672515595,
  "lambda_max_10": -14.96704387664795,
  "hessian_trace_10": 262.9006851196289,
  "fim_trace": 1207.2465942762792,
  "step_count": 234,
  "timestamp": 1763765003.5005877,
  "episode_reward": 1447.6884962238396,
  "num_steps": 7700480,
  "feature_compute_time_s": 9.128792762756348,
  "train_iter_time_s": 19.140145540237427,
  "init_seed": 200,
  "train_seed": 205,
  "best_reward_so_far": 1563.3250833027894
}