{
  "sharpness": 2.5624710128049673,
  "gradient_smoothness": 0.09384888567974368,
  "loss_mean": 0.0,
  "loss_std": 0.0,
  "loss_trend": -1.454188814330681e-09,
  "parameter_norm": 29.953044158436708,
  "lambda_max_10": -38.4034423828125,
  "hessian_trace_10": 424.1511962890625,
  "fim_trace": 1988.7079876363277,
  "step_count": 6,
  "timestamp": 1764155240.706733,
  "episode_reward": 1332.48388671875,
  "num_steps": 229376,
  "feature_compute_time_s": 9.761690139770508,
  "train_iter_time_s": 3.6720399856567383,
  "init_seed": 201,
  "train_seed": 200,
  "best_reward_so_far": -Infinity
}