{
  "sharpness": 2.0751286224594128,
  "gradient_smoothness": 0.08733735598209574,
  "loss_mean": 0.0,
  "loss_std": 0.0,
  "loss_trend": 1.5502521605691334e-09,
  "parameter_norm": 44.347093488696,
  "lambda_max_10": -34.4587287902832,
  "hessian_trace_10": 284.3130256652832,
  "fim_trace": 11306.070291042328,
  "step_count": 5,
  "timestamp": 1764177425.7209191,
  "episode_reward": 1123.4039306640625,
  "num_steps": 196608,
  "feature_compute_time_s": 5.664508104324341,
  "train_iter_time_s": 3.1922361850738525,
  "init_seed": 200,
  "train_seed": 200,
  "best_reward_so_far": -Infinity
}