{
  "sharpness": 1.355839017418507,
  "gradient_smoothness": 0.0,
  "parameter_norm": 32.39710027677283,
  "lambda_max_10": -41.885841369628906,
  "hessian_trace_10": 451.569580078125,
  "fim_trace": 2473.1490950211883,
  "step_count": 0,
  "timestamp": 1765438163.6184847,
  "episode_reward": 139.58836364746094,
  "num_steps": 32768,
  "feature_compute_time_s": 10.713101387023926,
  "train_iter_time_s": 5.6247546672821045,
  "init_seed": 200,
  "train_seed": 207,
  "best_reward_so_far": 18.344860793728
}