{
  "sharpness": 1.643204309819949,
  "gradient_smoothness": 0.05431026168855675,
  "loss_mean": 0.0,
  "loss_std": 0.0,
  "loss_trend": 1.8882540383462356e-11,
  "parameter_norm": 29.98497099816942,
  "lambda_max_10": -23.460914611816406,
  "hessian_trace_10": 411.7127258300781,
  "fim_trace": 966.6983103901148,
  "step_count": 127,
  "timestamp": 1763768579.6902843,
  "episode_reward": 1426.9922786343109,
  "num_steps": 4194304,
  "feature_compute_time_s": 11.127410888671875,
  "train_iter_time_s": 17.204679012298584,
  "init_seed": 202,
  "train_seed": 200,
  "best_reward_so_far": 1624.9370135413326
}