{
  "sharpness": 1.0010847409600525,
  "gradient_smoothness": 0.04336194898839342,
  "loss_mean": 0.0,
  "loss_std": 0.0,
  "loss_trend": 3.778144033336589e-11,
  "parameter_norm": 25.356609838869563,
  "lambda_max_10": 3.1997838020324707,
  "hessian_trace_10": 62.577622985839845,
  "fim_trace": 136.38980708271265,
  "step_count": 44,
  "timestamp": 1763764227.2296793,
  "episode_reward": 715.121111838936,
  "num_steps": 1474560,
  "feature_compute_time_s": 4.811486721038818,
  "train_iter_time_s": 10.467273473739624,
  "init_seed": 200,
  "train_seed": 200,
  "best_reward_so_far": 745.3496600509519
}