{
  "sharpness": 1.886478661728257,
  "gradient_smoothness": 0.14375263795530813,
  "loss_mean": 0.0,
  "loss_std": 0.0,
  "loss_trend": 9.574020650493983e-09,
  "parameter_norm": 29.36053354460604,
  "lambda_max_10": 38.58989334106445,
  "hessian_trace_10": 265.5600456237793,
  "fim_trace": 4870.502879276872,
  "step_count": 2,
  "timestamp": 1764168412.540146,
  "episode_reward": 1668.3245849609375,
  "num_steps": 98304,
  "feature_compute_time_s": 4.8605828285217285,
  "train_iter_time_s": 3.7538998126983643,
  "init_seed": 207,
  "train_seed": 200,
  "best_reward_so_far": -Infinity
}