{
  "sharpness": 1.4928933071920745,
  "gradient_smoothness": 0.010873220439363772,
  "loss_mean": 0.0,
  "loss_std": 0.0,
  "loss_trend": 2.211034907409091e-11,
  "parameter_norm": 31.81428986870028,
  "lambda_max_10": -31.665767669677734,
  "hessian_trace_10": 405.37718200683594,
  "fim_trace": 1482.0388392843306,
  "step_count": 216,
  "timestamp": 1763763646.1462336,
  "episode_reward": 1388.0599668023867,
  "num_steps": 7110656,
  "feature_compute_time_s": 7.380667448043823,
  "train_iter_time_s": 13.906499862670898,
  "init_seed": 200,
  "train_seed": 207,
  "best_reward_so_far": 1548.0433036672314
}