{
  "sharpness": 1.605676472893744,
  "gradient_smoothness": 0.7615941559557649,
  "loss_mean": 0.0,
  "loss_std": 0.0,
  "loss_trend": 4.484325593974653e-10,
  "parameter_norm": 30.348124789762842,
  "lambda_max_10": -24.15618896484375,
  "hessian_trace_10": 332.57498321533205,
  "fim_trace": 6755.739003151655,
  "step_count": 15,
  "timestamp": 1764177067.246904,
  "episode_reward": 1435.4541015625,
  "num_steps": 524288,
  "feature_compute_time_s": 5.201750040054321,
  "train_iter_time_s": 2.924816131591797,
  "init_seed": 200,
  "train_seed": 206,
  "best_reward_so_far": 1108.9473841865583
}