{
  "sharpness": 1.6297488921510446,
  "gradient_smoothness": 0.07628250661664787,
  "loss_mean": 0.0,
  "loss_std": 0.0,
  "loss_trend": 3.99730892710992e-11,
  "parameter_norm": 29.51308003071027,
  "lambda_max_10": -17.891056060791016,
  "hessian_trace_10": 255.05720138549805,
  "fim_trace": 3817.39179494977,
  "step_count": 260,
  "timestamp": 1763780039.1970892,
  "num_steps": 8552448,
  "feature_compute_time_s": 8.560849905014038,
  "train_iter_time_s": 13.450081586837769,
  "init_seed": 200,
  "train_seed": 206,
  "best_reward_so_far": 1164.9239018444264
}