{
  "sharpness": 1.747519564932427,
  "gradient_smoothness": 0.26215532743827213,
  "loss_mean": 0.0,
  "loss_std": 0.0,
  "loss_trend": 4.069258725926179e-11,
  "parameter_norm": 26.091169917988825,
  "lambda_max_10": -3.6672539710998535,
  "hessian_trace_10": 96.88751525878907,
  "fim_trace": 688.6131497398019,
  "step_count": 93,
  "timestamp": 1763773480.0493603,
  "episode_reward": 1095.585190306193,
  "num_steps": 3080192,
  "feature_compute_time_s": 5.5117621421813965,
  "train_iter_time_s": 10.76437759399414,
  "init_seed": 200,
  "train_seed": 201,
  "best_reward_so_far": 1095.585190306193
}