{
  "sharpness": 1.3069933920428787,
  "gradient_smoothness": 0.09957723544353743,
  "loss_mean": 0.0,
  "loss_std": 0.0,
  "loss_trend": -8.772201740653731e-11,
  "parameter_norm": 34.33944299721058,
  "lambda_max_10": -23.46063232421875,
  "hessian_trace_10": 336.93394165039064,
  "fim_trace": 1694.5343501120806,
  "step_count": 42,
  "timestamp": 1765440513.7045975,
  "episode_reward": 737.2893676757812,
  "num_steps": 1409024,
  "feature_compute_time_s": 5.44624924659729,
  "train_iter_time_s": 5.607412338256836,
  "init_seed": 200,
  "train_seed": 205,
  "best_reward_so_far": 875.4226219840219
}