{
  "sharpness": 3.9477222194293744,
  "gradient_smoothness": 0.20518625988682293,
  "loss_mean": 0.0,
  "loss_std": 0.0,
  "loss_trend": 5.103898805116488e-10,
  "parameter_norm": 33.20271125707238,
  "lambda_max_10": -50.221107482910156,
  "hessian_trace_10": 516.2239227294922,
  "fim_trace": 2165.5518038123846,
  "step_count": 10,
  "timestamp": 1766082853.0710676,
  "episode_reward": 1346.7532958984375,
  "num_steps": 360448,
  "feature_compute_time_s": 5.265663146972656,
  "train_iter_time_s": 2.66858172416687,
  "init_seed": 201,
  "train_seed": 200,
  "best_reward_so_far": -Infinity
}