{
  "sharpness": 2.54596920473598,
  "gradient_smoothness": 0.46187520742192034,
  "loss_mean": 0.0,
  "loss_std": 0.0,
  "loss_trend": -5.431803523596198e-11,
  "parameter_norm": 45.70358746092221,
  "lambda_max_10": -10.962173461914062,
  "hessian_trace_10": 2755.44267578125,
  "fim_trace": 45762.28771445155,
  "step_count": 13,
  "timestamp": 1765469233.7391703,
  "episode_reward": 131.10836791992188,
  "num_steps": 458752,
  "feature_compute_time_s": 6.511875152587891,
  "train_iter_time_s": 6.119919776916504,
  "init_seed": 200,
  "train_seed": 207,
  "best_reward_so_far": 186.61513864323967
}