{
  "sharpness": 4.993438384592242,
  "gradient_smoothness": 0.10730353243580072,
  "loss_mean": 0.0,
  "loss_std": 0.0,
  "loss_trend": 2.829131047545454e-09,
  "parameter_norm": 43.76747054059259,
  "lambda_max_10": -55.42523956298828,
  "hessian_trace_10": 132.87834548950195,
  "fim_trace": 5889.552601456642,
  "step_count": 3,
  "timestamp": 1764178186.1822698,
  "episode_reward": 1325.719970703125,
  "num_steps": 131072,
  "feature_compute_time_s": 5.265468597412109,
  "train_iter_time_s": 2.6188652515411377,
  "init_seed": 205,
  "train_seed": 200,
  "best_reward_so_far": -Infinity
}