{
  "sharpness": 1.453468582730691,
  "gradient_smoothness": 0.1570861847358928,
  "loss_mean": 0.0,
  "loss_std": 0.0,
  "loss_trend": -1.6399609792951843e-10,
  "parameter_norm": 34.32754753703099,
  "lambda_max_10": -36.23492431640625,
  "hessian_trace_10": 451.8979156494141,
  "fim_trace": 3070.1930218823254,
  "step_count": 53,
  "timestamp": 1765444125.787367,
  "episode_reward": -14.932674407958984,
  "num_steps": 1769472,
  "feature_compute_time_s": 5.536583662033081,
  "train_iter_time_s": 4.313872814178467,
  "init_seed": 202,
  "train_seed": 200,
  "best_reward_so_far": 1048.4679115600484
}