{
  "sharpness": 0.588350814125075,
  "gradient_smoothness": 0.036330816767454255,
  "loss_mean": 0.0,
  "loss_std": 0.0,
  "loss_trend": 2.3183424494008646e-10,
  "parameter_norm": 23.687284731970042,
  "lambda_max_10": 1.8533384799957275,
  "hessian_trace_10": 21.95240308046341,
  "fim_trace": 64.49370497837663,
  "step_count": 29,
  "timestamp": 1763759635.0846343,
  "episode_reward": 304.27491650835697,
  "num_steps": 983040,
  "feature_compute_time_s": 9.62627124786377,
  "train_iter_time_s": 16.627809286117554,
  "init_seed": 200,
  "train_seed": 204,
  "best_reward_so_far": 324.6846155512686
}