{
  "sharpness": 1.4925750572848615,
  "gradient_smoothness": 0.3390609011127743,
  "loss_mean": 0.0,
  "loss_std": 0.0,
  "loss_trend": -9.057805340611579e-11,
  "parameter_norm": 34.962984859153046,
  "lambda_max_10": -42.21202087402344,
  "hessian_trace_10": 621.2191558837891,
  "fim_trace": 3981.325368337333,
  "step_count": 12,
  "timestamp": 1765469118.646487,
  "episode_reward": 202.0963897705078,
  "num_steps": 425984,
  "feature_compute_time_s": 5.367649793624878,
  "train_iter_time_s": 6.913818120956421,
  "init_seed": 200,
  "train_seed": 205,
  "best_reward_so_far": 179.97622604867274
}