{
  "sharpness": 1.1622099710829141,
  "gradient_smoothness": 0.042447433000669804,
  "loss_mean": 0.0,
  "loss_std": 0.0,
  "loss_trend": 5.411262131912649e-09,
  "parameter_norm": 33.08963341709376,
  "lambda_max_10": -30.773527145385742,
  "hessian_trace_10": 574.6485656738281,
  "fim_trace": 3080.024815212935,
  "step_count": 4,
  "timestamp": 1765468535.925305,
  "episode_reward": 108.90139770507812,
  "num_steps": 163840,
  "feature_compute_time_s": 5.685887098312378,
  "train_iter_time_s": 6.278814792633057,
  "init_seed": 200,
  "train_seed": 202,
  "best_reward_so_far": 87.28937026609219
}