{
  "sharpness": 1.193418983836108,
  "gradient_smoothness": 0.002735608115311967,
  "loss_mean": 0.0,
  "loss_std": 0.0,
  "loss_trend": 4.7120120505546217e-11,
  "parameter_norm": 32.363536458440976,
  "lambda_max_10": -21.886638641357422,
  "hessian_trace_10": 453.7067626953125,
  "fim_trace": 2824.474034992978,
  "step_count": 234,
  "timestamp": 1763764572.47651,
  "episode_reward": 1307.4329364207963,
  "num_steps": 7700480,
  "feature_compute_time_s": 7.800553560256958,
  "train_iter_time_s": 16.883262395858765,
  "init_seed": 200,
  "train_seed": 202,
  "best_reward_so_far": 1478.7569193074428
}