{
  "sharpness": 1.4515912809965879,
  "gradient_smoothness": 0.069191754381607,
  "loss_mean": 0.0,
  "loss_std": 0.0,
  "loss_trend": 4.886864414021654e-11,
  "parameter_norm": 29.182237754617873,
  "lambda_max_10": -10.460503578186035,
  "hessian_trace_10": 255.73649139404296,
  "fim_trace": 3213.607267744839,
  "step_count": 199,
  "timestamp": 1763778796.201209,
  "num_steps": 6553600,
  "feature_compute_time_s": 5.697020053863525,
  "train_iter_time_s": 10.256756782531738,
  "init_seed": 200,
  "train_seed": 206,
  "best_reward_so_far": 1100.6991600558704
}