{
  "sharpness": 1.8897805102927208,
  "gradient_smoothness": 0.0076825744666843354,
  "loss_mean": 0.0,
  "loss_std": 0.0,
  "loss_trend": -1.2804744399212883e-11,
  "parameter_norm": 27.36069013287374,
  "lambda_max_10": -27.236234664916992,
  "hessian_trace_10": 162.40360584259034,
  "fim_trace": 1700.8216679617763,
  "step_count": 118,
  "timestamp": 1763775269.185149,
  "num_steps": 3899392,
  "feature_compute_time_s": 6.013070344924927,
  "train_iter_time_s": 12.224435091018677,
  "init_seed": 200,
  "train_seed": 204,
  "best_reward_so_far": 996.0047688226932
}