{
  "sharpness": 1.2760141421909539,
  "gradient_smoothness": 0.5884399170121166,
  "loss_mean": 0.0,
  "loss_std": 0.0,
  "loss_trend": -3.1912739860076476e-10,
  "parameter_norm": 33.34080485289922,
  "lambda_max_10": -14.978845596313477,
  "hessian_trace_10": 332.84984588623047,
  "fim_trace": 1201.5784632191062,
  "step_count": 14,
  "timestamp": 1765469432.2330563,
  "episode_reward": -23.95467185974121,
  "num_steps": 491520,
  "feature_compute_time_s": 6.153211355209351,
  "train_iter_time_s": 3.964869976043701,
  "init_seed": 206,
  "train_seed": 200,
  "best_reward_so_far": 247.3476487897133
}