{
  "sharpness": 1.9360723525106736,
  "gradient_smoothness": 0.2284692848960752,
  "loss_mean": 0.0,
  "loss_std": 0.0,
  "loss_trend": -2.4951990374018405e-12,
  "parameter_norm": 29.15269766365135,
  "lambda_max_10": -6.463718891143799,
  "hessian_trace_10": 49.02040824890137,
  "fim_trace": 2082.675207912922,
  "step_count": 298,
  "timestamp": 1763780906.5455208,
  "num_steps": 9797632,
  "feature_compute_time_s": 5.935845375061035,
  "train_iter_time_s": 11.555402755737305,
  "init_seed": 200,
  "train_seed": 207,
  "best_reward_so_far": 2701.502616844063
}