{
  "sharpness": 1.2922493151658474,
  "gradient_smoothness": 0.10348014768713061,
  "loss_mean": 0.0,
  "loss_std": 0.0,
  "loss_trend": 2.2376683123208065e-09,
  "parameter_norm": 33.12982312812021,
  "lambda_max_10": -39.09028625488281,
  "hessian_trace_10": 603.0352478027344,
  "fim_trace": 3178.205143637955,
  "step_count": 4,
  "timestamp": 1765439744.4167166,
  "episode_reward": 26.02039337158203,
  "num_steps": 163840,
  "feature_compute_time_s": 8.965590476989746,
  "train_iter_time_s": 4.77153754234314,
  "init_seed": 200,
  "train_seed": 206,
  "best_reward_so_far": 84.64465702583155
}