{
  "sharpness": 1.0560303946956149,
  "gradient_smoothness": 0.008352092426340314,
  "loss_mean": 0.0,
  "loss_std": 0.0,
  "loss_trend": -9.197407702844426e-12,
  "parameter_norm": 24.709264431962623,
  "lambda_max_10": 4.42086124420166,
  "hessian_trace_10": 36.15995984077453,
  "fim_trace": 273.9058546349406,
  "step_count": 66,
  "timestamp": 1763780553.6539881,
  "num_steps": 2195456,
  "feature_compute_time_s": 4.583438158035278,
  "train_iter_time_s": 7.1070005893707275,
  "init_seed": 206,
  "train_seed": 200,
  "best_reward_so_far": 626.9817619607213
}