{
  "sharpness": 1.4544610031646645,
  "gradient_smoothness": 0.011488553798897558,
  "loss_mean": 0.0,
  "loss_std": 0.0,
  "loss_trend": 6.099783813155234e-11,
  "parameter_norm": 29.317236923052796,
  "lambda_max_10": -13.028508186340332,
  "hessian_trace_10": 330.03742065429685,
  "fim_trace": 705.3922720886767,
  "step_count": 106,
  "timestamp": 1763761568.385809,
  "episode_reward": 906.9498524912667,
  "num_steps": 3506176,
  "feature_compute_time_s": 9.337320327758789,
  "train_iter_time_s": 17.513795137405396,
  "init_seed": 200,
  "train_seed": 205,
  "best_reward_so_far": 1089.4988569723243
}