{
  "sharpness": 1.2382280703716368,
  "gradient_smoothness": 0.1730180397039785,
  "loss_mean": 0.0,
  "loss_std": 0.0,
  "loss_trend": 2.983336194638399e-09,
  "parameter_norm": 33.42751191605061,
  "lambda_max_10": -32.271854400634766,
  "hessian_trace_10": 589.8199157714844,
  "fim_trace": 1928.2150733545423,
  "step_count": 6,
  "timestamp": 1765469514.131106,
  "episode_reward": -17.640987396240234,
  "num_steps": 229376,
  "feature_compute_time_s": 5.363396644592285,
  "train_iter_time_s": 3.9456546306610107,
  "init_seed": 206,
  "train_seed": 200,
  "best_reward_so_far": 38.30245369832868
}