{
  "sharpness": 1.161167211326575,
  "gradient_smoothness": 0.032864980415818174,
  "loss_mean": 0.0,
  "loss_std": 0.0,
  "loss_trend": -4.027271895658823e-11,
  "parameter_norm": 32.620749070112964,
  "lambda_max_10": -37.288002014160156,
  "hessian_trace_10": 706.1087219238282,
  "fim_trace": 4548.828202016652,
  "step_count": 294,
  "timestamp": 1763774690.5028367,
  "episode_reward": 2072.340905032127,
  "num_steps": 9666560,
  "feature_compute_time_s": 5.402768611907959,
  "train_iter_time_s": 18.913053512573242,
  "init_seed": 206,
  "train_seed": 200,
  "best_reward_so_far": 2480.766889862096
}