{
  "sharpness": 1.2424996642979804,
  "gradient_smoothness": 0.0048563682885020935,
  "loss_mean": 0.0,
  "loss_std": 0.0,
  "loss_trend": -1.0339153073714451e-11,
  "parameter_norm": 32.42675092076068,
  "lambda_max_10": -21.598499298095703,
  "hessian_trace_10": 379.90135498046874,
  "fim_trace": 1646.6005735881627,
  "step_count": 270,
  "timestamp": 1763773890.473884,
  "episode_reward": 1570.5420585479976,
  "num_steps": 8880128,
  "feature_compute_time_s": 7.297487020492554,
  "train_iter_time_s": 17.320202827453613,
  "init_seed": 205,
  "train_seed": 200,
  "best_reward_so_far": 1687.4804612057496
}