{
  "sharpness": 2.6169583422578233,
  "gradient_smoothness": 0.10022586382292376,
  "loss_mean": 0.0,
  "loss_std": 0.0,
  "loss_trend": -6.486231880860227e-10,
  "parameter_norm": 43.56959335766878,
  "lambda_max_10": 33.53995895385742,
  "hessian_trace_10": 260.10838470458987,
  "fim_trace": 2904.7297405302525,
  "step_count": 7,
  "timestamp": 1764178225.278347,
  "episode_reward": 2972.282470703125,
  "num_steps": 262144,
  "feature_compute_time_s": 5.605468511581421,
  "train_iter_time_s": 2.8238353729248047,
  "init_seed": 204,
  "train_seed": 200,
  "best_reward_so_far": -Infinity
}