{
  "sharpness": 3.069989610550153,
  "gradient_smoothness": 0.14279486921453213,
  "loss_mean": 0.0,
  "loss_std": 0.0,
  "loss_trend": -1.0669564554377943e-09,
  "parameter_norm": 30.005469010833266,
  "lambda_max_10": -37.913330078125,
  "hessian_trace_10": 402.24456176757815,
  "fim_trace": 1615.2734984457493,
  "step_count": 8,
  "timestamp": 1764155271.379042,
  "episode_reward": 1302.485107421875,
  "num_steps": 294912,
  "feature_compute_time_s": 6.496089935302734,
  "train_iter_time_s": 4.96691370010376,
  "init_seed": 201,
  "train_seed": 200,
  "best_reward_so_far": -Infinity
}