{
  "sharpness": 2.6119999900297866,
  "gradient_smoothness": 0.06634817512415125,
  "loss_mean": 0.0,
  "loss_std": 0.0,
  "loss_trend": 8.235678960873431e-10,
  "parameter_norm": 44.357529851366884,
  "lambda_max_10": -44.875282287597656,
  "hessian_trace_10": 301.0334136962891,
  "fim_trace": 9794.418542861938,
  "step_count": 8,
  "timestamp": 1764177453.6164412,
  "episode_reward": 1327.6734619140625,
  "num_steps": 294912,
  "feature_compute_time_s": 5.259634256362915,
  "train_iter_time_s": 2.6304731369018555,
  "init_seed": 200,
  "train_seed": 200,
  "best_reward_so_far": -Infinity
}