{
  "sharpness": 1.2050732338080696,
  "gradient_smoothness": 0.07465954947170143,
  "loss_mean": 0.0,
  "loss_std": 0.0,
  "loss_trend": 1.0385208102481098e-11,
  "parameter_norm": 31.873457494170356,
  "lambda_max_10": -21.16514778137207,
  "hessian_trace_10": 488.03009338378905,
  "fim_trace": 1630.3683903291821,
  "step_count": 193,
  "timestamp": 1763770498.7709305,
  "episode_reward": 1729.6656796571758,
  "num_steps": 6356992,
  "feature_compute_time_s": 7.208365440368652,
  "train_iter_time_s": 17.070924758911133,
  "init_seed": 204,
  "train_seed": 200,
  "best_reward_so_far": 1974.960899126207
}