{
  "sharpness": 1.6944671864374148,
  "gradient_smoothness": 0.12108626323527555,
  "loss_mean": 0.0,
  "loss_std": 0.0,
  "loss_trend": 1.6828805890757188e-11,
  "parameter_norm": 29.116315694182358,
  "lambda_max_10": -38.49671173095703,
  "hessian_trace_10": 253.9563953399658,
  "fim_trace": 4516.411815345287,
  "step_count": 271,
  "timestamp": 1763776459.1653056,
  "num_steps": 8912896,
  "feature_compute_time_s": 9.343933820724487,
  "train_iter_time_s": 9.645871639251709,
  "init_seed": 200,
  "train_seed": 201,
  "best_reward_so_far": 1493.8437520621728
}