{
  "sharpness": 1.6989422813373136,
  "gradient_smoothness": 0.07254705110071681,
  "loss_mean": 0.0,
  "loss_std": 0.0,
  "loss_trend": 1.504317133389615e-11,
  "parameter_norm": 29.046802658337683,
  "lambda_max_10": -38.482059478759766,
  "hessian_trace_10": 254.420458984375,
  "fim_trace": 4694.8826170265675,
  "step_count": 245,
  "timestamp": 1763776021.0732267,
  "num_steps": 8060928,
  "feature_compute_time_s": 4.958142518997192,
  "train_iter_time_s": 9.90413522720337,
  "init_seed": 200,
  "train_seed": 201,
  "best_reward_so_far": 1493.1280554831606
}