{
  "sharpness": 0.8526443402741684,
  "gradient_smoothness": 0.0485994187926557,
  "loss_mean": 0.0,
  "loss_std": 0.0,
  "loss_trend": 1.0040792496475429e-10,
  "parameter_norm": 26.135615680305925,
  "lambda_max_10": 1.9588983058929443,
  "hessian_trace_10": 29.96309099197388,
  "fim_trace": 139.2947624847293,
  "step_count": 55,
  "timestamp": 1763768269.8004115,
  "episode_reward": 732.2441793822156,
  "num_steps": 1835008,
  "feature_compute_time_s": 10.888319492340088,
  "train_iter_time_s": 18.68261981010437,
  "init_seed": 205,
  "train_seed": 200,
  "best_reward_so_far": 735.524048169548
}