{
  "sharpness": 1.7155528483343132,
  "gradient_smoothness": 0.0,
  "loss_mean": 0.0,
  "loss_std": 0.0,
  "loss_trend": 0.0,
  "parameter_norm": 29.983461803083372,
  "lambda_max_10": -153.4888916015625,
  "hessian_trace_10": 1438.5047180175782,
  "fim_trace": 13970.165005803108,
  "step_count": 1,
  "timestamp": 1764169240.2583897,
  "episode_reward": 1283.8170166015625,
  "num_steps": 65536,
  "feature_compute_time_s": 5.33994197845459,
  "train_iter_time_s": 3.6928369998931885,
  "init_seed": 200,
  "train_seed": 205,
  "best_reward_so_far": -Infinity
}