{
  "sharpness": 2.0075444652912307,
  "gradient_smoothness": 0.28472275028675836,
  "loss_mean": 0.0,
  "loss_std": 0.0,
  "loss_trend": 5.628480039001241e-09,
  "parameter_norm": 33.11012188888414,
  "lambda_max_10": -32.28734588623047,
  "hessian_trace_10": 424.7753662109375,
  "fim_trace": 1963.1570400297642,
  "step_count": 3,
  "timestamp": 1766082799.8910792,
  "episode_reward": 738.1173095703125,
  "num_steps": 131072,
  "feature_compute_time_s": 5.6813836097717285,
  "train_iter_time_s": 4.0260913372039795,
  "init_seed": 201,
  "train_seed": 200,
  "best_reward_so_far": -Infinity
}