{
  "sharpness": 1.185772288789396,
  "gradient_smoothness": 0.20912293667110862,
  "loss_mean": 0.0,
  "loss_std": 0.0,
  "loss_trend": -4.340817992265772e-12,
  "parameter_norm": 34.3933810902506,
  "lambda_max_10": -30.915122985839844,
  "hessian_trace_10": 552.4335479736328,
  "fim_trace": 2367.558574780822,
  "step_count": 55,
  "timestamp": 1765442711.4824855,
  "episode_reward": -10.41069507598877,
  "num_steps": 1835008,
  "feature_compute_time_s": 6.546435117721558,
  "train_iter_time_s": 5.264564275741577,
  "init_seed": 206,
  "train_seed": 200,
  "best_reward_so_far": 923.2553545437563
}