{
  "sharpness": 1.1351161022328153,
  "gradient_smoothness": 0.0,
  "parameter_norm": 32.751147920807675,
  "lambda_max_10": -34.97917175292969,
  "hessian_trace_10": 516.1146102905274,
  "fim_trace": 4379.013332661241,
  "step_count": 0,
  "timestamp": 1765439445.2451801,
  "episode_reward": 134.5849151611328,
  "num_steps": 32768,
  "feature_compute_time_s": 5.4821457862854,
  "train_iter_time_s": 3.8329973220825195,
  "init_seed": 200,
  "train_seed": 202,
  "best_reward_so_far": 34.61100948713804
}