{
  "sharpness": 1.087434800078054,
  "gradient_smoothness": 0.050070757402381545,
  "loss_mean": 0.0,
  "loss_std": 0.0,
  "loss_trend": 2.144495873568713e-10,
  "parameter_norm": 24.06884180204873,
  "lambda_max_10": -0.15269872546195984,
  "hessian_trace_10": 54.78069076538086,
  "fim_trace": 234.19600282981992,
  "step_count": 49,
  "timestamp": 1763774074.3401105,
  "num_steps": 1638400,
  "feature_compute_time_s": 5.184919595718384,
  "train_iter_time_s": 11.14246678352356,
  "init_seed": 200,
  "train_seed": 205,
  "best_reward_so_far": 292.7856585693515
}