{
  "sharpness": 3.6056169192539143,
  "gradient_smoothness": 0.7615941559557649,
  "loss_mean": 0.0,
  "loss_std": 0.0,
  "loss_trend": -2.7062106456847715e-11,
  "parameter_norm": 52.53647460554282,
  "lambda_max_10": -116.91349029541016,
  "hessian_trace_10": 52.07758979797363,
  "fim_trace": 71573.50413370132,
  "step_count": 15,
  "timestamp": 1766080823.0404656,
  "episode_reward": 197.0086212158203,
  "num_steps": 524288,
  "feature_compute_time_s": 6.7521653175354,
  "train_iter_time_s": 5.291064977645874,
  "init_seed": 200,
  "train_seed": 206,
  "best_reward_so_far": -68.54312289579889
}