{
  "sharpness": 1.3819216158083403,
  "gradient_smoothness": 0.009905331884878679,
  "loss_mean": 0.0,
  "loss_std": 0.0,
  "loss_trend": -2.248823949330973e-11,
  "parameter_norm": 29.900946508569888,
  "lambda_max_10": 8.1248197555542,
  "hessian_trace_10": 223.4111328125,
  "fim_trace": 874.2986729964614,
  "step_count": 133,
  "timestamp": 1763762535.8572028,
  "episode_reward": 1084.7187082333967,
  "num_steps": 4390912,
  "feature_compute_time_s": 8.987428903579712,
  "train_iter_time_s": 20.129862785339355,
  "init_seed": 200,
  "train_seed": 201,
  "best_reward_so_far": 1199.4311176756057
}