{
  "sharpness": 1.2151092056487742,
  "gradient_smoothness": 0.023108427512475875,
  "loss_mean": 0.0,
  "loss_std": 0.0,
  "loss_trend": -2.3403623944646656e-10,
  "parameter_norm": 33.41585367812138,
  "lambda_max_10": -19.83071517944336,
  "hessian_trace_10": 451.59189758300784,
  "fim_trace": 988.0433290675282,
  "step_count": 15,
  "timestamp": 1765442245.1215694,
  "episode_reward": 571.6771240234375,
  "num_steps": 524288,
  "feature_compute_time_s": 10.334789514541626,
  "train_iter_time_s": 3.95845365524292,
  "init_seed": 200,
  "train_seed": 200,
  "best_reward_so_far": 396.0790842585411
}