{
  "sharpness": 1.30209710422284,
  "gradient_smoothness": 0.018087035809455903,
  "loss_mean": 0.0,
  "loss_std": 0.0,
  "loss_trend": -2.601454735493558e-10,
  "parameter_norm": 33.92072415425959,
  "lambda_max_10": -22.821517944335938,
  "hessian_trace_10": 328.44468078613284,
  "fim_trace": 1885.4660199694335,
  "step_count": 38,
  "timestamp": 1765446117.6052628,
  "episode_reward": 1125.094970703125,
  "num_steps": 1277952,
  "feature_compute_time_s": 5.4241204261779785,
  "train_iter_time_s": 4.447353839874268,
  "init_seed": 205,
  "train_seed": 200,
  "best_reward_so_far": 568.1853950636909
}