{
  "sharpness": 1.3522484136660287,
  "gradient_smoothness": 0.0064958474695333305,
  "loss_mean": 0.0,
  "loss_std": 0.0,
  "loss_trend": -3.956196795363359e-11,
  "parameter_norm": 27.5378868093141,
  "lambda_max_10": -6.834559917449951,
  "hessian_trace_10": 106.78720588684082,
  "fim_trace": 294.3150680549443,
  "step_count": 80,
  "timestamp": 1763761071.0482435,
  "episode_reward": 1199.4311176756057,
  "num_steps": 2654208,
  "feature_compute_time_s": 6.63212513923645,
  "train_iter_time_s": 19.01965856552124,
  "init_seed": 200,
  "train_seed": 201,
  "best_reward_so_far": 1199.4311176756057
}