{
  "sharpness": 2.0519426633218156,
  "gradient_smoothness": 0.253475951900372,
  "loss_mean": 0.0,
  "loss_std": 0.0,
  "loss_trend": 7.810141089518108e-09,
  "parameter_norm": 33.019318647100405,
  "lambda_max_10": -46.55466079711914,
  "hessian_trace_10": 394.40305786132814,
  "fim_trace": 3291.751906633377,
  "step_count": 2,
  "timestamp": 1766080405.42808,
  "episode_reward": 1129.1771240234375,
  "num_steps": 98304,
  "feature_compute_time_s": 8.017013549804688,
  "train_iter_time_s": 6.421252727508545,
  "init_seed": 200,
  "train_seed": 206,
  "best_reward_so_far": -Infinity
}