{
  "sharpness": 1.7570490218190926,
  "gradient_smoothness": 0.5375046560056858,
  "loss_mean": 0.0,
  "loss_std": 0.0,
  "loss_trend": -4.904454728486287e-12,
  "parameter_norm": 29.204939344801026,
  "lambda_max_10": -66.45928192138672,
  "hessian_trace_10": 551.9865859985351,
  "fim_trace": 6327.571133747697,
  "step_count": 265,
  "timestamp": 1763778273.9694576,
  "episode_reward": 1174.414130566628,
  "num_steps": 8716288,
  "feature_compute_time_s": 7.780118465423584,
  "train_iter_time_s": 13.210914850234985,
  "init_seed": 200,
  "train_seed": 204,
  "best_reward_so_far": 1174.414130566628
}