{
  "sharpness": 1.333594041896096,
  "gradient_smoothness": 0.06730968894276008,
  "loss_mean": 0.0,
  "loss_std": 0.0,
  "loss_trend": 3.7806705762496227e-10,
  "parameter_norm": 33.90266021239642,
  "lambda_max_10": -17.35783576965332,
  "hessian_trace_10": 251.47903900146486,
  "fim_trace": 1893.6669657677412,
  "step_count": 17,
  "timestamp": 1765441457.4868467,
  "episode_reward": -8.54891586303711,
  "num_steps": 589824,
  "feature_compute_time_s": 5.475792646408081,
  "train_iter_time_s": 4.057325839996338,
  "init_seed": 201,
  "train_seed": 200,
  "best_reward_so_far": 672.7175284363472
}