{
  "sharpness": 1.655355581126583,
  "gradient_smoothness": 0.180014985119146,
  "loss_mean": 0.0,
  "loss_std": 0.0,
  "loss_trend": -5.666073161203091e-12,
  "parameter_norm": 28.92023421131384,
  "lambda_max_10": -35.00764465332031,
  "hessian_trace_10": 192.48104877471923,
  "fim_trace": 5675.736971244216,
  "step_count": 222,
  "timestamp": 1763775625.3412275,
  "num_steps": 7307264,
  "feature_compute_time_s": 6.741029977798462,
  "train_iter_time_s": 10.503592252731323,
  "init_seed": 200,
  "train_seed": 201,
  "best_reward_so_far": 1475.7750784215327
}