{
  "sharpness": 1.2350682546462661,
  "gradient_smoothness": 0.05600900218684325,
  "loss_mean": 0.0,
  "loss_std": 0.0,
  "loss_trend": 8.631319551191963e-11,
  "parameter_norm": 34.09100994603392,
  "lambda_max_10": -16.833810806274414,
  "hessian_trace_10": 465.3634918212891,
  "fim_trace": 1441.6121472641826,
  "step_count": 44,
  "timestamp": 1765441732.3168516,
  "episode_reward": 1027.136474609375,
  "num_steps": 1474560,
  "feature_compute_time_s": 10.58719778060913,
  "train_iter_time_s": 7.590859889984131,
  "init_seed": 200,
  "train_seed": 200,
  "best_reward_so_far": 745.4058512150297
}