{
  "sharpness": 1.2267518367268102,
  "gradient_smoothness": 0.09317080595312169,
  "loss_mean": 0.0,
  "loss_std": 0.0,
  "loss_trend": 3.862532164220353e-09,
  "parameter_norm": 32.71309245830621,
  "lambda_max_10": -31.676694869995117,
  "hessian_trace_10": 458.63812561035155,
  "fim_trace": 2189.389607012272,
  "step_count": 3,
  "timestamp": 1765441338.8198566,
  "episode_reward": 11.235913276672363,
  "num_steps": 131072,
  "feature_compute_time_s": 6.4877331256866455,
  "train_iter_time_s": 5.825638055801392,
  "init_seed": 200,
  "train_seed": 201,
  "best_reward_so_far": 70.06323168215812
}