{
  "sharpness": 2.133117086813772,
  "gradient_smoothness": 0.2915027393971004,
  "loss_mean": 0.0,
  "loss_std": 0.0,
  "loss_trend": 1.5944856809423412e-08,
  "parameter_norm": 29.07112341919381,
  "lambda_max_10": -25.25786781311035,
  "hessian_trace_10": 39.3743200302124,
  "fim_trace": 1906.4689622968435,
  "step_count": 2,
  "timestamp": 1764168077.9997058,
  "episode_reward": 435.90765380859375,
  "num_steps": 98304,
  "feature_compute_time_s": 4.918198585510254,
  "train_iter_time_s": 5.058693885803223,
  "init_seed": 204,
  "train_seed": 200,
  "best_reward_so_far": -Infinity
}