{
  "sharpness": 2.5285349918662527,
  "gradient_smoothness": 0.08967019734443112,
  "loss_mean": 0.0,
  "loss_std": 0.0,
  "loss_trend": -1.390688866682427e-08,
  "parameter_norm": 29.380220866393138,
  "lambda_max_10": -59.886474609375,
  "hessian_trace_10": 155.76146965026857,
  "fim_trace": 4117.1560398340225,
  "step_count": 3,
  "timestamp": 1764161542.4752126,
  "episode_reward": 1683.3892822265625,
  "num_steps": 131072,
  "feature_compute_time_s": 8.832128047943115,
  "train_iter_time_s": 2.9370429515838623,
  "init_seed": 207,
  "train_seed": 200,
  "best_reward_so_far": -Infinity
}