{
  "sharpness": 1.1173704848613129,
  "gradient_smoothness": 0.07981275480302508,
  "loss_mean": 0.0,
  "loss_std": 0.0,
  "loss_trend": 8.529606494220025e-11,
  "parameter_norm": 34.08714967764681,
  "lambda_max_10": -13.5867338180542,
  "hessian_trace_10": 354.6241790771484,
  "fim_trace": 1223.7737079784274,
  "step_count": 41,
  "timestamp": 1765443007.7217324,
  "episode_reward": -55.88020706176758,
  "num_steps": 1376256,
  "feature_compute_time_s": 5.595651388168335,
  "train_iter_time_s": 3.971564292907715,
  "init_seed": 204,
  "train_seed": 200,
  "best_reward_so_far": 832.5236588122448
}