{
  "sharpness": 1.520716199739282,
  "gradient_smoothness": 0.01783011431413328,
  "loss_mean": 0.0,
  "loss_std": 0.0,
  "loss_trend": -2.7754478004317076e-11,
  "parameter_norm": 31.45702203170662,
  "lambda_max_10": -32.81696319580078,
  "hessian_trace_10": 301.4939331054687,
  "fim_trace": 1178.2247260697186,
  "step_count": 177,
  "timestamp": 1763770159.9137464,
  "episode_reward": 1125.147452354163,
  "num_steps": 5832704,
  "feature_compute_time_s": 6.348874092102051,
  "train_iter_time_s": 15.432807207107544,
  "init_seed": 203,
  "train_seed": 200,
  "best_reward_so_far": 1449.9691037397827
}