{
  "sharpness": 1.484014024042823,
  "gradient_smoothness": 0.04395398611088081,
  "loss_mean": 0.0,
  "loss_std": 0.0,
  "loss_trend": -5.5139006032462346e-11,
  "parameter_norm": 29.078436393184795,
  "lambda_max_10": -13.932706832885742,
  "hessian_trace_10": 368.4029708862305,
  "fim_trace": 679.4878549911082,
  "step_count": 101,
  "timestamp": 1763761438.0605438,
  "episode_reward": 1089.4988569723243,
  "num_steps": 3342336,
  "feature_compute_time_s": 7.105262517929077,
  "train_iter_time_s": 16.880412578582764,
  "init_seed": 200,
  "train_seed": 205,
  "best_reward_so_far": 1089.4988569723243
}