{
  "sharpness": 2.0934555120608107,
  "gradient_smoothness": 0.29864753620214207,
  "loss_mean": 0.0,
  "loss_std": 0.0,
  "loss_trend": -2.141167147361524e-10,
  "parameter_norm": 29.49261143580168,
  "lambda_max_10": -22.34419822692871,
  "hessian_trace_10": 185.87250823974608,
  "fim_trace": 1539.4785994440317,
  "step_count": 11,
  "timestamp": 1764160410.5939188,
  "episode_reward": 1557.908447265625,
  "num_steps": 393216,
  "feature_compute_time_s": 5.047486305236816,
  "train_iter_time_s": 3.6846401691436768,
  "init_seed": 206,
  "train_seed": 200,
  "best_reward_so_far": -Infinity
}