{
  "sharpness": 0.8719258367542234,
  "gradient_smoothness": 0.010841600337167984,
  "loss_mean": 0.0,
  "loss_std": 0.0,
  "loss_trend": -5.537462918372013e-11,
  "parameter_norm": 25.340586047003665,
  "lambda_max_10": 1.0239700078964233,
  "hessian_trace_10": 45.718038177490236,
  "fim_trace": 114.62727255001664,
  "step_count": 47,
  "timestamp": 1763768117.264167,
  "episode_reward": 456.4646032870983,
  "num_steps": 1572864,
  "feature_compute_time_s": 6.750585317611694,
  "train_iter_time_s": 20.29465889930725,
  "init_seed": 206,
  "train_seed": 200,
  "best_reward_so_far": 484.97049165859784
}