{
  "sharpness": 1.198284865382466,
  "gradient_smoothness": 0.03606596487583335,
  "loss_mean": 0.0,
  "loss_std": 0.0,
  "loss_trend": -4.7176226405704313e-11,
  "parameter_norm": 33.78379610664337,
  "lambda_max_10": -32.92935562133789,
  "hessian_trace_10": 493.69286346435547,
  "fim_trace": 2523.4514376036823,
  "step_count": 30,
  "timestamp": 1765440118.5115871,
  "episode_reward": 1062.060546875,
  "num_steps": 1015808,
  "feature_compute_time_s": 5.770453929901123,
  "train_iter_time_s": 4.456867694854736,
  "init_seed": 200,
  "train_seed": 201,
  "best_reward_so_far": 636.9595808405386
}