{
  "sharpness": 0.33751095800258685,
  "gradient_smoothness": 0.024820835770182636,
  "loss_mean": 0.0,
  "loss_std": 0.0,
  "loss_trend": -1.7396047298836697e-10,
  "parameter_norm": 22.504373722708348,
  "lambda_max_10": 1.7028956413269043,
  "hessian_trace_10": 12.755692219734192,
  "fim_trace": 53.07093255408108,
  "step_count": 14,
  "timestamp": 1763759186.41494,
  "episode_reward": 310.15051365036226,
  "num_steps": 491520,
  "feature_compute_time_s": 5.00635290145874,
  "train_iter_time_s": 15.125954866409302,
  "init_seed": 200,
  "train_seed": 200,
  "best_reward_so_far": 310.15051365036226
}