{
  "sharpness": 7.082852973386217,
  "gradient_smoothness": 0.35918549208770245,
  "loss_mean": 0.0,
  "loss_std": 0.0,
  "loss_trend": 7.230606859808729e-10,
  "parameter_norm": 52.37603839427192,
  "lambda_max_10": -32.714439392089844,
  "hessian_trace_10": -343.2601837158203,
  "fim_trace": 21440.044590175152,
  "step_count": 12,
  "timestamp": 1766083566.770414,
  "episode_reward": -10.209393501281738,
  "num_steps": 425984,
  "feature_compute_time_s": 6.409082889556885,
  "train_iter_time_s": 3.4997098445892334,
  "init_seed": 207,
  "train_seed": 200,
  "best_reward_so_far": -Infinity
}