{
  "sharpness": 1.8195526195140863,
  "gradient_smoothness": 0.0,
  "loss_mean": 0.0,
  "loss_std": 0.0,
  "loss_trend": 0.0,
  "parameter_norm": 28.991134929314917,
  "lambda_max_10": -10.426298141479492,
  "hessian_trace_10": 164.58235778808594,
  "fim_trace": 3349.256066083908,
  "step_count": 1,
  "timestamp": 1764168020.6088257,
  "episode_reward": 1708.6632080078125,
  "num_steps": 65536,
  "feature_compute_time_s": 4.978783130645752,
  "train_iter_time_s": 3.85555100440979,
  "init_seed": 203,
  "train_seed": 200,
  "best_reward_so_far": -Infinity
}