{
  "sharpness": 1.2658005168886906,
  "gradient_smoothness": 0.0035884904083979207,
  "loss_mean": 0.0,
  "loss_std": 0.0,
  "loss_trend": 6.712492971382324e-13,
  "parameter_norm": 32.49350403576921,
  "lambda_max_10": -37.416805267333984,
  "hessian_trace_10": 545.9004760742188,
  "fim_trace": 3029.953355014324,
  "step_count": 265,
  "timestamp": 1763762918.9798748,
  "episode_reward": 1354.0286602242952,
  "num_steps": 8716288,
  "feature_compute_time_s": 4.821937084197998,
  "train_iter_time_s": 10.260053873062134,
  "init_seed": 200,
  "train_seed": 206,
  "best_reward_so_far": 1554.331183258043
}