{
  "sharpness": 2.4980184352108736,
  "gradient_smoothness": 0.14908805371376002,
  "loss_mean": 0.0,
  "loss_std": 0.0,
  "loss_trend": 3.6734046810722402e-09,
  "parameter_norm": 29.208070057238135,
  "lambda_max_10": -31.16584587097168,
  "hessian_trace_10": 25.24464111328125,
  "fim_trace": 2083.938572883606,
  "step_count": 7,
  "timestamp": 1764157894.0004203,
  "episode_reward": 3875.760009765625,
  "num_steps": 262144,
  "feature_compute_time_s": 9.329034566879272,
  "train_iter_time_s": 3.2420992851257324,
  "init_seed": 204,
  "train_seed": 200,
  "best_reward_so_far": -Infinity
}