{
  "sharpness": 1.4973667395947405,
  "gradient_smoothness": 0.0,
  "loss_mean": 0.0,
  "loss_std": 0.0,
  "loss_trend": 0.0,
  "parameter_norm": 29.650793080344343,
  "lambda_max_10": -19.176902770996094,
  "hessian_trace_10": 362.29357452392577,
  "fim_trace": 4146.828333556652,
  "step_count": 1,
  "timestamp": 1764166555.7164223,
  "episode_reward": 617.273193359375,
  "num_steps": 65536,
  "feature_compute_time_s": 5.534121990203857,
  "train_iter_time_s": 2.8760874271392822,
  "init_seed": 200,
  "train_seed": 206,
  "best_reward_so_far": -Infinity
}