{
  "sharpness": 2.373431920483438,
  "gradient_smoothness": 0.6031808989796119,
  "loss_mean": 0.0,
  "loss_std": 0.0,
  "loss_trend": 8.48935739254453e-10,
  "parameter_norm": 29.24727437613627,
  "lambda_max_10": -28.08648681640625,
  "hessian_trace_10": 42.538773727416995,
  "fim_trace": 1911.848502367735,
  "step_count": 14,
  "timestamp": 1764168454.8234258,
  "episode_reward": 1589.9276123046875,
  "num_steps": 491520,
  "feature_compute_time_s": 8.212555170059204,
  "train_iter_time_s": 4.3096442222595215,
  "init_seed": 204,
  "train_seed": 200,
  "best_reward_so_far": -Infinity
}