{
  "sharpness": 0.8482023797234286,
  "gradient_smoothness": 0.047261112025323335,
  "loss_mean": 0.0,
  "loss_std": 0.0,
  "loss_trend": 4.4828396377292904e-11,
  "parameter_norm": 25.172997246252226,
  "lambda_max_10": 2.865631580352783,
  "hessian_trace_10": 42.77961330413818,
  "fim_trace": 107.7899275533855,
  "step_count": 42,
  "timestamp": 1763764195.7392893,
  "episode_reward": 665.5904085227202,
  "num_steps": 1409024,
  "feature_compute_time_s": 5.444927453994751,
  "train_iter_time_s": 9.821012496948242,
  "init_seed": 200,
  "train_seed": 200,
  "best_reward_so_far": 716.0137960732536
}