{
  "sharpness": 1.7733547595057404,
  "gradient_smoothness": 0.10449127456943617,
  "loss_mean": 0.0,
  "loss_std": 0.0,
  "loss_trend": -6.414370303314041e-09,
  "parameter_norm": 29.056889614026975,
  "lambda_max_10": -20.371868133544922,
  "hessian_trace_10": 202.68933563232423,
  "fim_trace": 3690.7757086902857,
  "step_count": 3,
  "timestamp": 1764168044.767707,
  "episode_reward": 1438.268310546875,
  "num_steps": 131072,
  "feature_compute_time_s": 6.7324254512786865,
  "train_iter_time_s": 3.6577720642089844,
  "init_seed": 203,
  "train_seed": 200,
  "best_reward_so_far": -Infinity
}