{
  "sharpness": 2.5846677417248207,
  "gradient_smoothness": 0.030324688126732294,
  "loss_mean": 0.0,
  "loss_std": 0.0,
  "loss_trend": 5.827669135013533e-11,
  "parameter_norm": 28.682207190892125,
  "lambda_max_10": -42.090457916259766,
  "hessian_trace_10": 141.97716464996338,
  "fim_trace": 2836.7403528392315,
  "step_count": 185,
  "timestamp": 1763784932.2325954,
  "num_steps": 6094848,
  "feature_compute_time_s": 8.194695711135864,
  "train_iter_time_s": 13.196788311004639,
  "init_seed": 207,
  "train_seed": 200,
  "best_reward_so_far": 1405.9384690990462
}