{
  "sharpness": 1.358055209835913,
  "gradient_smoothness": 0.03957053933048194,
  "loss_mean": 0.0,
  "loss_std": 0.0,
  "loss_trend": 1.78004598781943e-12,
  "parameter_norm": 32.0623801687047,
  "lambda_max_10": -35.767948150634766,
  "hessian_trace_10": 465.97136840820315,
  "fim_trace": 2080.9107054434717,
  "step_count": 261,
  "timestamp": 1763764634.4556952,
  "episode_reward": 1314.3088543968606,
  "num_steps": 8585216,
  "feature_compute_time_s": 5.874072074890137,
  "train_iter_time_s": 14.227231502532959,
  "init_seed": 200,
  "train_seed": 207,
  "best_reward_so_far": 1548.0433036672314
}