{
  "sharpness": 1.5081712920253965,
  "gradient_smoothness": 0.19116343565116445,
  "loss_mean": 0.0,
  "loss_std": 0.0,
  "loss_trend": -2.324356238079892e-12,
  "parameter_norm": 33.87947565719932,
  "lambda_max_10": -28.745040893554688,
  "hessian_trace_10": 199.4481399536133,
  "fim_trace": 1859.0726333633065,
  "step_count": 49,
  "timestamp": 1765444595.3179095,
  "episode_reward": 1125.51171875,
  "num_steps": 1638400,
  "feature_compute_time_s": 5.551433324813843,
  "train_iter_time_s": 4.360084295272827,
  "init_seed": 203,
  "train_seed": 200,
  "best_reward_so_far": 981.1128755167031
}