{
  "sharpness": 1.7035094746509079,
  "gradient_smoothness": 0.02593015446962355,
  "loss_mean": 0.0,
  "loss_std": 0.0,
  "loss_trend": -2.2343029326090853e-09,
  "parameter_norm": 34.55244392339719,
  "lambda_max_10": -58.261043548583984,
  "hessian_trace_10": 813.7570831298829,
  "fim_trace": 4177.609929986298,
  "step_count": 4,
  "timestamp": 1765468833.4999845,
  "episode_reward": -7.3788251876831055,
  "num_steps": 163840,
  "feature_compute_time_s": 5.693480491638184,
  "train_iter_time_s": 3.765841245651245,
  "init_seed": 203,
  "train_seed": 200,
  "best_reward_so_far": -4.473506366468146
}