{
  "sharpness": 2.9249485833014557,
  "gradient_smoothness": 0.1378552824964122,
  "loss_mean": 0.0,
  "loss_std": 0.0,
  "loss_trend": 2.264560837368018e-09,
  "parameter_norm": 44.07814271840823,
  "lambda_max_10": -205.8433380126953,
  "hessian_trace_10": 1822.3754089355468,
  "fim_trace": 33286.58395433426,
  "step_count": 6,
  "timestamp": 1764177674.0343444,
  "episode_reward": 1118.7315673828125,
  "num_steps": 229376,
  "feature_compute_time_s": 7.053194999694824,
  "train_iter_time_s": 2.694586992263794,
  "init_seed": 200,
  "train_seed": 200,
  "best_reward_so_far": -Infinity
}