{
  "sharpness": 3.260947436391736,
  "gradient_smoothness": 0.0,
  "parameter_norm": 43.999373428590026,
  "lambda_max_10": -160.87046813964844,
  "hessian_trace_10": 1201.8774169921876,
  "fim_trace": 24145.627949655056,
  "step_count": 0,
  "timestamp": 1764177598.9829943,
  "episode_reward": 945.6260986328125,
  "num_steps": 32768,
  "feature_compute_time_s": 7.968301296234131,
  "train_iter_time_s": 3.803567409515381,
  "init_seed": 200,
  "train_seed": 200,
  "best_reward_so_far": -Infinity
}