{
  "sharpness": 1.9015037777093775,
  "gradient_smoothness": 0.20797020942993583,
  "loss_mean": 0.0,
  "loss_std": 0.0,
  "loss_trend": -5.8582084536877936e-12,
  "parameter_norm": 29.060194789764402,
  "lambda_max_10": -22.12812042236328,
  "hessian_trace_10": 204.45033264160156,
  "fim_trace": 1415.342766225338,
  "step_count": 298,
  "timestamp": 1763783463.6965384,
  "num_steps": 9797632,
  "feature_compute_time_s": 4.556777715682983,
  "train_iter_time_s": 7.818865776062012,
  "init_seed": 206,
  "train_seed": 200,
  "best_reward_so_far": 1255.0334196644492
}