{
  "sharpness": 1.697651316651767,
  "gradient_smoothness": 0.2927805789481378,
  "loss_mean": 0.0,
  "loss_std": 0.0,
  "loss_trend": -4.204695644613426e-09,
  "parameter_norm": 33.207343510938486,
  "lambda_max_10": -26.158111572265625,
  "hessian_trace_10": 183.962548828125,
  "fim_trace": 2835.6231446266174,
  "step_count": 3,
  "timestamp": 1766082794.8622682,
  "episode_reward": 1237.14306640625,
  "num_steps": 131072,
  "feature_compute_time_s": 5.116664886474609,
  "train_iter_time_s": 3.0745413303375244,
  "init_seed": 201,
  "train_seed": 200,
  "best_reward_so_far": -Infinity
}