{
  "sharpness": 1.4466303062891044,
  "gradient_smoothness": 0.0459815990512353,
  "loss_mean": 0.0,
  "loss_std": 0.0,
  "loss_trend": 3.290350565572122e-11,
  "parameter_norm": 28.758298455693584,
  "lambda_max_10": 15.19250774383545,
  "hessian_trace_10": 126.82277374267578,
  "fim_trace": 1068.7826496213675,
  "step_count": 209,
  "timestamp": 1763782355.0442443,
  "num_steps": 6881280,
  "feature_compute_time_s": 4.382119178771973,
  "train_iter_time_s": 8.219115495681763,
  "init_seed": 206,
  "train_seed": 200,
  "best_reward_so_far": 1198.242897207857
}