{
  "sharpness": 2.055375894894607,
  "gradient_smoothness": 0.2421975947868681,
  "loss_mean": 0.0,
  "loss_std": 0.0,
  "loss_trend": -3.6746071844389433e-10,
  "parameter_norm": 29.890485132909653,
  "lambda_max_10": -51.48937225341797,
  "hessian_trace_10": 415.98150634765625,
  "fim_trace": 4019.13422550261,
  "step_count": 11,
  "timestamp": 1764145711.4833329,
  "episode_reward": 1113.18701171875,
  "num_steps": 393216,
  "feature_compute_time_s": 8.467952013015747,
  "train_iter_time_s": 5.284419536590576,
  "init_seed": 200,
  "train_seed": 200,
  "best_reward_so_far": -Infinity
}