{
  "sharpness": 1.3855628662942272,
  "gradient_smoothness": 0.021641725953872558,
  "loss_mean": 0.0,
  "loss_std": 0.0,
  "loss_trend": 7.156657525211795e-11,
  "parameter_norm": 30.924992623572038,
  "lambda_max_10": -17.852924346923828,
  "hessian_trace_10": 394.0203338623047,
  "fim_trace": 1752.7808983251452,
  "step_count": 146,
  "timestamp": 1763761948.8006077,
  "episode_reward": 1159.4018685741719,
  "num_steps": 4816896,
  "feature_compute_time_s": 8.972325325012207,
  "train_iter_time_s": 13.469959497451782,
  "init_seed": 200,
  "train_seed": 200,
  "best_reward_so_far": 1541.0695824493835
}