{
  "sharpness": 1.417815528056879,
  "gradient_smoothness": 0.01992910631924078,
  "loss_mean": 0.0,
  "loss_std": 0.0,
  "loss_trend": -5.039222329772764e-11,
  "parameter_norm": 30.364376059777566,
  "lambda_max_10": -31.747604370117188,
  "hessian_trace_10": 459.93932189941404,
  "fim_trace": 1590.641572855413,
  "step_count": 142,
  "timestamp": 1763762020.0653775,
  "episode_reward": 1016.4410435701479,
  "num_steps": 4685824,
  "feature_compute_time_s": 6.685497999191284,
  "train_iter_time_s": 16.860721111297607,
  "init_seed": 200,
  "train_seed": 207,
  "best_reward_so_far": 1267.8556841204008
}