{
  "sharpness": 1.2023633593349197,
  "gradient_smoothness": 0.1332148054036513,
  "loss_mean": 0.0,
  "loss_std": 0.0,
  "loss_trend": 2.1232035340816158e-10,
  "parameter_norm": 34.207482758779186,
  "lambda_max_10": -37.4877815246582,
  "hessian_trace_10": 610.1379821777343,
  "fim_trace": 3139.565210044384,
  "step_count": 38,
  "timestamp": 1765444608.8754334,
  "episode_reward": -41.90568161010742,
  "num_steps": 1277952,
  "feature_compute_time_s": 5.909494638442993,
  "train_iter_time_s": 5.095852613449097,
  "init_seed": 206,
  "train_seed": 200,
  "best_reward_so_far": 691.4575225480445
}