{
  "sharpness": 2.6510443906109993,
  "gradient_smoothness": 0.10489241691993667,
  "loss_mean": 0.0,
  "loss_std": 0.0,
  "loss_trend": 2.0056394948501654e-09,
  "parameter_norm": 102.5201146494214,
  "lambda_max_10": -13.058151245117188,
  "hessian_trace_10": -11.980019569396973,
  "fim_trace": 3189.00803418085,
  "step_count": 3,
  "timestamp": 1765469976.7695496,
  "episode_reward": 2.352452278137207,
  "num_steps": 131072,
  "feature_compute_time_s": 5.449764966964722,
  "train_iter_time_s": 3.815924882888794,
  "init_seed": 205,
  "train_seed": 200,
  "best_reward_so_far": -4.477039926668181
}