{
  "sharpness": 0.42119499596615223,
  "gradient_smoothness": 0.0036562862933991677,
  "loss_mean": 0.0,
  "loss_std": 0.0,
  "loss_trend": -7.951510131397824e-11,
  "parameter_norm": 22.73291147817643,
  "lambda_max_10": 2.089799404144287,
  "hessian_trace_10": 17.617217421531677,
  "fim_trace": 51.5364655982703,
  "step_count": 19,
  "timestamp": 1763765972.6240628,
  "episode_reward": 322.0060765370294,
  "num_steps": 655360,
  "feature_compute_time_s": 5.844728708267212,
  "train_iter_time_s": 15.272612810134888,
  "init_seed": 201,
  "train_seed": 200,
  "best_reward_so_far": 326.7698191200062
}