{
  "sharpness": 1.2145983467731236,
  "gradient_smoothness": 0.003101209766072645,
  "loss_mean": 0.0,
  "loss_std": 0.0,
  "loss_trend": 8.406705225636988e-12,
  "parameter_norm": 27.431711033838134,
  "lambda_max_10": 4.2354960441589355,
  "hessian_trace_10": 35.752210807800296,
  "fim_trace": 202.99789463728666,
  "step_count": 76,
  "timestamp": 1763768814.764729,
  "episode_reward": 765.5850914678889,
  "num_steps": 2523136,
  "feature_compute_time_s": 8.940632820129395,
  "train_iter_time_s": 18.473454236984253,
  "init_seed": 205,
  "train_seed": 200,
  "best_reward_so_far": 849.4221774011387
}