{
  "sharpness": 1.6065960248238969,
  "gradient_smoothness": 0.0380797155946609,
  "loss_mean": 0.0,
  "loss_std": 0.0,
  "loss_trend": 3.1475047206934224e-11,
  "parameter_norm": 31.848868069286485,
  "lambda_max_10": -36.87899398803711,
  "hessian_trace_10": 435.340185546875,
  "fim_trace": 1492.877792403102,
  "step_count": 198,
  "timestamp": 1763770647.8179426,
  "episode_reward": 1160.4240916673389,
  "num_steps": 6520832,
  "feature_compute_time_s": 6.422290802001953,
  "train_iter_time_s": 17.700688362121582,
  "init_seed": 203,
  "train_seed": 200,
  "best_reward_so_far": 1449.9691037397827
}