{
  "sharpness": 0.18456530480843344,
  "gradient_smoothness": 0.15250162060523056,
  "loss_mean": 0.0,
  "loss_std": 0.0,
  "loss_trend": 2.2449534611374213e-10,
  "parameter_norm": 19.98575726058007,
  "lambda_max_10": -0.8133489489555359,
  "hessian_trace_10": -6.021111941337585,
  "fim_trace": 31.686381854116917,
  "step_count": 6,
  "timestamp": 1763768272.9882214,
  "num_steps": 229376,
  "feature_compute_time_s": 5.002406358718872,
  "train_iter_time_s": 7.1338067054748535,
  "init_seed": 200,
  "train_seed": 200,
  "best_reward_so_far": -Infinity
}