{
  "sharpness": 1.9476092908259046,
  "gradient_smoothness": 0.016140424851375738,
  "loss_mean": 0.0,
  "loss_std": 0.0,
  "loss_trend": -3.5076653268961133e-11,
  "parameter_norm": 28.67099100406047,
  "lambda_max_10": 19.244258880615234,
  "hessian_trace_10": 18.2687575340271,
  "fim_trace": 1659.3972404152155,
  "step_count": 221,
  "timestamp": 1763782776.9951007,
  "num_steps": 7274496,
  "feature_compute_time_s": 8.967657804489136,
  "train_iter_time_s": 12.419682502746582,
  "init_seed": 204,
  "train_seed": 200,
  "best_reward_so_far": 2362.191069493134
}