{
  "sharpness": 1.853096048227043,
  "gradient_smoothness": 0.11054260794866401,
  "loss_mean": 0.0,
  "loss_std": 0.0,
  "loss_trend": -2.876093777956673e-11,
  "parameter_norm": 28.287568943678444,
  "lambda_max_10": -34.370208740234375,
  "hessian_trace_10": 295.3655429840088,
  "fim_trace": 3273.3310125619173,
  "step_count": 158,
  "timestamp": 1763776036.3131957,
  "num_steps": 5210112,
  "feature_compute_time_s": 7.268542528152466,
  "train_iter_time_s": 12.2581045627594,
  "init_seed": 200,
  "train_seed": 204,
  "best_reward_so_far": 1087.6995570669478
}