{
  "sharpness": 1.31988878868439,
  "gradient_smoothness": 0.07773756684153456,
  "loss_mean": 0.0,
  "loss_std": 0.0,
  "loss_trend": 5.252076850213088e-11,
  "parameter_norm": 29.826191801485678,
  "lambda_max_10": -13.609715461730957,
  "hessian_trace_10": 288.69250335693357,
  "fim_trace": 745.7486020028591,
  "step_count": 124,
  "timestamp": 1763765437.7136068,
  "episode_reward": 649.4314446056107,
  "num_steps": 4096000,
  "feature_compute_time_s": 4.845606803894043,
  "train_iter_time_s": 10.70095419883728,
  "init_seed": 200,
  "train_seed": 200,
  "best_reward_so_far": 825.5063438058102
}