{
  "sharpness": 1.2188367993335274,
  "gradient_smoothness": 0.019196221373851175,
  "loss_mean": 0.0,
  "loss_std": 0.0,
  "loss_trend": -7.048034492691188e-10,
  "parameter_norm": 33.3279383585878,
  "lambda_max_10": -25.750289916992188,
  "hessian_trace_10": 346.0880554199219,
  "fim_trace": 1556.9408648870885,
  "step_count": 18,
  "timestamp": 1765441530.919867,
  "episode_reward": 896.9189453125,
  "num_steps": 622592,
  "feature_compute_time_s": 6.030845880508423,
  "train_iter_time_s": 4.704925537109375,
  "init_seed": 200,
  "train_seed": 201,
  "best_reward_so_far": 271.70636457281455
}