{
  "sharpness": 1.777308371707462,
  "gradient_smoothness": 0.07095068850683414,
  "loss_mean": 0.0,
  "loss_std": 0.0,
  "loss_trend": 1.465010130425532e-11,
  "parameter_norm": 27.113343316237692,
  "lambda_max_10": -10.762965202331543,
  "hessian_trace_10": 38.76960287094116,
  "fim_trace": 798.7535113990307,
  "step_count": 127,
  "timestamp": 1763779294.9120262,
  "num_steps": 4194304,
  "feature_compute_time_s": 6.251971483230591,
  "train_iter_time_s": 11.632764101028442,
  "init_seed": 202,
  "train_seed": 200,
  "best_reward_so_far": 1117.3228100185925
}