{
  "sharpness": 1.6908474575056456,
  "gradient_smoothness": 0.14753810099913506,
  "loss_mean": 0.0,
  "loss_std": 0.0,
  "loss_trend": 1.0572685765964002e-09,
  "parameter_norm": 30.693686602301465,
  "lambda_max_10": -27.719318389892578,
  "hessian_trace_10": 125.54469032287598,
  "fim_trace": 5217.976268321276,
  "step_count": 9,
  "timestamp": 1764177009.0865068,
  "episode_reward": 3448.02783203125,
  "num_steps": 327680,
  "feature_compute_time_s": 5.093336582183838,
  "train_iter_time_s": 2.930777072906494,
  "init_seed": 200,
  "train_seed": 200,
  "best_reward_so_far": -Infinity
}