{
  "sharpness": 1.5656349892911532,
  "gradient_smoothness": 0.0235373268280184,
  "loss_mean": 0.0,
  "loss_std": 0.0,
  "loss_trend": -3.100877244332439e-11,
  "parameter_norm": 30.689025885767798,
  "lambda_max_10": -32.00209426879883,
  "hessian_trace_10": 386.617626953125,
  "fim_trace": 1397.4558181278408,
  "step_count": 149,
  "timestamp": 1763769508.2235498,
  "episode_reward": 1091.1987908156734,
  "num_steps": 4915200,
  "feature_compute_time_s": 6.813154220581055,
  "train_iter_time_s": 17.05691885948181,
  "init_seed": 203,
  "train_seed": 200,
  "best_reward_so_far": 1351.1097576089326
}