{
  "sharpness": 1.5088596565468027,
  "gradient_smoothness": 0.10213593722538351,
  "loss_mean": 0.0,
  "loss_std": 0.0,
  "loss_trend": -6.064742602510493e-10,
  "parameter_norm": 34.656186093968536,
  "lambda_max_10": -64.4223861694336,
  "hessian_trace_10": 1063.7174743652345,
  "fim_trace": 6150.324266158044,
  "step_count": 3,
  "timestamp": 1765468815.2382352,
  "episode_reward": -8.42014217376709,
  "num_steps": 131072,
  "feature_compute_time_s": 5.373571395874023,
  "train_iter_time_s": 4.190386056900024,
  "init_seed": 202,
  "train_seed": 200,
  "best_reward_so_far": 21.022883522942447
}