{
  "sharpness": 1.3381150253165295,
  "gradient_smoothness": 0.03261621105699758,
  "loss_mean": 0.0,
  "loss_std": 0.0,
  "loss_trend": 2.4620299581482667e-11,
  "parameter_norm": 30.901602794208003,
  "lambda_max_10": -18.73306655883789,
  "hessian_trace_10": 408.30316162109375,
  "fim_trace": 1162.9963820204139,
  "step_count": 156,
  "timestamp": 1763768839.7271018,
  "episode_reward": 1150.7077058244943,
  "num_steps": 5144576,
  "feature_compute_time_s": 5.645202398300171,
  "train_iter_time_s": 13.737247705459595,
  "init_seed": 201,
  "train_seed": 200,
  "best_reward_so_far": 1334.8620943540952
}