{
  "sharpness": 1.2585301318884996,
  "gradient_smoothness": 0.36517509178764807,
  "loss_mean": 0.0,
  "loss_std": 0.0,
  "loss_trend": 7.851079469092642e-12,
  "parameter_norm": 32.446580277361306,
  "lambda_max_10": -22.81808853149414,
  "hessian_trace_10": 356.20644226074216,
  "fim_trace": 1804.3850255459547,
  "step_count": 301,
  "timestamp": 1763774713.2301383,
  "episode_reward": 1441.962505344565,
  "num_steps": 9895936,
  "feature_compute_time_s": 10.18009901046753,
  "train_iter_time_s": 18.176514148712158,
  "init_seed": 205,
  "train_seed": 200,
  "best_reward_so_far": 1687.4804612057496
}