{
  "sharpness": 1.4328580942342255,
  "gradient_smoothness": 0.020986248711584898,
  "loss_mean": 0.0,
  "loss_std": 0.0,
  "loss_trend": 6.041965958440721e-11,
  "parameter_norm": 33.99557469114591,
  "lambda_max_10": -26.458114624023438,
  "hessian_trace_10": 336.73927001953126,
  "fim_trace": 1938.2772873416543,
  "step_count": 38,
  "timestamp": 1765441342.166404,
  "episode_reward": 1798.1585693359375,
  "num_steps": 1277952,
  "feature_compute_time_s": 10.741104364395142,
  "train_iter_time_s": 3.75888729095459,
  "init_seed": 200,
  "train_seed": 207,
  "best_reward_so_far": 687.8790482575987
}