{
  "sharpness": 2.232687632232347,
  "gradient_smoothness": 0.04829347852510599,
  "loss_mean": 0.0,
  "loss_std": 0.0,
  "loss_trend": -1.2039800800771376e-08,
  "parameter_norm": 46.04577051243498,
  "lambda_max_10": -34.961795806884766,
  "hessian_trace_10": 1143.8984680175781,
  "fim_trace": 21937.942254900932,
  "step_count": 2,
  "timestamp": 1765469192.0373814,
  "episode_reward": -11.43575382232666,
  "num_steps": 98304,
  "feature_compute_time_s": 6.87010931968689,
  "train_iter_time_s": 4.9357428550720215,
  "init_seed": 200,
  "train_seed": 202,
  "best_reward_so_far": -2.473874046126808
}