{
  "sharpness": 1.7400596271659714,
  "gradient_smoothness": 0.12426540012116982,
  "loss_mean": 0.0,
  "loss_std": 0.0,
  "loss_trend": -6.266237327421568e-12,
  "parameter_norm": 28.53357822997442,
  "lambda_max_10": -12.244115829467773,
  "hessian_trace_10": 124.1543586730957,
  "fim_trace": 1125.1020258665085,
  "step_count": 188,
  "timestamp": 1763782089.917875,
  "num_steps": 6193152,
  "feature_compute_time_s": 4.373522758483887,
  "train_iter_time_s": 7.719452619552612,
  "init_seed": 206,
  "train_seed": 200,
  "best_reward_so_far": 1193.862891318508
}