{
  "sharpness": 1.280271553013441,
  "gradient_smoothness": 0.03572034867938267,
  "loss_mean": 0.0,
  "loss_std": 0.0,
  "loss_trend": -1.2856010506546358e-09,
  "parameter_norm": 33.57677952974757,
  "lambda_max_10": -34.98713684082031,
  "hessian_trace_10": 551.2749389648437,
  "fim_trace": 2155.6790699362755,
  "step_count": 12,
  "timestamp": 1765441645.2179432,
  "episode_reward": -17.457157135009766,
  "num_steps": 425984,
  "feature_compute_time_s": 5.520281076431274,
  "train_iter_time_s": 4.089206695556641,
  "init_seed": 200,
  "train_seed": 206,
  "best_reward_so_far": 244.51909095885387
}