{
  "sharpness": 0.3242707071477855,
  "gradient_smoothness": 0.05748081023804343,
  "loss_mean": 0.0,
  "loss_std": 0.0,
  "loss_trend": -6.542607450482092e-10,
  "parameter_norm": 21.251475757038026,
  "lambda_max_10": 1.0096728801727295,
  "hessian_trace_10": 4.623072755336762,
  "fim_trace": 37.49292587861419,
  "step_count": 6,
  "timestamp": 1763759051.5723321,
  "episode_reward": 78.20001250125576,
  "num_steps": 229376,
  "feature_compute_time_s": 7.326394319534302,
  "train_iter_time_s": 18.436556339263916,
  "init_seed": 200,
  "train_seed": 203,
  "best_reward_so_far": 78.20001250125576
}