{
  "sharpness": 1.0714691981811506,
  "gradient_smoothness": 0.046417923704558536,
  "loss_mean": 0.0,
  "loss_std": 0.0,
  "loss_trend": 7.782747825196792e-11,
  "parameter_norm": 24.423974172548572,
  "lambda_max_10": -0.6134808659553528,
  "hessian_trace_10": 33.23925180435181,
  "fim_trace": 275.4527797624469,
  "step_count": 52,
  "timestamp": 1763775874.3569138,
  "num_steps": 1736704,
  "feature_compute_time_s": 8.826752662658691,
  "train_iter_time_s": 12.340311050415039,
  "init_seed": 200,
  "train_seed": 206,
  "best_reward_so_far": 369.8910060826137
}