{
  "sharpness": 1.7770459973806003,
  "gradient_smoothness": 0.0,
  "parameter_norm": 29.62434282638815,
  "lambda_max_10": -75.54412078857422,
  "hessian_trace_10": 661.0478363037109,
  "fim_trace": 7277.295075953007,
  "step_count": 0,
  "timestamp": 1764176932.502083,
  "episode_reward": 1275.04833984375,
  "num_steps": 32768,
  "feature_compute_time_s": 8.048115253448486,
  "train_iter_time_s": 5.250274658203125,
  "init_seed": 200,
  "train_seed": 202,
  "best_reward_so_far": -Infinity
}