{
  "sharpness": 1.695401722882116,
  "gradient_smoothness": 0.009707091048812443,
  "loss_mean": 0.0,
  "loss_std": 0.0,
  "loss_trend": -4.873677029319997e-12,
  "parameter_norm": 29.398888946638074,
  "lambda_max_10": -31.324359893798828,
  "hessian_trace_10": 207.93931617736817,
  "fim_trace": 3502.634570091963,
  "step_count": 277,
  "timestamp": 1763777841.7647278,
  "num_steps": 9109504,
  "feature_compute_time_s": 7.459906101226807,
  "train_iter_time_s": 12.289648532867432,
  "init_seed": 200,
  "train_seed": 203,
  "best_reward_so_far": 1562.2237740396877
}