{
  "sharpness": 1.0656580404712486,
  "gradient_smoothness": 0.016182972531314656,
  "loss_mean": 0.0,
  "loss_std": 0.0,
  "loss_trend": -1.1416239650578191e-10,
  "parameter_norm": 24.530125431275795,
  "lambda_max_10": 7.365920066833496,
  "hessian_trace_10": 70.64438285827637,
  "fim_trace": 357.0447300001979,
  "step_count": 59,
  "timestamp": 1763779521.2296822,
  "num_steps": 1966080,
  "feature_compute_time_s": 8.99083948135376,
  "train_iter_time_s": 11.671565294265747,
  "init_seed": 203,
  "train_seed": 200,
  "best_reward_so_far": 424.34173063085007
}