{
  "sharpness": 3.5060525879647546,
  "gradient_smoothness": 0.06266361394667211,
  "loss_mean": 0.0,
  "loss_std": 0.0,
  "loss_trend": -5.62295455819277e-10,
  "parameter_norm": 102.24007793430746,
  "lambda_max_10": 22.741783142089844,
  "hessian_trace_10": -46.38599815368652,
  "fim_trace": 5270.250050123781,
  "step_count": 4,
  "timestamp": 1765469319.3256214,
  "episode_reward": 2.229337215423584,
  "num_steps": 163840,
  "feature_compute_time_s": 6.336495399475098,
  "train_iter_time_s": 4.481295108795166,
  "init_seed": 200,
  "train_seed": 207,
  "best_reward_so_far": -5.751937833017855
}