{
  "sharpness": 1.9855006010309493,
  "gradient_smoothness": 0.0,
  "parameter_norm": 29.99773699990927,
  "lambda_max_10": -25.20696258544922,
  "hessian_trace_10": 268.09873962402344,
  "fim_trace": 4597.980195462704,
  "step_count": 0,
  "timestamp": 1764167325.764637,
  "episode_reward": 1716.8819580078125,
  "num_steps": 32768,
  "feature_compute_time_s": 5.271610260009766,
  "train_iter_time_s": 4.238064289093018,
  "init_seed": 200,
  "train_seed": 200,
  "best_reward_so_far": -Infinity
}