{
  "sharpness": 1.5139519468272968,
  "gradient_smoothness": 0.0268771943148948,
  "loss_mean": 0.0,
  "loss_std": 0.0,
  "loss_trend": -5.791025249446545e-12,
  "parameter_norm": 27.328087240842336,
  "lambda_max_10": -8.259142875671387,
  "hessian_trace_10": 135.77606811523438,
  "fim_trace": 282.153309494257,
  "step_count": 76,
  "timestamp": 1763760755.4579756,
  "episode_reward": 677.5025968253635,
  "num_steps": 2523136,
  "feature_compute_time_s": 5.609302043914795,
  "train_iter_time_s": 15.910152435302734,
  "init_seed": 200,
  "train_seed": 203,
  "best_reward_so_far": 715.273252647724
}