{
  "sharpness": 1.8959520983868787,
  "gradient_smoothness": 0.3967437541331443,
  "loss_mean": 0.0,
  "loss_std": 0.0,
  "loss_trend": 1.0777780469212193e-09,
  "parameter_norm": 29.509929812071555,
  "lambda_max_10": -60.181495666503906,
  "hessian_trace_10": 646.4921234130859,
  "fim_trace": 5334.0147749483585,
  "step_count": 12,
  "timestamp": 1764167115.9587262,
  "episode_reward": 862.0030517578125,
  "num_steps": 425984,
  "feature_compute_time_s": 5.685063362121582,
  "train_iter_time_s": 2.7991414070129395,
  "init_seed": 200,
  "train_seed": 204,
  "best_reward_so_far": -Infinity
}