{
  "sharpness": 1.825294562631213,
  "gradient_smoothness": 0.04627899366449589,
  "loss_mean": 0.0,
  "loss_std": 0.0,
  "loss_trend": -4.732833478840007e-12,
  "parameter_norm": 29.057082740551106,
  "lambda_max_10": -40.13636779785156,
  "hessian_trace_10": 374.68513641357424,
  "fim_trace": 5678.76179343462,
  "step_count": 247,
  "timestamp": 1763776055.2394366,
  "num_steps": 8126464,
  "feature_compute_time_s": 7.871078014373779,
  "train_iter_time_s": 9.892158031463623,
  "init_seed": 200,
  "train_seed": 201,
  "best_reward_so_far": 1493.1280554831606
}