{
  "sharpness": 1.126733394300227,
  "gradient_smoothness": 0.012994381573813349,
  "loss_mean": 0.0,
  "loss_std": 0.0,
  "loss_trend": 4.4280510474832715e-11,
  "parameter_norm": 24.622745040877618,
  "lambda_max_10": 6.154123783111572,
  "hessian_trace_10": 68.9662929534912,
  "fim_trace": 226.81316017359495,
  "step_count": 59,
  "timestamp": 1763773742.3962133,
  "num_steps": 1966080,
  "feature_compute_time_s": 8.82834506034851,
  "train_iter_time_s": 11.753010034561157,
  "init_seed": 200,
  "train_seed": 203,
  "best_reward_so_far": 335.7600836426572
}