{
  "sharpness": 2.7165350564018635,
  "gradient_smoothness": 0.027002775817633995,
  "loss_mean": 0.0,
  "loss_std": 0.0,
  "loss_trend": -1.793375542472893e-09,
  "parameter_norm": 41.12339774476904,
  "lambda_max_10": 88.86892700195312,
  "hessian_trace_10": 615.5950653076172,
  "fim_trace": 5947.237107694149,
  "step_count": 6,
  "timestamp": 1766083311.0548222,
  "episode_reward": 1005.0217895507812,
  "num_steps": 229376,
  "feature_compute_time_s": 5.259572267532349,
  "train_iter_time_s": 2.890509843826294,
  "init_seed": 207,
  "train_seed": 200,
  "best_reward_so_far": -Infinity
}