{
  "sharpness": 1.17338518796302,
  "gradient_smoothness": 0.3873852960444356,
  "loss_mean": 0.0,
  "loss_std": 0.0,
  "loss_trend": -1.0302018159654467e-09,
  "parameter_norm": 33.22706199720915,
  "lambda_max_10": -29.7686710357666,
  "hessian_trace_10": 533.6016250610352,
  "fim_trace": 2955.7316218465567,
  "step_count": 12,
  "timestamp": 1765468651.2802484,
  "episode_reward": 47.95241928100586,
  "num_steps": 425984,
  "feature_compute_time_s": 5.645865201950073,
  "train_iter_time_s": 5.832320690155029,
  "init_seed": 200,
  "train_seed": 202,
  "best_reward_so_far": 176.36232185973878
}