{
  "sharpness": 2.3848381545087345,
  "gradient_smoothness": 0.07797531203320382,
  "loss_mean": 0.0,
  "loss_std": 0.0,
  "loss_trend": -3.876974593926685e-11,
  "parameter_norm": 29.48590335126699,
  "lambda_max_10": -73.12042236328125,
  "hessian_trace_10": 83.00920181274414,
  "fim_trace": 3837.8373266607523,
  "step_count": 267,
  "timestamp": 1763771530.4055848,
  "num_steps": 8781824,
  "feature_compute_time_s": 4.902132272720337,
  "train_iter_time_s": 7.902447462081909,
  "init_seed": 200,
  "train_seed": 200,
  "best_reward_so_far": 1269.1137796691619
}