{
  "sharpness": 1.8617709042273007,
  "gradient_smoothness": 0.18743258144530045,
  "loss_mean": 0.0,
  "loss_std": 0.0,
  "loss_trend": -1.0115847733447516e-09,
  "parameter_norm": 32.4175095698958,
  "lambda_max_10": -41.8499870300293,
  "hessian_trace_10": 246.8063117980957,
  "fim_trace": 7365.0618677437305,
  "step_count": 7,
  "timestamp": 1764177291.4365706,
  "episode_reward": 3416.224365234375,
  "num_steps": 262144,
  "feature_compute_time_s": 5.069040536880493,
  "train_iter_time_s": 2.7299623489379883,
  "init_seed": 200,
  "train_seed": 200,
  "best_reward_so_far": -Infinity
}