{
  "sharpness": 1.7697041486510978,
  "gradient_smoothness": 0.1734208122318776,
  "loss_mean": 0.0,
  "loss_std": 0.0,
  "loss_trend": -1.8590969244364836e-09,
  "parameter_norm": 32.03931760326853,
  "lambda_max_10": -169.64454650878906,
  "hessian_trace_10": 1214.7370483398438,
  "fim_trace": 25640.25552430749,
  "step_count": 9,
  "timestamp": 1764177498.6487823,
  "episode_reward": 1340.539306640625,
  "num_steps": 327680,
  "feature_compute_time_s": 6.093098402023315,
  "train_iter_time_s": 4.311683177947998,
  "init_seed": 200,
  "train_seed": 205,
  "best_reward_so_far": -Infinity
}