{
  "sharpness": 1.1661775913631307,
  "gradient_smoothness": 0.07529004342542471,
  "loss_mean": 0.0,
  "loss_std": 0.0,
  "loss_trend": -5.1714474274381877e-11,
  "parameter_norm": 32.59111075074587,
  "lambda_max_10": -38.13063049316406,
  "hessian_trace_10": 667.7141052246094,
  "fim_trace": 4079.61303281039,
  "step_count": 264,
  "timestamp": 1763773871.0075424,
  "episode_reward": 2097.101921368848,
  "num_steps": 8683520,
  "feature_compute_time_s": 8.049137115478516,
  "train_iter_time_s": 19.545799016952515,
  "init_seed": 206,
  "train_seed": 200,
  "best_reward_so_far": 2296.6979900200486
}