{
  "sharpness": 2.447520505694185,
  "gradient_smoothness": 0.1320568194679352,
  "loss_mean": 0.0,
  "loss_std": 0.0,
  "loss_trend": -2.4401233562268137e-09,
  "parameter_norm": 46.15490158858112,
  "lambda_max_10": 62.96318817138672,
  "hessian_trace_10": -746.5077239990235,
  "fim_trace": 12366.177926927805,
  "step_count": 7,
  "timestamp": 1765469814.055574,
  "episode_reward": -5.042794227600098,
  "num_steps": 262144,
  "feature_compute_time_s": 5.885594367980957,
  "train_iter_time_s": 3.990154504776001,
  "init_seed": 204,
  "train_seed": 200,
  "best_reward_so_far": -3.0203332917682952
}