{
  "sharpness": 0.9736499680589324,
  "gradient_smoothness": 0.022814008493302954,
  "loss_mean": 0.0,
  "loss_std": 0.0,
  "loss_trend": -6.82628880214215e-11,
  "parameter_norm": 24.893556917465016,
  "lambda_max_10": 1.195277452468872,
  "hessian_trace_10": 35.01062173843384,
  "fim_trace": 327.51216860860586,
  "step_count": 58,
  "timestamp": 1763775987.5134077,
  "num_steps": 1933312,
  "feature_compute_time_s": 7.669744253158569,
  "train_iter_time_s": 11.716795682907104,
  "init_seed": 200,
  "train_seed": 206,
  "best_reward_so_far": 369.8910060826137
}