{
  "sharpness": 1.7393963919561832,
  "gradient_smoothness": 0.18271141207045857,
  "loss_mean": 0.0,
  "loss_std": 0.0,
  "loss_trend": -4.738618503878107e-10,
  "parameter_norm": 29.607158414528147,
  "lambda_max_10": -26.30735969543457,
  "hessian_trace_10": 167.06388168334962,
  "fim_trace": 3222.624625109136,
  "step_count": 8,
  "timestamp": 1764152981.536577,
  "episode_reward": 3218.401611328125,
  "num_steps": 294912,
  "feature_compute_time_s": 5.088011264801025,
  "train_iter_time_s": 4.441537141799927,
  "init_seed": 200,
  "train_seed": 207,
  "best_reward_so_far": -Infinity
}