{
  "sharpness": 1.3056164372073273,
  "gradient_smoothness": 0.10060973198957325,
  "loss_mean": 0.0,
  "loss_std": 0.0,
  "loss_trend": -3.891294890314545e-12,
  "parameter_norm": 34.19099107819904,
  "lambda_max_10": -28.31420135498047,
  "hessian_trace_10": 339.2292869567871,
  "fim_trace": 1451.2338456064463,
  "step_count": 48,
  "timestamp": 1765438866.1011536,
  "episode_reward": 2050.55078125,
  "num_steps": 1605632,
  "feature_compute_time_s": 10.77659559249878,
  "train_iter_time_s": 3.7159669399261475,
  "init_seed": 200,
  "train_seed": 207,
  "best_reward_so_far": 712.0046297068
}