{
  "sharpness": 1.348023769038893,
  "gradient_smoothness": 0.06264621782840407,
  "loss_mean": 0.0,
  "loss_std": 0.0,
  "loss_trend": -2.567894269119864e-10,
  "parameter_norm": 34.02078813998667,
  "lambda_max_10": 18.17064094543457,
  "hessian_trace_10": 406.4425384521484,
  "fim_trace": 1831.7455567531288,
  "step_count": 28,
  "timestamp": 1765441270.6234457,
  "episode_reward": 1299.0853271484375,
  "num_steps": 950272,
  "feature_compute_time_s": 10.592584133148193,
  "train_iter_time_s": 3.8978235721588135,
  "init_seed": 200,
  "train_seed": 204,
  "best_reward_so_far": 474.46610858224307
}