{
  "sharpness": 1.9931473619592297,
  "gradient_smoothness": 0.34166551646082555,
  "loss_mean": 0.0,
  "loss_std": 0.0,
  "loss_trend": -1.0032530338412471e-09,
  "parameter_norm": 46.11704945651073,
  "lambda_max_10": -60.809715270996094,
  "hessian_trace_10": 833.9881118774414,
  "fim_trace": 7749.860711529851,
  "step_count": 12,
  "timestamp": 1765469342.484599,
  "episode_reward": -6.667474746704102,
  "num_steps": 425984,
  "feature_compute_time_s": 7.79500412940979,
  "train_iter_time_s": 5.03584623336792,
  "init_seed": 200,
  "train_seed": 205,
  "best_reward_so_far": 15.694602326772678
}