{
  "sharpness": 2.7850874614186267,
  "gradient_smoothness": 0.35398558388191464,
  "loss_mean": 0.0,
  "loss_std": 0.0,
  "loss_trend": -1.0142769283320924e-09,
  "parameter_norm": 41.42126283714808,
  "lambda_max_10": -54.47719192504883,
  "hessian_trace_10": 775.1194641113282,
  "fim_trace": 9004.724684596062,
  "step_count": 12,
  "timestamp": 1766082871.6195586,
  "episode_reward": 970.1328735351562,
  "num_steps": 425984,
  "feature_compute_time_s": 5.1005775928497314,
  "train_iter_time_s": 2.7473013401031494,
  "init_seed": 201,
  "train_seed": 200,
  "best_reward_so_far": -Infinity
}