{
  "sharpness": 1.2848877535325605,
  "gradient_smoothness": 0.053268019557951615,
  "loss_mean": 0.0,
  "loss_std": 0.0,
  "loss_trend": 1.0584700686555132e-10,
  "parameter_norm": 33.955917459725974,
  "lambda_max_10": -19.171884536743164,
  "hessian_trace_10": 153.63913192749024,
  "fim_trace": 1087.1509779132903,
  "step_count": 40,
  "timestamp": 1765446147.8027265,
  "episode_reward": 1144.5072021484375,
  "num_steps": 1343488,
  "feature_compute_time_s": 5.433243036270142,
  "train_iter_time_s": 4.449519634246826,
  "init_seed": 205,
  "train_seed": 200,
  "best_reward_so_far": 747.357728944412
}