{
  "sharpness": 1.4494613874911872,
  "gradient_smoothness": 0.05746647132038258,
  "loss_mean": 0.0,
  "loss_std": 0.0,
  "loss_trend": 3.140897805379311e-10,
  "parameter_norm": 33.721302379741736,
  "lambda_max_10": -16.570655822753906,
  "hessian_trace_10": 300.3163665771484,
  "fim_trace": 1352.513035768643,
  "step_count": 16,
  "timestamp": 1765442263.3179848,
  "episode_reward": -21.728721618652344,
  "num_steps": 557056,
  "feature_compute_time_s": 5.455595970153809,
  "train_iter_time_s": 4.842799663543701,
  "init_seed": 206,
  "train_seed": 200,
  "best_reward_so_far": 295.0885110488273
}