{
  "sharpness": 1.3420206800121794,
  "gradient_smoothness": 0.028084378733068047,
  "loss_mean": 0.0,
  "loss_std": 0.0,
  "loss_trend": 1.0091735182403485e-12,
  "parameter_norm": 26.174089522520624,
  "lambda_max_10": 7.103140354156494,
  "hessian_trace_10": 59.851644134521486,
  "fim_trace": 488.2842527553439,
  "step_count": 96,
  "timestamp": 1763778725.022047,
  "num_steps": 3178496,
  "feature_compute_time_s": 6.741746187210083,
  "train_iter_time_s": 11.231780052185059,
  "init_seed": 202,
  "train_seed": 200,
  "best_reward_so_far": 998.474516436557
}