{
  "sharpness": 0.48360378529556347,
  "gradient_smoothness": 0.0038424451625510337,
  "loss_mean": 0.0,
  "loss_std": 0.0,
  "loss_trend": 8.213418866494044e-11,
  "parameter_norm": 23.272724062717085,
  "lambda_max_10": 2.3710532188415527,
  "hessian_trace_10": 20.151125574111937,
  "fim_trace": 57.928172919899225,
  "step_count": 23,
  "timestamp": 1763759484.5415154,
  "episode_reward": 366.5718457964408,
  "num_steps": 786432,
  "feature_compute_time_s": 7.782176733016968,
  "train_iter_time_s": 16.65213632583618,
  "init_seed": 200,
  "train_seed": 203,
  "best_reward_so_far": 366.5718457964408
}