{
  "sharpness": 2.4469296773169256,
  "gradient_smoothness": 0.7615941559557649,
  "loss_mean": 0.0,
  "loss_std": 0.0,
  "loss_trend": -4.712997429272373e-10,
  "parameter_norm": 32.58869069397344,
  "lambda_max_10": -38.08726501464844,
  "hessian_trace_10": 352.4085563659668,
  "fim_trace": 2171.1377562582493,
  "step_count": 15,
  "timestamp": 1766080995.2382212,
  "episode_reward": 1418.4921875,
  "num_steps": 524288,
  "feature_compute_time_s": 6.431180477142334,
  "train_iter_time_s": 3.559002161026001,
  "init_seed": 203,
  "train_seed": 200,
  "best_reward_so_far": 886.217241691659
}