{
  "sharpness": 1.3117871538872399,
  "gradient_smoothness": 0.0,
  "parameter_norm": 32.6217380271128,
  "lambda_max_10": -15.887210845947266,
  "hessian_trace_10": 339.29881286621094,
  "fim_trace": 1450.334851615131,
  "step_count": 0,
  "timestamp": 1765438156.0300844,
  "episode_reward": 16.45204734802246,
  "num_steps": 32768,
  "feature_compute_time_s": 5.578527450561523,
  "train_iter_time_s": 5.394478797912598,
  "init_seed": 201,
  "train_seed": 200,
  "best_reward_so_far": -6.652338256591759
}