{
  "sharpness": 2.2532091782189254,
  "gradient_smoothness": 0.0,
  "parameter_norm": 29.658379962689146,
  "lambda_max_10": -29.698257446289062,
  "hessian_trace_10": 311.6485763549805,
  "fim_trace": 1904.7460162490606,
  "step_count": 0,
  "timestamp": 1764168121.2010293,
  "episode_reward": 1322.198486328125,
  "num_steps": 32768,
  "feature_compute_time_s": 5.411452293395996,
  "train_iter_time_s": 4.387982606887817,
  "init_seed": 201,
  "train_seed": 200,
  "best_reward_so_far": -Infinity
}