{
  "sharpness": 1.3080942663608284,
  "gradient_smoothness": 0.7615941559557649,
  "loss_mean": 0.0,
  "loss_std": 0.0,
  "loss_trend": 3.4198349798006e-12,
  "parameter_norm": 34.122730923979944,
  "lambda_max_10": 31.16131591796875,
  "hessian_trace_10": 687.8383911132812,
  "fim_trace": 1840.7854620739818,
  "step_count": 61,
  "timestamp": 1765442000.3095472,
  "episode_reward": 427.5303955078125,
  "num_steps": 2031616,
  "feature_compute_time_s": 9.847821950912476,
  "train_iter_time_s": 3.8174779415130615,
  "init_seed": 200,
  "train_seed": 200,
  "best_reward_so_far": 828.639309959277
}