{
  "sharpness": 2.521289788851536,
  "gradient_smoothness": 0.030088517771449847,
  "loss_mean": 0.0,
  "loss_std": 0.0,
  "loss_trend": 6.987463535109584e-09,
  "parameter_norm": 40.90554588960693,
  "lambda_max_10": 28.168140411376953,
  "hessian_trace_10": 203.93388977050782,
  "fim_trace": 2952.4797626137733,
  "step_count": 4,
  "timestamp": 1766080910.0650074,
  "episode_reward": 729.2175903320312,
  "num_steps": 163840,
  "feature_compute_time_s": 8.506463050842285,
  "train_iter_time_s": 5.452064514160156,
  "init_seed": 203,
  "train_seed": 200,
  "best_reward_so_far": -Infinity
}