{
  "sharpness": 1.6192358343693392,
  "gradient_smoothness": 0.08841879256735545,
  "loss_mean": 0.0,
  "loss_std": 0.0,
  "loss_trend": 3.843661038191478e-11,
  "parameter_norm": 29.18433704876746,
  "lambda_max_10": -21.527273178100586,
  "hessian_trace_10": 278.4024963378906,
  "fim_trace": 3115.20711889863,
  "step_count": 218,
  "timestamp": 1763776754.8984437,
  "episode_reward": 1534.8037856220446,
  "num_steps": 7176192,
  "feature_compute_time_s": 5.459392547607422,
  "train_iter_time_s": 11.085795640945435,
  "init_seed": 200,
  "train_seed": 203,
  "best_reward_so_far": 1534.8037856220446
}