{
  "sharpness": 1.7225141297782174,
  "gradient_smoothness": 0.0539333015100171,
  "loss_mean": 0.0,
  "loss_std": 0.0,
  "loss_trend": -1.3117166975941696e-11,
  "parameter_norm": 27.9622734644714,
  "lambda_max_10": -7.411291599273682,
  "hessian_trace_10": 129.79052619934083,
  "fim_trace": 762.3135670423508,
  "step_count": 153,
  "timestamp": 1763781648.1015646,
  "num_steps": 5046272,
  "feature_compute_time_s": 4.8190696239471436,
  "train_iter_time_s": 7.799337148666382,
  "init_seed": 206,
  "train_seed": 200,
  "best_reward_so_far": 1084.7114232999734
}