{
  "sharpness": 1.5300675762665312,
  "gradient_smoothness": 0.028053416841318807,
  "loss_mean": 0.0,
  "loss_std": 0.0,
  "loss_trend": -1.689086692419802e-12,
  "parameter_norm": 30.86486216905934,
  "lambda_max_10": -35.63047790527344,
  "hessian_trace_10": 397.7923217773438,
  "fim_trace": 1871.0601898245513,
  "step_count": 155,
  "timestamp": 1763769649.387719,
  "episode_reward": 1280.4479274036628,
  "num_steps": 5111808,
  "feature_compute_time_s": 6.060909748077393,
  "train_iter_time_s": 15.828181982040405,
  "init_seed": 203,
  "train_seed": 200,
  "best_reward_so_far": 1351.1097576089326
}