{
  "sharpness": 1.1550490268125866,
  "gradient_smoothness": 0.0,
  "parameter_norm": 32.420584793267956,
  "lambda_max_10": -18.65825653076172,
  "hessian_trace_10": 353.75061492919923,
  "fim_trace": 2171.9207461103797,
  "step_count": 0,
  "timestamp": 1765439123.1876926,
  "episode_reward": 141.38909912109375,
  "num_steps": 32768,
  "feature_compute_time_s": 10.69927453994751,
  "train_iter_time_s": 6.713097810745239,
  "init_seed": 200,
  "train_seed": 200,
  "best_reward_so_far": 12.737290203091131
}