{
  "sharpness": 5.085157533461338,
  "gradient_smoothness": 0.17646118724134524,
  "loss_mean": 0.0,
  "loss_std": 0.0,
  "loss_trend": -8.743972344930956e-10,
  "parameter_norm": 52.53000484334074,
  "lambda_max_10": -74.16724395751953,
  "hessian_trace_10": 39.58504028320313,
  "fim_trace": 11137.784785985947,
  "step_count": 5,
  "timestamp": 1766080746.673616,
  "episode_reward": 324.6097106933594,
  "num_steps": 196608,
  "feature_compute_time_s": 5.21565055847168,
  "train_iter_time_s": 2.7449042797088623,
  "init_seed": 200,
  "train_seed": 206,
  "best_reward_so_far": -Infinity
}