{
  "sharpness": 1.807924297562557,
  "gradient_smoothness": 0.0,
  "loss_mean": 0.0,
  "loss_std": 0.0,
  "loss_trend": 0.0,
  "parameter_norm": 30.33769256610724,
  "lambda_max_10": -182.79510498046875,
  "hessian_trace_10": 1126.040542602539,
  "fim_trace": 22094.216787606478,
  "step_count": 1,
  "timestamp": 1764177173.1573944,
  "episode_reward": 1350.9759521484375,
  "num_steps": 65536,
  "feature_compute_time_s": 5.19735860824585,
  "train_iter_time_s": 4.709038734436035,
  "init_seed": 200,
  "train_seed": 205,
  "best_reward_so_far": -Infinity
}