{
  "sharpness": 1.8068757004343705,
  "gradient_smoothness": 0.08118861090526645,
  "loss_mean": 0.0,
  "loss_std": 0.0,
  "loss_trend": 8.020726617032878e-09,
  "parameter_norm": 101.89787109515136,
  "lambda_max_10": -8.751379013061523,
  "hessian_trace_10": 32.76486606597901,
  "fim_trace": 3741.419814914465,
  "step_count": 4,
  "timestamp": 1764177574.6488466,
  "episode_reward": -650.1395263671875,
  "num_steps": 163840,
  "feature_compute_time_s": 5.161532163619995,
  "train_iter_time_s": 2.813844680786133,
  "init_seed": 201,
  "train_seed": 200,
  "best_reward_so_far": -Infinity
}