{
  "sharpness": 1.2457518632969964,
  "gradient_smoothness": 0.00877824396762673,
  "loss_mean": 0.0,
  "loss_std": 0.0,
  "loss_trend": 4.954210250119867e-11,
  "parameter_norm": 24.470269155133792,
  "lambda_max_10": 7.415928363800049,
  "hessian_trace_10": 95.19814872741699,
  "fim_trace": 299.81188021600246,
  "step_count": 58,
  "timestamp": 1763772890.6456194,
  "num_steps": 1933312,
  "feature_compute_time_s": 5.2995054721832275,
  "train_iter_time_s": 9.253312587738037,
  "init_seed": 200,
  "train_seed": 201,
  "best_reward_so_far": 451.1427809405769
}