{
  "sharpness": 1.111261230004566,
  "gradient_smoothness": 0.09160030790980773,
  "loss_mean": 0.0,
  "loss_std": 0.0,
  "loss_trend": -3.0721907215325248e-12,
  "parameter_norm": 25.833771385660853,
  "lambda_max_10": 8.515207290649414,
  "hessian_trace_10": 78.51443061828613,
  "fim_trace": 448.9564443901181,
  "step_count": 80,
  "timestamp": 1763774157.2236538,
  "num_steps": 2654208,
  "feature_compute_time_s": 8.811329126358032,
  "train_iter_time_s": 12.61685562133789,
  "init_seed": 200,
  "train_seed": 203,
  "best_reward_so_far": 973.9057749447795
}