{
  "sharpness": 1.3231945614454774,
  "gradient_smoothness": 0.1459102398055116,
  "loss_mean": 0.0,
  "loss_std": 0.0,
  "loss_trend": -2.5232843062665784e-11,
  "parameter_norm": 32.59245309474834,
  "lambda_max_10": -17.259784698486328,
  "hessian_trace_10": 373.7644348144531,
  "fim_trace": 2477.6835052147508,
  "step_count": 292,
  "timestamp": 1763766526.1637616,
  "episode_reward": 1641.4874779421214,
  "num_steps": 9601024,
  "feature_compute_time_s": 10.112218141555786,
  "train_iter_time_s": 19.010786294937134,
  "init_seed": 200,
  "train_seed": 205,
  "best_reward_so_far": 1923.0704872523756
}