{
  "sharpness": 1.2389008629877991,
  "gradient_smoothness": 0.04346753961179918,
  "loss_mean": 0.0,
  "loss_std": 0.0,
  "loss_trend": -4.358259829795576e-11,
  "parameter_norm": 31.277265893106843,
  "lambda_max_10": -17.013765335083008,
  "hessian_trace_10": 365.425390625,
  "fim_trace": 971.033900488168,
  "step_count": 164,
  "timestamp": 1763769860.674952,
  "episode_reward": 1792.3105199197023,
  "num_steps": 5406720,
  "feature_compute_time_s": 10.117268800735474,
  "train_iter_time_s": 14.916091442108154,
  "init_seed": 204,
  "train_seed": 200,
  "best_reward_so_far": 1792.3105199197023
}