{
  "sharpness": 1.810105185297397,
  "gradient_smoothness": 0.2911673894715377,
  "loss_mean": 0.0,
  "loss_std": 0.0,
  "loss_trend": 1.1324921252041207e-10,
  "parameter_norm": 34.62180344667703,
  "lambda_max_10": -19.77797508239746,
  "hessian_trace_10": 385.4126220703125,
  "fim_trace": 2491.4439414292574,
  "step_count": 11,
  "timestamp": 1765470018.6412256,
  "episode_reward": 0.33219870924949646,
  "num_steps": 393216,
  "feature_compute_time_s": 7.827587842941284,
  "train_iter_time_s": 6.688390731811523,
  "init_seed": 207,
  "train_seed": 200,
  "best_reward_so_far": 124.4005419336745
}