{
  "sharpness": 1.3657724087071466,
  "gradient_smoothness": 0.046656385729016175,
  "loss_mean": 0.0,
  "loss_std": 0.0,
  "loss_trend": -4.2562706702396234e-11,
  "parameter_norm": 34.16720237363791,
  "lambda_max_10": -13.711872100830078,
  "hessian_trace_10": 396.1358306884766,
  "fim_trace": 1354.4547341950238,
  "step_count": 37,
  "timestamp": 1765444160.6770144,
  "episode_reward": -34.373905181884766,
  "num_steps": 1245184,
  "feature_compute_time_s": 5.589586496353149,
  "train_iter_time_s": 3.790172815322876,
  "init_seed": 204,
  "train_seed": 200,
  "best_reward_so_far": 773.9443906779089
}