{
  "sharpness": 1.109587768215902,
  "gradient_smoothness": 0.08652931647018201,
  "loss_mean": 0.0,
  "loss_std": 0.0,
  "loss_trend": 1.3682497727003923e-10,
  "parameter_norm": 34.34982205201876,
  "lambda_max_10": -19.090425491333008,
  "hessian_trace_10": 365.3313842773438,
  "fim_trace": 1634.899090807885,
  "step_count": 39,
  "timestamp": 1765439677.5666304,
  "episode_reward": 1354.071044921875,
  "num_steps": 1310720,
  "feature_compute_time_s": 10.805436372756958,
  "train_iter_time_s": 4.017202377319336,
  "init_seed": 200,
  "train_seed": 204,
  "best_reward_so_far": 770.083208083376
}