{
  "sharpness": 1.257437645385867,
  "gradient_smoothness": 0.002794782205544785,
  "loss_mean": 0.0,
  "loss_std": 0.0,
  "loss_trend": 3.199133302719342e-12,
  "parameter_norm": 32.08902511969884,
  "lambda_max_10": -23.961101531982422,
  "hessian_trace_10": 390.39466400146483,
  "fim_trace": 1090.2038970086724,
  "step_count": 243,
  "timestamp": 1763774178.9981632,
  "episode_reward": 1628.9385153022902,
  "num_steps": 7995392,
  "feature_compute_time_s": 8.709442138671875,
  "train_iter_time_s": 20.102440118789673,
  "init_seed": 207,
  "train_seed": 200,
  "best_reward_so_far": 1906.754474327563
}