{
  "sharpness": 1.7153078972931588,
  "gradient_smoothness": 0.010099787491934855,
  "loss_mean": 0.0,
  "loss_std": 0.0,
  "loss_trend": -5.919883734034636e-12,
  "parameter_norm": 28.494415995238697,
  "lambda_max_10": -21.19784927368164,
  "hessian_trace_10": 244.5283275604248,
  "fim_trace": 1616.733741402626,
  "step_count": 152,
  "timestamp": 1763779093.7525685,
  "num_steps": 5013504,
  "feature_compute_time_s": 7.00022554397583,
  "train_iter_time_s": 13.358204364776611,
  "init_seed": 201,
  "train_seed": 200,
  "best_reward_so_far": 1034.7179435106987
}