{
  "sharpness": 1.8859310759949781,
  "gradient_smoothness": 0.07160771347197019,
  "loss_mean": 0.0,
  "loss_std": 0.0,
  "loss_trend": 7.628713546339151e-10,
  "parameter_norm": 31.88781014623657,
  "lambda_max_10": -53.09663391113281,
  "hessian_trace_10": 445.9746063232422,
  "fim_trace": 9335.663365207613,
  "step_count": 3,
  "timestamp": 1764178032.1423464,
  "episode_reward": 3293.645751953125,
  "num_steps": 131072,
  "feature_compute_time_s": 5.557553768157959,
  "train_iter_time_s": 2.7121217250823975,
  "init_seed": 205,
  "train_seed": 200,
  "best_reward_so_far": -Infinity
}