{
  "sharpness": 0.556604535891522,
  "gradient_smoothness": 0.00455731413682589,
  "loss_mean": 0.0,
  "loss_std": 0.0,
  "loss_trend": 2.1246393341060977e-10,
  "parameter_norm": 23.93269007715785,
  "lambda_max_10": 3.5069081783294678,
  "hessian_trace_10": 26.737456226348876,
  "fim_trace": 76.89383073709905,
  "step_count": 30,
  "timestamp": 1763759648.872784,
  "episode_reward": 441.02712262560703,
  "num_steps": 1015808,
  "feature_compute_time_s": 6.941754579544067,
  "train_iter_time_s": 16.424033880233765,
  "init_seed": 200,
  "train_seed": 203,
  "best_reward_so_far": 441.02712262560703
}