{
  "sharpness": 2.4985708892722904,
  "gradient_smoothness": 0.7615941559557649,
  "loss_mean": 0.0,
  "loss_std": 0.0,
  "loss_trend": -1.1456055539053184e-09,
  "parameter_norm": 29.491961253643137,
  "lambda_max_10": -21.1406192779541,
  "hessian_trace_10": 219.73754196166993,
  "fim_trace": 1408.5842335373163,
  "step_count": 15,
  "timestamp": 1764168390.791571,
  "episode_reward": 1398.3441162109375,
  "num_steps": 524288,
  "feature_compute_time_s": 5.1418280601501465,
  "train_iter_time_s": 2.826090097427368,
  "init_seed": 206,
  "train_seed": 200,
  "best_reward_so_far": 1173.5595928661473
}