{
  "sharpness": 2.116506645498797,
  "gradient_smoothness": 0.09318396653862845,
  "loss_mean": 0.0,
  "loss_std": 0.0,
  "loss_trend": 4.674360064452856e-12,
  "parameter_norm": 27.581601940574007,
  "lambda_max_10": -27.657833099365234,
  "hessian_trace_10": 136.69558181762696,
  "fim_trace": 1269.3466087058187,
  "step_count": 148,
  "timestamp": 1763779682.1342564,
  "num_steps": 4882432,
  "feature_compute_time_s": 6.794615983963013,
  "train_iter_time_s": 10.939719438552856,
  "init_seed": 202,
  "train_seed": 200,
  "best_reward_so_far": 1146.985201074867
}