{
  "sharpness": 2.2960765901277433,
  "gradient_smoothness": 0.6360518640734033,
  "loss_mean": 0.0,
  "loss_std": 0.0,
  "loss_trend": 7.028876383258523e-10,
  "parameter_norm": 29.119633489516474,
  "lambda_max_10": -63.36183547973633,
  "hessian_trace_10": 178.4018299102783,
  "fim_trace": 3458.4857543110847,
  "step_count": 14,
  "timestamp": 1764167921.261948,
  "episode_reward": 1502.8927001953125,
  "num_steps": 491520,
  "feature_compute_time_s": 5.215639114379883,
  "train_iter_time_s": 4.099311590194702,
  "init_seed": 202,
  "train_seed": 200,
  "best_reward_so_far": -Infinity
}