{
  "sharpness": 1.4589533835458086,
  "gradient_smoothness": 0.05025219116723397,
  "loss_mean": 0.0,
  "loss_std": 0.0,
  "loss_trend": -1.6579376758855967e-10,
  "parameter_norm": 33.734797571145904,
  "lambda_max_10": -34.774925231933594,
  "hessian_trace_10": 532.92685546875,
  "fim_trace": 3011.199301674962,
  "step_count": 16,
  "timestamp": 1765442582.7468352,
  "episode_reward": -16.03759765625,
  "num_steps": 557056,
  "feature_compute_time_s": 5.627311944961548,
  "train_iter_time_s": 3.880357503890991,
  "init_seed": 202,
  "train_seed": 200,
  "best_reward_so_far": 98.99418787960832
}