{
  "sharpness": 1.186154832376624,
  "gradient_smoothness": 0.0022447848392137216,
  "loss_mean": 0.0,
  "loss_std": 0.0,
  "loss_trend": 5.444057916128123e-10,
  "parameter_norm": 34.40408143229995,
  "lambda_max_10": -20.526531219482422,
  "hessian_trace_10": 378.9753082275391,
  "fim_trace": 2556.5651917532086,
  "step_count": 26,
  "timestamp": 1765439091.4749582,
  "episode_reward": 1465.9117431640625,
  "num_steps": 884736,
  "feature_compute_time_s": 5.631885766983032,
  "train_iter_time_s": 3.8671987056732178,
  "init_seed": 200,
  "train_seed": 200,
  "best_reward_so_far": 647.0662400427627
}