{
  "sharpness": 1.9000488645791431,
  "gradient_smoothness": 0.042154882114343,
  "loss_mean": 0.0,
  "loss_std": 0.0,
  "loss_trend": -3.904500368434325e-12,
  "parameter_norm": 28.97376499213588,
  "lambda_max_10": -54.380619049072266,
  "hessian_trace_10": 497.0489273071289,
  "fim_trace": 4896.068756222725,
  "step_count": 213,
  "timestamp": 1763777166.5095887,
  "num_steps": 7012352,
  "feature_compute_time_s": 7.166673898696899,
  "train_iter_time_s": 14.06842565536499,
  "init_seed": 200,
  "train_seed": 204,
  "best_reward_so_far": 1128.709426542779
}