{
  "sharpness": 1.4363593264323469,
  "gradient_smoothness": 0.03735389500641406,
  "loss_mean": 0.0,
  "loss_std": 0.0,
  "loss_trend": -2.53565760328428e-10,
  "parameter_norm": 34.02113061478007,
  "lambda_max_10": -35.104278564453125,
  "hessian_trace_10": 560.2063720703125,
  "fim_trace": 3801.2449341006577,
  "step_count": 31,
  "timestamp": 1765440173.4555948,
  "episode_reward": 1064.89306640625,
  "num_steps": 1048576,
  "feature_compute_time_s": 10.965404987335205,
  "train_iter_time_s": 4.681492567062378,
  "init_seed": 200,
  "train_seed": 206,
  "best_reward_so_far": 736.6150912888052
}