{
  "sharpness": 1.2098752517782883,
  "gradient_smoothness": 0.17606140613256321,
  "loss_mean": 0.0,
  "loss_std": 0.0,
  "loss_trend": 3.8824192911407947e-11,
  "parameter_norm": 34.17076148095455,
  "lambda_max_10": -32.37550354003906,
  "hessian_trace_10": 526.0348083496094,
  "fim_trace": 2210.8055306896567,
  "step_count": 53,
  "timestamp": 1765442834.9710739,
  "episode_reward": 520.2769165039062,
  "num_steps": 1769472,
  "feature_compute_time_s": 9.33063554763794,
  "train_iter_time_s": 3.98163104057312,
  "init_seed": 200,
  "train_seed": 200,
  "best_reward_so_far": 767.9357121656857
}