{
  "sharpness": 1.2961157538837171,
  "gradient_smoothness": 0.14559050900509682,
  "loss_mean": 0.0,
  "loss_std": 0.0,
  "loss_trend": 4.024534561249979e-09,
  "parameter_norm": 33.24791404954864,
  "lambda_max_10": -27.085559844970703,
  "hessian_trace_10": 452.05445251464846,
  "fim_trace": 1704.1574689000845,
  "step_count": 2,
  "timestamp": 1765468735.1694918,
  "episode_reward": 243.7215576171875,
  "num_steps": 98304,
  "feature_compute_time_s": 5.773846864700317,
  "train_iter_time_s": 7.21523380279541,
  "init_seed": 200,
  "train_seed": 205,
  "best_reward_so_far": 69.25316782239354
}