{
  "sharpness": 1.4766337442462056,
  "gradient_smoothness": 0.026025930001657677,
  "loss_mean": 0.0,
  "loss_std": 0.0,
  "loss_trend": -1.7855066289265186e-10,
  "parameter_norm": 34.08550579125869,
  "lambda_max_10": -32.89518737792969,
  "hessian_trace_10": 468.2421875,
  "fim_trace": 1923.5547658242285,
  "step_count": 29,
  "timestamp": 1765443895.957734,
  "episode_reward": -11.450531005859375,
  "num_steps": 983040,
  "feature_compute_time_s": 5.601085901260376,
  "train_iter_time_s": 4.046798467636108,
  "init_seed": 202,
  "train_seed": 200,
  "best_reward_so_far": 489.90461350765867
}