{
  "sharpness": 1.2881205680285328,
  "gradient_smoothness": 0.16392682382712043,
  "loss_mean": 0.0,
  "loss_std": 0.0,
  "loss_trend": 3.156970695412593e-13,
  "parameter_norm": 32.10259313180936,
  "lambda_max_10": -27.103586196899414,
  "hessian_trace_10": 301.2662551879883,
  "fim_trace": 1177.877476349473,
  "step_count": 291,
  "timestamp": 1763765313.3989,
  "episode_reward": 1390.2864858943656,
  "num_steps": 9568256,
  "feature_compute_time_s": 7.625646352767944,
  "train_iter_time_s": 16.15307068824768,
  "init_seed": 200,
  "train_seed": 207,
  "best_reward_so_far": 1613.1013248936147
}