{
  "sharpness": 1.2412382470672845,
  "gradient_smoothness": 0.12003575545653963,
  "loss_mean": 0.0,
  "loss_std": 0.0,
  "loss_trend": -1.689569878803837e-10,
  "parameter_norm": 34.07727541786104,
  "lambda_max_10": -27.35297966003418,
  "hessian_trace_10": 547.8230438232422,
  "fim_trace": 2135.3507874645293,
  "step_count": 38,
  "timestamp": 1765442602.3594701,
  "episode_reward": 434.51922607421875,
  "num_steps": 1277952,
  "feature_compute_time_s": 9.289530754089355,
  "train_iter_time_s": 3.6268956661224365,
  "init_seed": 200,
  "train_seed": 200,
  "best_reward_so_far": 767.9357121656857
}