{
  "sharpness": 1.196334244282861,
  "gradient_smoothness": 0.03734537538148394,
  "loss_mean": 0.0,
  "loss_std": 0.0,
  "loss_trend": 1.8301823985249423e-10,
  "parameter_norm": 33.931417517632234,
  "lambda_max_10": -31.365467071533203,
  "hessian_trace_10": 412.1422943115234,
  "fim_trace": 1778.9806274063885,
  "step_count": 36,
  "timestamp": 1765441737.4636385,
  "episode_reward": 956.6251831054688,
  "num_steps": 1212416,
  "feature_compute_time_s": 5.605628967285156,
  "train_iter_time_s": 4.26494836807251,
  "init_seed": 200,
  "train_seed": 201,
  "best_reward_so_far": 800.8529889843193
}