{
  "sharpness": 2.1313493923866997,
  "gradient_smoothness": 0.3219894707777629,
  "loss_mean": 0.0,
  "loss_std": 0.0,
  "loss_trend": 6.565262435996597e-10,
  "parameter_norm": 30.32409323746652,
  "lambda_max_10": 30.08031463623047,
  "hessian_trace_10": 163.89331665039063,
  "fim_trace": 6528.594001978636,
  "step_count": 12,
  "timestamp": 1764154318.423073,
  "episode_reward": 960.2825317382812,
  "num_steps": 425984,
  "feature_compute_time_s": 9.989583969116211,
  "train_iter_time_s": 3.3384854793548584,
  "init_seed": 200,
  "train_seed": 200,
  "best_reward_so_far": -Infinity
}