{
  "sharpness": 1.7108509799607807,
  "gradient_smoothness": 0.2582278871960198,
  "loss_mean": 0.0,
  "loss_std": 0.0,
  "loss_trend": -6.544825654268054e-11,
  "parameter_norm": 29.97936154778556,
  "lambda_max_10": -136.66754150390625,
  "hessian_trace_10": 964.9364196777344,
  "fim_trace": 12134.290565520525,
  "step_count": 10,
  "timestamp": 1764151570.0734296,
  "episode_reward": 1445.9337158203125,
  "num_steps": 360448,
  "feature_compute_time_s": 5.1213295459747314,
  "train_iter_time_s": 3.7273011207580566,
  "init_seed": 200,
  "train_seed": 205,
  "best_reward_so_far": -Infinity
}