{
  "sharpness": 1.2912049703111026,
  "gradient_smoothness": 0.051342052765692106,
  "loss_mean": 0.0,
  "loss_std": 0.0,
  "loss_trend": 8.71580832507316e-11,
  "parameter_norm": 34.35025626523495,
  "lambda_max_10": -34.50476837158203,
  "hessian_trace_10": 649.0161239624024,
  "fim_trace": 3022.4333678781986,
  "step_count": 42,
  "timestamp": 1765442222.5064719,
  "episode_reward": 455.51318359375,
  "num_steps": 1409024,
  "feature_compute_time_s": 10.72313904762268,
  "train_iter_time_s": 3.8515477180480957,
  "init_seed": 200,
  "train_seed": 205,
  "best_reward_so_far": 808.240541969242
}