{
  "sharpness": 1.582746198829134,
  "gradient_smoothness": 0.4452404295709579,
  "loss_mean": 0.0,
  "loss_std": 0.0,
  "loss_trend": 1.4112543692524548e-11,
  "parameter_norm": 30.09204611754423,
  "lambda_max_10": -16.804107666015625,
  "hessian_trace_10": 316.5965003967285,
  "fim_trace": 3117.91148583591,
  "step_count": 13,
  "timestamp": 1764169357.365938,
  "episode_reward": 1299.21435546875,
  "num_steps": 458752,
  "feature_compute_time_s": 5.332037925720215,
  "train_iter_time_s": 2.62165904045105,
  "init_seed": 200,
  "train_seed": 206,
  "best_reward_so_far": -Infinity
}