{
  "sharpness": 1.01186193383044,
  "gradient_smoothness": 0.06148443950175186,
  "loss_mean": 0.0,
  "loss_std": 0.0,
  "loss_trend": -8.977578078625606e-11,
  "parameter_norm": 26.326530826892057,
  "lambda_max_10": -1.4344489574432373,
  "hessian_trace_10": 29.753786897659303,
  "fim_trace": 160.06060137599707,
  "step_count": 60,
  "timestamp": 1763760382.08344,
  "episode_reward": 612.8892740941895,
  "num_steps": 1998848,
  "feature_compute_time_s": 9.305394172668457,
  "train_iter_time_s": 17.489075899124146,
  "init_seed": 200,
  "train_seed": 203,
  "best_reward_so_far": 664.6355641334682
}