{
  "sharpness": 1.2018229118009391,
  "gradient_smoothness": 0.021382582975181835,
  "loss_mean": 0.0,
  "loss_std": 0.0,
  "loss_trend": -4.0594496722861986e-11,
  "parameter_norm": 31.344303110497197,
  "lambda_max_10": -22.28689956665039,
  "hessian_trace_10": 467.6903411865234,
  "fim_trace": 1828.677607562393,
  "step_count": 167,
  "timestamp": 1763762942.9764204,
  "episode_reward": 1249.118540515625,
  "num_steps": 5505024,
  "feature_compute_time_s": 7.567527532577515,
  "train_iter_time_s": 18.11435890197754,
  "init_seed": 200,
  "train_seed": 202,
  "best_reward_so_far": 1407.3828985638045
}