{
  "sharpness": 1.278800129172178,
  "gradient_smoothness": 0.7615941559557649,
  "loss_mean": 0.0,
  "loss_std": 0.0,
  "loss_trend": 1.835339435107909e-11,
  "parameter_norm": 34.307666822199714,
  "lambda_max_10": -64.85956573486328,
  "hessian_trace_10": 642.576335144043,
  "fim_trace": 5202.480681587011,
  "step_count": 61,
  "timestamp": 1765442241.813629,
  "episode_reward": -3.548637866973877,
  "num_steps": 2031616,
  "feature_compute_time_s": 8.776325464248657,
  "train_iter_time_s": 4.465282201766968,
  "init_seed": 200,
  "train_seed": 206,
  "best_reward_so_far": 955.9842543506571
}