{
  "sharpness": 1.5484021007765871,
  "gradient_smoothness": 0.09954023465771641,
  "loss_mean": 0.0,
  "loss_std": 0.0,
  "loss_trend": -2.8819991456615788e-11,
  "parameter_norm": 29.910816446187006,
  "lambda_max_10": -25.376909255981445,
  "hessian_trace_10": 389.29291076660155,
  "fim_trace": 3663.1059692054987,
  "step_count": 7,
  "timestamp": 1764151945.9683037,
  "episode_reward": 1525.9033203125,
  "num_steps": 262144,
  "feature_compute_time_s": 5.128215312957764,
  "train_iter_time_s": 3.441955089569092,
  "init_seed": 200,
  "train_seed": 206,
  "best_reward_so_far": -Infinity
}