{
  "sharpness": 1.161160818227567,
  "gradient_smoothness": 0.09684152984303498,
  "loss_mean": 0.0,
  "loss_std": 0.0,
  "loss_trend": 8.101705427577404e-11,
  "parameter_norm": 34.1314024670492,
  "lambda_max_10": -28.881269454956055,
  "hessian_trace_10": 474.99232177734376,
  "fim_trace": 3112.8473648279905,
  "step_count": 32,
  "timestamp": 1765439123.020629,
  "episode_reward": 121.68286895751953,
  "num_steps": 1081344,
  "feature_compute_time_s": 5.6452882289886475,
  "train_iter_time_s": 4.011916637420654,
  "init_seed": 200,
  "train_seed": 202,
  "best_reward_so_far": 782.1757494282944
}