{
  "sharpness": 1.5950975725209828,
  "gradient_smoothness": 0.049461083062960584,
  "loss_mean": 0.0,
  "loss_std": 0.0,
  "loss_trend": -4.692391293992701e-10,
  "parameter_norm": 33.792649974212765,
  "lambda_max_10": -22.54779815673828,
  "hessian_trace_10": 289.1212219238281,
  "fim_trace": 2377.853824865073,
  "step_count": 30,
  "timestamp": 1765439463.838204,
  "episode_reward": 1319.4921875,
  "num_steps": 1015808,
  "feature_compute_time_s": 10.60889458656311,
  "train_iter_time_s": 3.81268572807312,
  "init_seed": 200,
  "train_seed": 207,
  "best_reward_so_far": 460.99571377754785
}