{
  "sharpness": 2.9353884340749907,
  "gradient_smoothness": 0.10615463900162313,
  "loss_mean": 0.0,
  "loss_std": 0.0,
  "loss_trend": -7.473075880869415e-11,
  "parameter_norm": 28.71810862457826,
  "lambda_max_10": -40.47890853881836,
  "hessian_trace_10": 88.23404588699341,
  "fim_trace": 2595.7868177741766,
  "step_count": 188,
  "timestamp": 1763785000.630354,
  "num_steps": 6193152,
  "feature_compute_time_s": 8.524296045303345,
  "train_iter_time_s": 14.551484107971191,
  "init_seed": 207,
  "train_seed": 200,
  "best_reward_so_far": 1410.9069188909766
}