{
  "sharpness": 1.3630967143829782,
  "gradient_smoothness": 0.4639593102762243,
  "loss_mean": 0.0,
  "loss_std": 0.0,
  "loss_trend": 9.081681499535057e-10,
  "parameter_norm": 34.555482255955134,
  "lambda_max_10": -42.40028381347656,
  "hessian_trace_10": 560.8256072998047,
  "fim_trace": 2777.2331773638725,
  "step_count": 13,
  "timestamp": 1765469140.9840753,
  "episode_reward": 1141.1434326171875,
  "num_steps": 458752,
  "feature_compute_time_s": 7.684166193008423,
  "train_iter_time_s": 5.0795111656188965,
  "init_seed": 200,
  "train_seed": 201,
  "best_reward_so_far": 219.20444490484408
}