{
  "sharpness": 1.219327037577528,
  "gradient_smoothness": 0.022314847342209346,
  "loss_mean": 0.0,
  "loss_std": 0.0,
  "loss_trend": 3.054233610663369e-11,
  "parameter_norm": 31.79127748819279,
  "lambda_max_10": -19.93002700805664,
  "hessian_trace_10": 353.198681640625,
  "fim_trace": 1729.0662229955196,
  "step_count": 192,
  "timestamp": 1763771853.4529023,
  "episode_reward": 1287.7240582865336,
  "num_steps": 6324224,
  "feature_compute_time_s": 5.339258432388306,
  "train_iter_time_s": 17.098185062408447,
  "init_seed": 205,
  "train_seed": 200,
  "best_reward_so_far": 1658.3194934058913
}