{
  "sharpness": 1.2576035403050836,
  "gradient_smoothness": 0.017311852497335297,
  "loss_mean": 0.0,
  "loss_std": 0.0,
  "loss_trend": 1.6260802775177427e-11,
  "parameter_norm": 31.62629868933149,
  "lambda_max_10": -15.28710651397705,
  "hessian_trace_10": 212.71703491210937,
  "fim_trace": 1385.142239883542,
  "step_count": 201,
  "timestamp": 1763764508.5628924,
  "episode_reward": 1450.988551586013,
  "num_steps": 6619136,
  "feature_compute_time_s": 8.405114889144897,
  "train_iter_time_s": 17.404937028884888,
  "init_seed": 200,
  "train_seed": 201,
  "best_reward_so_far": 1450.988551586013
}