{
  "sharpness": 1.9892399914939567,
  "gradient_smoothness": 0.0,
  "parameter_norm": 30.001952603351235,
  "lambda_max_10": -36.27098846435547,
  "hessian_trace_10": 134.42394771575928,
  "fim_trace": 4362.934679508209,
  "step_count": 0,
  "timestamp": 1764154160.1353033,
  "episode_reward": 1508.1688232421875,
  "num_steps": 32768,
  "feature_compute_time_s": 5.259243965148926,
  "train_iter_time_s": 2.861510753631592,
  "init_seed": 200,
  "train_seed": 200,
  "best_reward_so_far": -Infinity
}