{
  "sharpness": 1.3189075341433678,
  "gradient_smoothness": 0.008638787836466134,
  "loss_mean": 0.0,
  "loss_std": 0.0,
  "loss_trend": -9.268077696835082e-10,
  "parameter_norm": 33.173851860705554,
  "lambda_max_10": -35.538047790527344,
  "hessian_trace_10": 349.98299713134764,
  "fim_trace": 1517.1873638480902,
  "step_count": 13,
  "timestamp": 1765440957.9712055,
  "episode_reward": 132.69622802734375,
  "num_steps": 458752,
  "feature_compute_time_s": 10.743282794952393,
  "train_iter_time_s": 3.840324878692627,
  "init_seed": 200,
  "train_seed": 207,
  "best_reward_so_far": 159.8543500868039
}