{
  "sharpness": 1.320925734048493,
  "gradient_smoothness": 0.156577327126357,
  "loss_mean": 0.0,
  "loss_std": 0.0,
  "loss_trend": -1.217547019226194e-10,
  "parameter_norm": 34.27940495700919,
  "lambda_max_10": -42.91208267211914,
  "hessian_trace_10": 592.3684295654297,
  "fim_trace": 3438.8176897875965,
  "step_count": 54,
  "timestamp": 1765440482.8790069,
  "episode_reward": -1.315727710723877,
  "num_steps": 1802240,
  "feature_compute_time_s": 10.752408027648926,
  "train_iter_time_s": 4.208951234817505,
  "init_seed": 200,
  "train_seed": 206,
  "best_reward_so_far": 1055.1038962669745
}