{
  "sharpness": 2.0134166620788783,
  "gradient_smoothness": 0.10735807101605889,
  "loss_mean": 0.0,
  "loss_std": 0.0,
  "loss_trend": -7.440625656293005e-10,
  "parameter_norm": 29.658013592488835,
  "lambda_max_10": -55.682037353515625,
  "hessian_trace_10": 477.73877716064453,
  "fim_trace": 5746.147932320833,
  "step_count": 7,
  "timestamp": 1764169326.2778034,
  "episode_reward": 815.7672119140625,
  "num_steps": 262144,
  "feature_compute_time_s": 8.531638383865356,
  "train_iter_time_s": 4.039881944656372,
  "init_seed": 200,
  "train_seed": 204,
  "best_reward_so_far": -Infinity
}