{
  "sharpness": 1.2156038575517811,
  "gradient_smoothness": 0.016736045030589484,
  "loss_mean": 0.0,
  "loss_std": 0.0,
  "loss_trend": -2.1750254529929286e-11,
  "parameter_norm": 31.885559131091867,
  "lambda_max_10": -19.129709243774414,
  "hessian_trace_10": 292.3403060913086,
  "fim_trace": 1394.6334838047624,
  "step_count": 178,
  "timestamp": 1763762618.9549773,
  "episode_reward": 1250.2451755817744,
  "num_steps": 5865472,
  "feature_compute_time_s": 10.375093936920166,
  "train_iter_time_s": 16.63535189628601,
  "init_seed": 200,
  "train_seed": 200,
  "best_reward_so_far": 1541.0695824493835
}