{
  "sharpness": 11.77179824598343,
  "gradient_smoothness": 0.0,
  "parameter_norm": 52.53752566903327,
  "lambda_max_10": 262.5897216796875,
  "hessian_trace_10": 117.61785507202148,
  "fim_trace": 140021.50741672516,
  "step_count": 0,
  "timestamp": 1766082967.268437,
  "episode_reward": -461.77447509765625,
  "num_steps": 32768,
  "feature_compute_time_s": 6.819119453430176,
  "train_iter_time_s": 6.386900424957275,
  "init_seed": 201,
  "train_seed": 200,
  "best_reward_so_far": -Infinity
}