{
  "sharpness": 1.4323293895483182,
  "gradient_smoothness": 0.020297811882061784,
  "loss_mean": 0.0,
  "loss_std": 0.0,
  "loss_trend": 4.167218668648757e-13,
  "parameter_norm": 30.435050746059837,
  "lambda_max_10": -16.823116302490234,
  "hessian_trace_10": 389.0765655517578,
  "fim_trace": 1156.8305662348866,
  "step_count": 134,
  "timestamp": 1763762307.2697308,
  "episode_reward": 1208.1970861475709,
  "num_steps": 4423680,
  "feature_compute_time_s": 9.232048273086548,
  "train_iter_time_s": 18.541417121887207,
  "init_seed": 200,
  "train_seed": 205,
  "best_reward_so_far": 1235.63615712506
}