{
  "sharpness": 1.447947233102185,
  "gradient_smoothness": 0.018312507157795373,
  "loss_mean": 0.0,
  "loss_std": 0.0,
  "loss_trend": 4.168768015687179e-10,
  "parameter_norm": 33.66357138139454,
  "lambda_max_10": -40.22199630737305,
  "hessian_trace_10": 631.983544921875,
  "fim_trace": 2199.7985516116023,
  "step_count": 14,
  "timestamp": 1765441377.989994,
  "episode_reward": -5.685921669006348,
  "num_steps": 491520,
  "feature_compute_time_s": 5.45990777015686,
  "train_iter_time_s": 4.073909044265747,
  "init_seed": 202,
  "train_seed": 200,
  "best_reward_so_far": 33.568082815477545
}