{
  "sharpness": 1.9175861238155754,
  "gradient_smoothness": 0.16769600141109994,
  "loss_mean": 0.0,
  "loss_std": 0.0,
  "loss_trend": 1.1870841628559948e-09,
  "parameter_norm": 32.390149817112835,
  "lambda_max_10": -48.65364456176758,
  "hessian_trace_10": 375.4526733398437,
  "fim_trace": 9207.348082482815,
  "step_count": 5,
  "timestamp": 1764177273.139404,
  "episode_reward": 3298.373291015625,
  "num_steps": 196608,
  "feature_compute_time_s": 5.116211652755737,
  "train_iter_time_s": 2.6474568843841553,
  "init_seed": 200,
  "train_seed": 200,
  "best_reward_so_far": -Infinity
}