{
  "sharpness": 1.3356337684981323,
  "gradient_smoothness": 0.11031678012951572,
  "loss_mean": 0.0,
  "loss_std": 0.0,
  "loss_trend": -1.7010815898735853e-10,
  "parameter_norm": 34.68629960397245,
  "lambda_max_10": -17.915781021118164,
  "hessian_trace_10": 391.4180541992188,
  "fim_trace": 2942.226857982576,
  "step_count": 47,
  "timestamp": 1765440593.5841718,
  "episode_reward": 169.61155700683594,
  "num_steps": 1572864,
  "feature_compute_time_s": 5.571041822433472,
  "train_iter_time_s": 3.6826393604278564,
  "init_seed": 200,
  "train_seed": 200,
  "best_reward_so_far": 885.8912780655229
}