{
  "sharpness": 1.2874019014721132,
  "gradient_smoothness": 0.03855380390233786,
  "loss_mean": 0.0,
  "loss_std": 0.0,
  "loss_trend": -1.7756608265695689e-10,
  "parameter_norm": 34.614671794465266,
  "lambda_max_10": -38.240230560302734,
  "hessian_trace_10": 481.0251495361328,
  "fim_trace": 3477.3637943193316,
  "step_count": 40,
  "timestamp": 1765439425.7748144,
  "episode_reward": -6.874509811401367,
  "num_steps": 1343488,
  "feature_compute_time_s": 10.789664506912231,
  "train_iter_time_s": 4.102110385894775,
  "init_seed": 201,
  "train_seed": 200,
  "best_reward_so_far": 875.5493732861993
}