{
  "sharpness": 0.5699432679776841,
  "gradient_smoothness": 0.04277497396536992,
  "loss_mean": 0.0,
  "loss_std": 0.0,
  "loss_trend": -1.6052867005414032e-10,
  "parameter_norm": 22.12649760892713,
  "lambda_max_10": 1.7775063514709473,
  "hessian_trace_10": 6.729026710987091,
  "fim_trace": 73.63388796523213,
  "step_count": 28,
  "timestamp": 1763780080.4530408,
  "num_steps": 950272,
  "feature_compute_time_s": 4.905038595199585,
  "train_iter_time_s": 8.29132890701294,
  "init_seed": 206,
  "train_seed": 200,
  "best_reward_so_far": -277.9857682390736
}