{
  "sharpness": 1.1781993183209858,
  "gradient_smoothness": 0.6498584144164622,
  "loss_mean": 0.0,
  "loss_std": 0.0,
  "loss_trend": 1.600039324955664e-11,
  "parameter_norm": 32.62127971780584,
  "lambda_max_10": -33.4141960144043,
  "hessian_trace_10": 528.3170227050781,
  "fim_trace": 3059.842663422227,
  "step_count": 304,
  "timestamp": 1763774963.3128283,
  "episode_reward": 1991.5064235491398,
  "num_steps": 9994240,
  "feature_compute_time_s": 5.883733034133911,
  "train_iter_time_s": 18.44001269340515,
  "init_seed": 206,
  "train_seed": 200,
  "best_reward_so_far": 2507.548403383806
}