{
  "sharpness": 1.9230419467530284,
  "gradient_smoothness": 0.048954159286838106,
  "loss_mean": 0.0,
  "loss_std": 0.0,
  "loss_trend": -1.448822728203817e-11,
  "parameter_norm": 29.228806554612603,
  "lambda_max_10": -35.07721710205078,
  "hessian_trace_10": 316.51281814575196,
  "fim_trace": 4060.3520866036415,
  "step_count": 255,
  "timestamp": 1763786433.221813,
  "num_steps": 8388608,
  "feature_compute_time_s": 8.507660388946533,
  "train_iter_time_s": 12.56722092628479,
  "init_seed": 207,
  "train_seed": 200,
  "best_reward_so_far": 1467.7475334629858
}