{
  "sharpness": 1.6466445309445361,
  "gradient_smoothness": 0.23432001184843881,
  "loss_mean": 0.0,
  "loss_std": 0.0,
  "loss_trend": 1.8322919035896755e-10,
  "parameter_norm": 29.704865095394258,
  "lambda_max_10": -13.654094696044922,
  "hessian_trace_10": 227.60767059326173,
  "fim_trace": 2687.07666349411,
  "step_count": 9,
  "timestamp": 1764167051.7207272,
  "episode_reward": 1270.0943603515625,
  "num_steps": 327680,
  "feature_compute_time_s": 6.352402687072754,
  "train_iter_time_s": 3.843789577484131,
  "init_seed": 200,
  "train_seed": 203,
  "best_reward_so_far": -Infinity
}