{
  "sharpness": 2.514366547140116,
  "gradient_smoothness": 0.12880804676609953,
  "loss_mean": 0.0,
  "loss_std": 0.0,
  "loss_trend": -1.5278540617779364e-11,
  "parameter_norm": 29.042271898388606,
  "lambda_max_10": -82.35167694091797,
  "hessian_trace_10": 494.84802093505857,
  "fim_trace": 5334.7769915908575,
  "step_count": 6,
  "timestamp": 1764156674.065501,
  "episode_reward": 1523.362060546875,
  "num_steps": 229376,
  "feature_compute_time_s": 9.393060445785522,
  "train_iter_time_s": 3.174081563949585,
  "init_seed": 202,
  "train_seed": 200,
  "best_reward_so_far": -Infinity
}