{
  "sharpness": 1.323101934154605,
  "gradient_smoothness": 0.011796077293093126,
  "loss_mean": 0.0,
  "loss_std": 0.0,
  "loss_trend": -9.581561112785279e-11,
  "parameter_norm": 26.653118403609938,
  "lambda_max_10": 6.3512420654296875,
  "hessian_trace_10": 127.59071197509766,
  "fim_trace": 200.79009278863668,
  "step_count": 61,
  "timestamp": 1763764482.1273081,
  "episode_reward": 709.8633064656078,
  "num_steps": 2031616,
  "feature_compute_time_s": 4.762627840042114,
  "train_iter_time_s": 9.992073774337769,
  "init_seed": 200,
  "train_seed": 200,
  "best_reward_so_far": 825.5063438058102
}