{
  "sharpness": 2.5507475143704905,
  "gradient_smoothness": 0.16405275705582964,
  "loss_mean": 0.0,
  "loss_std": 0.0,
  "loss_trend": -2.2274529087295574e-09,
  "parameter_norm": 29.011643291489925,
  "lambda_max_10": -79.47412109375,
  "hessian_trace_10": 395.97034759521483,
  "fim_trace": 5196.810911655426,
  "step_count": 5,
  "timestamp": 1764156658.3364792,
  "episode_reward": 1531.9171142578125,
  "num_steps": 196608,
  "feature_compute_time_s": 7.389398574829102,
  "train_iter_time_s": 3.5906527042388916,
  "init_seed": 202,
  "train_seed": 200,
  "best_reward_so_far": -Infinity
}