{
  "sharpness": 1.5042791339396877,
  "gradient_smoothness": 0.011219829132308222,
  "loss_mean": 0.0,
  "loss_std": 0.0,
  "loss_trend": -1.3809486815512724e-11,
  "parameter_norm": 27.222889295316833,
  "lambda_max_10": -7.789453506469727,
  "hessian_trace_10": 132.466316986084,
  "fim_trace": 243.79187043383718,
  "step_count": 75,
  "timestamp": 1763760937.3611107,
  "episode_reward": 915.1672342589288,
  "num_steps": 2490368,
  "feature_compute_time_s": 6.851542949676514,
  "train_iter_time_s": 19.133078813552856,
  "init_seed": 200,
  "train_seed": 201,
  "best_reward_so_far": 1096.2238971846286
}