{
  "sharpness": 1.1899091387059886,
  "gradient_smoothness": 0.01679386568413848,
  "loss_mean": 0.0,
  "loss_std": 0.0,
  "loss_trend": -5.159183863522524e-11,
  "parameter_norm": 33.71338186585821,
  "lambda_max_10": -23.25591278076172,
  "hessian_trace_10": 582.8322082519531,
  "fim_trace": 1960.702675241977,
  "step_count": 26,
  "timestamp": 1765439532.5596387,
  "episode_reward": 540.3462524414062,
  "num_steps": 884736,
  "feature_compute_time_s": 10.269036769866943,
  "train_iter_time_s": 6.10038948059082,
  "init_seed": 200,
  "train_seed": 200,
  "best_reward_so_far": 654.1160440120599
}