{
  "sharpness": 2.645308120178197,
  "gradient_smoothness": 0.4255882319682179,
  "loss_mean": 0.0,
  "loss_std": 0.0,
  "loss_trend": -1.0709170733499085e-11,
  "parameter_norm": 30.22355449115378,
  "lambda_max_10": 3.330191135406494,
  "hessian_trace_10": -45.93172073364258,
  "fim_trace": 3500.6470068991184,
  "step_count": 12,
  "timestamp": 1764177102.4556816,
  "episode_reward": 3791.443603515625,
  "num_steps": 425984,
  "feature_compute_time_s": 9.48190689086914,
  "train_iter_time_s": 5.316195487976074,
  "init_seed": 200,
  "train_seed": 207,
  "best_reward_so_far": -Infinity
}