{
  "sharpness": 1.2031962001666952,
  "gradient_smoothness": 0.002854146899209686,
  "loss_mean": 0.0,
  "loss_std": 0.0,
  "loss_trend": 1.5876818726793023e-11,
  "parameter_norm": 32.12619879276158,
  "lambda_max_10": -29.687362670898438,
  "hessian_trace_10": 315.6788787841797,
  "fim_trace": 1883.9431176669896,
  "step_count": 285,
  "timestamp": 1763766931.7845964,
  "episode_reward": 1637.2669917535156,
  "num_steps": 9371648,
  "feature_compute_time_s": 9.664036273956299,
  "train_iter_time_s": 20.405528783798218,
  "init_seed": 200,
  "train_seed": 201,
  "best_reward_so_far": 1754.2972291488036
}