{
  "sharpness": 0.7241589990966081,
  "gradient_smoothness": 0.053965672274245535,
  "loss_mean": 0.0,
  "loss_std": 0.0,
  "loss_trend": 1.9046432183057486e-10,
  "parameter_norm": 22.216800009135703,
  "lambda_max_10": -2.1818270683288574,
  "hessian_trace_10": -14.966685485839843,
  "fim_trace": 69.4734334051609,
  "step_count": 29,
  "timestamp": 1763768562.6763914,
  "num_steps": 983040,
  "feature_compute_time_s": 4.528711795806885,
  "train_iter_time_s": 7.321567058563232,
  "init_seed": 200,
  "train_seed": 200,
  "best_reward_so_far": -276.72799896488107
}