{
  "sharpness": 0.6052084615549249,
  "gradient_smoothness": 0.2856585463650617,
  "loss_mean": 0.0,
  "loss_std": 0.0,
  "loss_trend": 4.2937959786081996e-11,
  "parameter_norm": 22.361570532338707,
  "lambda_max_10": 2.2316789627075195,
  "hessian_trace_10": 10.582621467113494,
  "fim_trace": 80.01218380592763,
  "step_count": 31,
  "timestamp": 1763779320.4598541,
  "episode_reward": -62.11290205659722,
  "num_steps": 1048576,
  "feature_compute_time_s": 5.566483497619629,
  "train_iter_time_s": 10.701746225357056,
  "init_seed": 204,
  "train_seed": 200,
  "best_reward_so_far": -62.11290205659722
}