{
  "sharpness": 1.846301325824225,
  "gradient_smoothness": 2.2399542483759394e-05,
  "loss_mean": 0.0,
  "loss_std": 0.0,
  "loss_trend": 1.0027756390174279e-11,
  "parameter_norm": 26.77695675517368,
  "lambda_max_10": -17.643875122070312,
  "hessian_trace_10": 106.19873085021973,
  "fim_trace": 957.4106066673994,
  "step_count": 101,
  "timestamp": 1763774936.2803783,
  "num_steps": 3342336,
  "feature_compute_time_s": 5.249366283416748,
  "train_iter_time_s": 10.752175331115723,
  "init_seed": 200,
  "train_seed": 204,
  "best_reward_so_far": 920.7914265404432
}