{
  "sharpness": 1.322470510339556,
  "gradient_smoothness": 0.06497760881994705,
  "loss_mean": 0.0,
  "loss_std": 0.0,
  "loss_trend": 1.8079483021556514e-11,
  "parameter_norm": 32.27349009605187,
  "lambda_max_10": -8.914119720458984,
  "hessian_trace_10": 255.80601959228517,
  "fim_trace": 951.5216813907027,
  "step_count": 246,
  "timestamp": 1763770708.830741,
  "episode_reward": 1286.8088455757224,
  "num_steps": 8093696,
  "feature_compute_time_s": 5.8675007820129395,
  "train_iter_time_s": 13.812452554702759,
  "init_seed": 201,
  "train_seed": 200,
  "best_reward_so_far": 1473.7350484719511
}