{
  "sharpness": 2.0996313855768998,
  "gradient_smoothness": 0.028471710173890476,
  "loss_mean": 0.0,
  "loss_std": 0.0,
  "loss_trend": 7.45185988966059e-12,
  "parameter_norm": 29.49742422195908,
  "lambda_max_10": -65.05998229980469,
  "hessian_trace_10": 121.97406539916992,
  "fim_trace": 5261.437348723412,
  "step_count": 274,
  "timestamp": 1763771618.3844278,
  "num_steps": 9011200,
  "feature_compute_time_s": 4.454724073410034,
  "train_iter_time_s": 8.182645320892334,
  "init_seed": 200,
  "train_seed": 200,
  "best_reward_so_far": 1269.1137796691619
}