{
  "sharpness": 1.593934957889943,
  "gradient_smoothness": 0.009576639121823678,
  "loss_mean": 0.0,
  "loss_std": 0.0,
  "loss_trend": -2.5685846729333757e-11,
  "parameter_norm": 29.230002457619822,
  "lambda_max_10": 13.774642944335938,
  "hessian_trace_10": 230.077392578125,
  "fim_trace": 3319.5366532206535,
  "step_count": 182,
  "timestamp": 1763778171.7746222,
  "num_steps": 5996544,
  "feature_compute_time_s": 4.657450914382935,
  "train_iter_time_s": 8.187005996704102,
  "init_seed": 200,
  "train_seed": 200,
  "best_reward_so_far": 1449.780723261386
}