{
  "sharpness": 1.145862440232623,
  "gradient_smoothness": 0.04635935442766201,
  "loss_mean": 0.0,
  "loss_std": 0.0,
  "loss_trend": 2.4537404842021742e-11,
  "parameter_norm": 27.403640902079122,
  "lambda_max_10": 11.319330215454102,
  "hessian_trace_10": 81.34867553710937,
  "fim_trace": 797.7431632876396,
  "step_count": 121,
  "timestamp": 1763777451.595868,
  "num_steps": 3997696,
  "feature_compute_time_s": 6.51557731628418,
  "train_iter_time_s": 12.090920448303223,
  "init_seed": 200,
  "train_seed": 207,
  "best_reward_so_far": 1117.293726782635
}