{
  "sharpness": 3.4952574432813246,
  "gradient_smoothness": 0.06794228986629347,
  "loss_mean": 0.0,
  "loss_std": 0.0,
  "loss_trend": -5.681966190191174e-09,
  "parameter_norm": 102.50738462871844,
  "lambda_max_10": -15.484017372131348,
  "hessian_trace_10": -80.94273376464844,
  "fim_trace": 3093.286547904834,
  "step_count": 5,
  "timestamp": 1765469996.6156425,
  "episode_reward": 266.50091552734375,
  "num_steps": 196608,
  "feature_compute_time_s": 5.464188814163208,
  "train_iter_time_s": 3.8660707473754883,
  "init_seed": 205,
  "train_seed": 200,
  "best_reward_so_far": -3.3290210185072557
}