{
  "sharpness": 2.7197709646867883,
  "gradient_smoothness": 0.0,
  "loss_mean": 0.0,
  "loss_std": 0.0,
  "loss_trend": 0.0,
  "parameter_norm": 41.319416815898805,
  "lambda_max_10": -38.80903625488281,
  "hessian_trace_10": 550.5463424682617,
  "fim_trace": 8697.237335026264,
  "step_count": 1,
  "timestamp": 1766082768.017945,
  "episode_reward": 218.56483459472656,
  "num_steps": 65536,
  "feature_compute_time_s": 4.8644092082977295,
  "train_iter_time_s": 3.2447397708892822,
  "init_seed": 201,
  "train_seed": 200,
  "best_reward_so_far": -Infinity
}