{
  "sharpness": 1.2151216942143068,
  "gradient_smoothness": 0.06378931034264707,
  "loss_mean": 0.0,
  "loss_std": 0.0,
  "loss_trend": -2.9475842828719793e-12,
  "parameter_norm": 32.35774934605163,
  "lambda_max_10": -19.06061363220215,
  "hessian_trace_10": 254.7871841430664,
  "fim_trace": 1197.3002145905048,
  "step_count": 204,
  "timestamp": 1763763173.479294,
  "episode_reward": 1216.8256846602221,
  "num_steps": 6717440,
  "feature_compute_time_s": 4.916541814804077,
  "train_iter_time_s": 15.05131721496582,
  "init_seed": 200,
  "train_seed": 200,
  "best_reward_so_far": 1702.046919368742
}