{
  "sharpness": 1.2497309403879335,
  "gradient_smoothness": 0.058085264564663314,
  "loss_mean": 0.0,
  "loss_std": 0.0,
  "loss_trend": -8.599815257408292e-09,
  "parameter_norm": 32.98579248539222,
  "lambda_max_10": -24.408702850341797,
  "hessian_trace_10": 416.44004516601564,
  "fim_trace": 1521.4102679342031,
  "step_count": 3,
  "timestamp": 1765438190.9669023,
  "episode_reward": -14.782421112060547,
  "num_steps": 131072,
  "feature_compute_time_s": 5.478793382644653,
  "train_iter_time_s": 4.100895881652832,
  "init_seed": 201,
  "train_seed": 200,
  "best_reward_so_far": 40.44563200314919
}