{
  "sharpness": 0.5329693484750447,
  "gradient_smoothness": 0.00434804765283394,
  "loss_mean": 0.0,
  "loss_std": 0.0,
  "loss_trend": -1.0776217340111068e-10,
  "parameter_norm": 23.871506269708362,
  "lambda_max_10": 2.290727138519287,
  "hessian_trace_10": 20.668176412582397,
  "fim_trace": 69.47400425374508,
  "step_count": 31,
  "timestamp": 1763767709.6335652,
  "episode_reward": 359.1761528535919,
  "num_steps": 1048576,
  "feature_compute_time_s": 6.422437429428101,
  "train_iter_time_s": 19.642278909683228,
  "init_seed": 206,
  "train_seed": 200,
  "best_reward_so_far": 359.1761528535919
}