{
  "sharpness": 1.2757238344497004,
  "gradient_smoothness": 0.009683990923507286,
  "loss_mean": 0.0,
  "loss_std": 0.0,
  "loss_trend": -8.072911084658901e-11,
  "parameter_norm": 33.530966804948825,
  "lambda_max_10": -24.097322463989258,
  "hessian_trace_10": 333.3124374389648,
  "fim_trace": 1198.3665564060211,
  "step_count": 23,
  "timestamp": 1765440803.9205713,
  "episode_reward": 33.96767044067383,
  "num_steps": 786432,
  "feature_compute_time_s": 6.577100515365601,
  "train_iter_time_s": 5.210189580917358,
  "init_seed": 200,
  "train_seed": 201,
  "best_reward_so_far": 322.4790131034679
}