{
  "sharpness": 1.6063114401549197,
  "gradient_smoothness": 0.48696820763817267,
  "loss_mean": 0.0,
  "loss_std": 0.0,
  "loss_trend": 1.3626190683089535e-09,
  "parameter_norm": 29.765478365513026,
  "lambda_max_10": -22.435096740722656,
  "hessian_trace_10": 223.45762557983397,
  "fim_trace": 4096.684689685702,
  "step_count": 13,
  "timestamp": 1764166700.9743583,
  "episode_reward": 1822.392578125,
  "num_steps": 458752,
  "feature_compute_time_s": 5.33262825012207,
  "train_iter_time_s": 4.358797550201416,
  "init_seed": 200,
  "train_seed": 203,
  "best_reward_so_far": -Infinity
}