{
  "sharpness": 1.3893230062559274,
  "gradient_smoothness": 0.7615941559557649,
  "loss_mean": 0.0,
  "loss_std": 0.0,
  "loss_trend": -5.584971931490237e-11,
  "parameter_norm": 34.410779450522995,
  "lambda_max_10": -44.64676284790039,
  "hessian_trace_10": 488.11888580322267,
  "fim_trace": 4295.943189729005,
  "step_count": 61,
  "timestamp": 1765439668.1245246,
  "episode_reward": -8.268797874450684,
  "num_steps": 2031616,
  "feature_compute_time_s": 5.396326065063477,
  "train_iter_time_s": 4.584375858306885,
  "init_seed": 200,
  "train_seed": 206,
  "best_reward_so_far": 1053.4094668626467
}