{
  "sharpness": 1.1523758881932054,
  "gradient_smoothness": 0.03942645771366386,
  "loss_mean": 0.0,
  "loss_std": 0.0,
  "loss_trend": 5.964831929357944e-11,
  "parameter_norm": 26.703133668156017,
  "lambda_max_10": -3.968691110610962,
  "hessian_trace_10": 29.69089870452881,
  "fim_trace": 178.43851203098893,
  "step_count": 63,
  "timestamp": 1763768489.8359454,
  "episode_reward": 742.7568895170053,
  "num_steps": 2097152,
  "feature_compute_time_s": 11.028543472290039,
  "train_iter_time_s": 18.060240983963013,
  "init_seed": 205,
  "train_seed": 200,
  "best_reward_so_far": 767.8665142106602
}