{
  "sharpness": 1.1707786786460426,
  "gradient_smoothness": 0.06602012832474924,
  "loss_mean": 0.0,
  "loss_std": 0.0,
  "loss_trend": -1.1735703919167732e-08,
  "parameter_norm": 101.5997619832208,
  "lambda_max_10": 1.1466307640075684,
  "hessian_trace_10": -53.30931377410889,
  "fim_trace": 2050.1171274483204,
  "step_count": 2,
  "timestamp": 1764178328.169263,
  "episode_reward": -647.9412841796875,
  "num_steps": 98304,
  "feature_compute_time_s": 5.118597507476807,
  "train_iter_time_s": 3.5297791957855225,
  "init_seed": 203,
  "train_seed": 200,
  "best_reward_so_far": -Infinity
}