{
  "sharpness": 1.4326700802945262,
  "gradient_smoothness": 0.3212503958000114,
  "loss_mean": 0.0,
  "loss_std": 0.0,
  "loss_trend": -1.6515497648868706e-10,
  "parameter_norm": 33.37505655211496,
  "lambda_max_10": -27.249414443969727,
  "hessian_trace_10": 408.47046813964846,
  "fim_trace": 2765.9586716666818,
  "step_count": 12,
  "timestamp": 1765468916.843369,
  "episode_reward": -24.018470764160156,
  "num_steps": 425984,
  "feature_compute_time_s": 8.474179983139038,
  "train_iter_time_s": 6.713184118270874,
  "init_seed": 200,
  "train_seed": 203,
  "best_reward_so_far": 231.8257842009815
}