{
  "sharpness": 2.273568124513789,
  "gradient_smoothness": 0.38505138467204747,
  "loss_mean": 0.0,
  "loss_std": 0.0,
  "loss_trend": 7.982215488627418e-10,
  "parameter_norm": 29.518675845244676,
  "lambda_max_10": -19.421342849731445,
  "hessian_trace_10": 228.66292572021484,
  "fim_trace": 1310.5582929253578,
  "step_count": 12,
  "timestamp": 1764160194.7518475,
  "episode_reward": 1452.7813720703125,
  "num_steps": 425984,
  "feature_compute_time_s": 5.079615116119385,
  "train_iter_time_s": 5.723963737487793,
  "init_seed": 206,
  "train_seed": 200,
  "best_reward_so_far": -Infinity
}