{
  "sharpness": 1.2886017085267656,
  "gradient_smoothness": 0.023718528323733026,
  "loss_mean": 0.0,
  "loss_std": 0.0,
  "loss_trend": 4.6845453450495387e-11,
  "parameter_norm": 30.078028405426785,
  "lambda_max_10": -9.604772567749023,
  "hessian_trace_10": 199.18487243652345,
  "fim_trace": 540.0621707215905,
  "step_count": 127,
  "timestamp": 1763769040.1461492,
  "episode_reward": 1678.446491002773,
  "num_steps": 4194304,
  "feature_compute_time_s": 4.963813304901123,
  "train_iter_time_s": 15.386799812316895,
  "init_seed": 204,
  "train_seed": 200,
  "best_reward_so_far": 1678.446491002773
}