{
  "sharpness": 1.353753167857495,
  "gradient_smoothness": 0.014072538484798185,
  "loss_mean": 0.0,
  "loss_std": 0.0,
  "loss_trend": -2.5173524699643577e-11,
  "parameter_norm": 33.44437355336521,
  "lambda_max_10": -23.5550537109375,
  "hessian_trace_10": 247.11259841918945,
  "fim_trace": 1454.51475238055,
  "step_count": 20,
  "timestamp": 1765440183.6025908,
  "episode_reward": 174.18115234375,
  "num_steps": 688128,
  "feature_compute_time_s": 5.450307846069336,
  "train_iter_time_s": 3.8539986610412598,
  "init_seed": 200,
  "train_seed": 207,
  "best_reward_so_far": 287.67258064086474
}