{
  "sharpness": 2.6819623161302113,
  "gradient_smoothness": 0.19008020123849376,
  "loss_mean": 0.0,
  "loss_std": 0.0,
  "loss_trend": -1.9869908339132076e-08,
  "parameter_norm": 29.78325153122403,
  "lambda_max_10": -37.925010681152344,
  "hessian_trace_10": 409.40574035644534,
  "fim_trace": 2013.8198840171099,
  "step_count": 2,
  "timestamp": 1764154791.1856568,
  "episode_reward": 1423.58984375,
  "num_steps": 98304,
  "feature_compute_time_s": 9.886737823486328,
  "train_iter_time_s": 2.8486363887786865,
  "init_seed": 201,
  "train_seed": 200,
  "best_reward_so_far": -Infinity
}