{
  "sharpness": 2.6541860037289244,
  "gradient_smoothness": 0.7615941559557649,
  "loss_mean": 0.0,
  "loss_std": 0.0,
  "loss_trend": -7.042530965380959e-10,
  "parameter_norm": 29.21747412435189,
  "lambda_max_10": -33.832889556884766,
  "hessian_trace_10": 130.04370460510253,
  "fim_trace": 1970.7600766122341,
  "step_count": 15,
  "timestamp": 1764168686.4846919,
  "episode_reward": 4019.135009765625,
  "num_steps": 524288,
  "feature_compute_time_s": 10.451578855514526,
  "train_iter_time_s": 3.6325583457946777,
  "init_seed": 204,
  "train_seed": 200,
  "best_reward_so_far": 1367.165815537768
}