{
  "sharpness": 3.1044186684919266,
  "gradient_smoothness": 0.6139435378207366,
  "loss_mean": 0.0,
  "loss_std": 0.0,
  "loss_trend": 1.1701578116747237e-09,
  "parameter_norm": 30.0182182725368,
  "lambda_max_10": -35.51753234863281,
  "hessian_trace_10": 363.9374938964844,
  "fim_trace": 1983.7337125241756,
  "step_count": 14,
  "timestamp": 1764168095.2096176,
  "episode_reward": 1368.445068359375,
  "num_steps": 491520,
  "feature_compute_time_s": 7.4356303215026855,
  "train_iter_time_s": 4.655288934707642,
  "init_seed": 201,
  "train_seed": 200,
  "best_reward_so_far": -Infinity
}