{
  "sharpness": 1.2945693514440466,
  "gradient_smoothness": 0.06995858041702473,
  "loss_mean": 0.0,
  "loss_std": 0.0,
  "loss_trend": 4.201930970648983e-11,
  "parameter_norm": 33.63182009803902,
  "lambda_max_10": -21.218069076538086,
  "hessian_trace_10": 251.20299758911133,
  "fim_trace": 1505.9721684232354,
  "step_count": 24,
  "timestamp": 1765443252.4182944,
  "episode_reward": 132.1435546875,
  "num_steps": 819200,
  "feature_compute_time_s": 5.468853950500488,
  "train_iter_time_s": 4.496814489364624,
  "init_seed": 205,
  "train_seed": 200,
  "best_reward_so_far": 375.5934418990798
}