{
  "sharpness": 1.8287850522532987,
  "gradient_smoothness": 0.3732371091673341,
  "loss_mean": 0.0,
  "loss_std": 0.0,
  "loss_trend": 7.501370670558211e-10,
  "parameter_norm": 30.26192383849637,
  "lambda_max_10": -24.44374656677246,
  "hessian_trace_10": 146.5195697784424,
  "fim_trace": 4770.051151812077,
  "step_count": 12,
  "timestamp": 1764167584.5612469,
  "episode_reward": 1621.55224609375,
  "num_steps": 425984,
  "feature_compute_time_s": 4.907884359359741,
  "train_iter_time_s": 2.617326259613037,
  "init_seed": 200,
  "train_seed": 200,
  "best_reward_so_far": -Infinity
}