{
  "sharpness": 0.35390076434412326,
  "gradient_smoothness": 0.06026014700052556,
  "loss_mean": 0.0,
  "loss_std": 0.0,
  "loss_trend": 6.340774673714395e-11,
  "parameter_norm": 22.889469854010105,
  "lambda_max_10": 2.6609010696411133,
  "hessian_trace_10": 15.46454086303711,
  "fim_trace": 48.21512629836798,
  "step_count": 20,
  "timestamp": 1763766512.1188393,
  "episode_reward": 344.3852091228045,
  "num_steps": 688128,
  "feature_compute_time_s": 5.76865291595459,
  "train_iter_time_s": 17.434765338897705,
  "init_seed": 203,
  "train_seed": 200,
  "best_reward_so_far": 344.3852091228045
}