{
  "sharpness": 1.4243499228422498,
  "gradient_smoothness": 0.23241680794926006,
  "loss_mean": 0.0,
  "loss_std": 0.0,
  "loss_trend": 3.067450130976931e-11,
  "parameter_norm": 34.293014185512135,
  "lambda_max_10": -34.30176544189453,
  "hessian_trace_10": 604.1914184570312,
  "fim_trace": 2905.4691129103303,
  "step_count": 54,
  "timestamp": 1765442945.2504761,
  "episode_reward": -9.714422225952148,
  "num_steps": 1802240,
  "feature_compute_time_s": 5.225160360336304,
  "train_iter_time_s": 3.7990798950195312,
  "init_seed": 202,
  "train_seed": 200,
  "best_reward_so_far": 761.4677381234666
}