{
  "sharpness": 1.5202232423551372,
  "gradient_smoothness": 0.17941130731505414,
  "loss_mean": 0.0,
  "loss_std": 0.0,
  "loss_trend": -2.1489815824862114e-10,
  "parameter_norm": 34.36143828970465,
  "lambda_max_10": -19.42369842529297,
  "hessian_trace_10": 386.7976448059082,
  "fim_trace": 3030.135215893388,
  "step_count": 49,
  "timestamp": 1765441568.8691359,
  "episode_reward": 1425.4844970703125,
  "num_steps": 1638400,
  "feature_compute_time_s": 5.470059633255005,
  "train_iter_time_s": 3.9374611377716064,
  "init_seed": 200,
  "train_seed": 204,
  "best_reward_so_far": 907.1029286228684
}