{
  "sharpness": 0.7885480808264733,
  "gradient_smoothness": 0.03545731867991096,
  "loss_mean": 0.0,
  "loss_std": 0.0,
  "loss_trend": 2.2372902215397587e-10,
  "parameter_norm": 23.44912600945967,
  "lambda_max_10": 4.383365154266357,
  "hessian_trace_10": 40.809596633911134,
  "fim_trace": 136.33045468479395,
  "step_count": 43,
  "timestamp": 1763773439.2974067,
  "num_steps": 1441792,
  "feature_compute_time_s": 4.5137550830841064,
  "train_iter_time_s": 11.659971714019775,
  "init_seed": 200,
  "train_seed": 203,
  "best_reward_so_far": -43.06746854844024
}