{
  "sharpness": 1.7136848459062402,
  "gradient_smoothness": 0.05314377230538182,
  "loss_mean": 0.0,
  "loss_std": 0.0,
  "loss_trend": 1.484847549691597e-11,
  "parameter_norm": 27.109061198394325,
  "lambda_max_10": -14.55771541595459,
  "hessian_trace_10": 111.17159218788147,
  "fim_trace": 985.2758129537106,
  "step_count": 111,
  "timestamp": 1763775134.521571,
  "num_steps": 3670016,
  "feature_compute_time_s": 7.576847076416016,
  "train_iter_time_s": 13.076964378356934,
  "init_seed": 200,
  "train_seed": 204,
  "best_reward_so_far": 996.0047688226932
}