{
  "sharpness": 1.2040719497255379,
  "gradient_smoothness": 0.0,
  "loss_mean": 0.0,
  "loss_std": 0.0,
  "loss_trend": 0.0,
  "parameter_norm": 32.59953376982235,
  "lambda_max_10": -19.6893310546875,
  "hessian_trace_10": 477.26353454589844,
  "fim_trace": 1833.5766970217228,
  "step_count": 1,
  "timestamp": 1765438178.3538375,
  "episode_reward": 460.87554931640625,
  "num_steps": 65536,
  "feature_compute_time_s": 9.670685768127441,
  "train_iter_time_s": 3.99155592918396,
  "init_seed": 200,
  "train_seed": 200,
  "best_reward_so_far": 48.18373292067402
}