{
  "sharpness": 1.2602285133609685,
  "gradient_smoothness": 0.10978009331621758,
  "loss_mean": 0.0,
  "loss_std": 0.0,
  "loss_trend": 1.1541940631828827e-12,
  "parameter_norm": 32.58941713918227,
  "lambda_max_10": -26.38625717163086,
  "hessian_trace_10": 358.0391189575195,
  "fim_trace": 2272.731414373964,
  "step_count": 285,
  "timestamp": 1763766335.6501596,
  "episode_reward": 1681.2875915398624,
  "num_steps": 9371648,
  "feature_compute_time_s": 7.625757932662964,
  "train_iter_time_s": 19.818467140197754,
  "init_seed": 200,
  "train_seed": 205,
  "best_reward_so_far": 1923.0704872523756
}