{
  "sharpness": 1.3724869893827696,
  "gradient_smoothness": 0.012387962695369395,
  "loss_mean": 0.0,
  "loss_std": 0.0,
  "loss_trend": -3.4583382944768627e-10,
  "parameter_norm": 33.871333017661186,
  "lambda_max_10": -15.160802841186523,
  "hessian_trace_10": 258.02357788085936,
  "fim_trace": 1205.053329769522,
  "step_count": 21,
  "timestamp": 1765443719.8093746,
  "episode_reward": -5.794122695922852,
  "num_steps": 720896,
  "feature_compute_time_s": 5.8831517696380615,
  "train_iter_time_s": 4.346794128417969,
  "init_seed": 206,
  "train_seed": 200,
  "best_reward_so_far": 565.4785118006466
}