{
  "sharpness": 2.119141467946528,
  "gradient_smoothness": 0.15297769525077573,
  "loss_mean": 0.0,
  "loss_std": 0.0,
  "loss_trend": 3.885368178876077e-09,
  "parameter_norm": 29.30794547903939,
  "lambda_max_10": 33.24253463745117,
  "hessian_trace_10": 81.03913688659668,
  "fim_trace": 5783.301213115454,
  "step_count": 7,
  "timestamp": 1764167261.7184424,
  "episode_reward": 1715.3984375,
  "num_steps": 262144,
  "feature_compute_time_s": 5.698248386383057,
  "train_iter_time_s": 3.472280979156494,
  "init_seed": 200,
  "train_seed": 201,
  "best_reward_so_far": -Infinity
}