{
  "sharpness": 1.2819910678361033,
  "gradient_smoothness": 0.06675934886964101,
  "loss_mean": 0.0,
  "loss_std": 0.0,
  "loss_trend": -2.1597817308887715e-11,
  "parameter_norm": 28.45252411719039,
  "lambda_max_10": -6.934439659118652,
  "hessian_trace_10": 282.68216705322266,
  "fim_trace": 592.521969217807,
  "step_count": 94,
  "timestamp": 1763761151.18862,
  "episode_reward": 1204.558699525117,
  "num_steps": 3112960,
  "feature_compute_time_s": 7.271890163421631,
  "train_iter_time_s": 15.02147912979126,
  "init_seed": 200,
  "train_seed": 202,
  "best_reward_so_far": 1407.3828985638045
}