{
  "sharpness": 1.231520888358716,
  "gradient_smoothness": 0.04821988144266665,
  "loss_mean": 0.0,
  "loss_std": 0.0,
  "loss_trend": -5.3598350993254264e-11,
  "parameter_norm": 33.868522806294145,
  "lambda_max_10": -32.407100677490234,
  "hessian_trace_10": 442.24526062011716,
  "fim_trace": 3226.6113740317523,
  "step_count": 31,
  "timestamp": 1765439745.0409737,
  "episode_reward": -4.088362216949463,
  "num_steps": 1048576,
  "feature_compute_time_s": 5.581769227981567,
  "train_iter_time_s": 4.234375953674316,
  "init_seed": 200,
  "train_seed": 203,
  "best_reward_so_far": 847.7346390944747
}