{
  "sharpness": 1.54572513584598,
  "gradient_smoothness": 0.10135883344955926,
  "loss_mean": 0.0,
  "loss_std": 0.0,
  "loss_trend": 3.1733186022247972e-12,
  "parameter_norm": 27.084033237906215,
  "lambda_max_10": -15.068958282470703,
  "hessian_trace_10": 66.82696437835693,
  "fim_trace": 1071.0053487420082,
  "step_count": 112,
  "timestamp": 1763783346.3119073,
  "num_steps": 3702784,
  "feature_compute_time_s": 8.059165477752686,
  "train_iter_time_s": 13.736119747161865,
  "init_seed": 207,
  "train_seed": 200,
  "best_reward_so_far": 1220.7917889125515
}