{
  "sharpness": 0.4240343010025922,
  "gradient_smoothness": 0.01522752387817073,
  "loss_mean": 0.0,
  "loss_std": 0.0,
  "loss_trend": 3.462888835927929e-10,
  "parameter_norm": 22.327218127054717,
  "lambda_max_10": 1.7456629276275635,
  "hessian_trace_10": 12.67904715538025,
  "fim_trace": 40.292615307495,
  "step_count": 14,
  "timestamp": 1763759202.4857743,
  "episode_reward": 293.8222185623751,
  "num_steps": 491520,
  "feature_compute_time_s": 6.475376129150391,
  "train_iter_time_s": 14.603550672531128,
  "init_seed": 200,
  "train_seed": 207,
  "best_reward_so_far": 293.8222185623751
}