{
  "sharpness": 2.184014906661423,
  "gradient_smoothness": 0.15983121981678672,
  "loss_mean": 0.0,
  "loss_std": 0.0,
  "loss_trend": -2.38032142889736e-09,
  "parameter_norm": 30.02941909458784,
  "lambda_max_10": -75.67711639404297,
  "hessian_trace_10": 245.29471817016602,
  "fim_trace": 4305.248372465372,
  "step_count": 7,
  "timestamp": 1764169710.7594864,
  "episode_reward": 1375.495849609375,
  "num_steps": 262144,
  "feature_compute_time_s": 5.924680233001709,
  "train_iter_time_s": 4.348682641983032,
  "init_seed": 200,
  "train_seed": 200,
  "best_reward_so_far": -Infinity
}