{
  "sharpness": 1.186809183271309,
  "gradient_smoothness": 0.0,
  "parameter_norm": 32.80760504372656,
  "lambda_max_10": -32.30046844482422,
  "hessian_trace_10": 603.0967590332032,
  "fim_trace": 2247.3295422121882,
  "step_count": 0,
  "timestamp": 1765469271.8676422,
  "episode_reward": -28.08091163635254,
  "num_steps": 32768,
  "feature_compute_time_s": 6.069572687149048,
  "train_iter_time_s": 5.2955896854400635,
  "init_seed": 204,
  "train_seed": 200,
  "best_reward_so_far": 29.803722824045106
}