{
  "sharpness": 1.6656734838734406,
  "gradient_smoothness": 0.0,
  "parameter_norm": 30.06337246225789,
  "lambda_max_10": -23.61004066467285,
  "hessian_trace_10": 191.6204635620117,
  "fim_trace": 3937.4467861652374,
  "step_count": 0,
  "timestamp": 1764177168.273821,
  "episode_reward": 3854.458251953125,
  "num_steps": 32768,
  "feature_compute_time_s": 8.563913345336914,
  "train_iter_time_s": 4.30798602104187,
  "init_seed": 200,
  "train_seed": 207,
  "best_reward_so_far": -Infinity
}