{
  "sharpness": 0.9771452302766664,
  "gradient_smoothness": 0.02662452731142911,
  "loss_mean": 0.0,
  "loss_std": 0.0,
  "loss_trend": 1.127182303324219e-11,
  "parameter_norm": 24.48439291414308,
  "lambda_max_10": 5.563899993896484,
  "hessian_trace_10": 49.460011672973636,
  "fim_trace": 237.6804392784834,
  "step_count": 57,
  "timestamp": 1763779789.7467234,
  "num_steps": 1900544,
  "feature_compute_time_s": 8.246968984603882,
  "train_iter_time_s": 9.654518842697144,
  "init_seed": 204,
  "train_seed": 200,
  "best_reward_so_far": 367.45302269182537
}