{
  "sharpness": 1.1791011400506568,
  "gradient_smoothness": 0.5374107030862587,
  "loss_mean": 0.0,
  "loss_std": 0.0,
  "loss_trend": -2.226266613066784e-11,
  "parameter_norm": 34.39482744270692,
  "lambda_max_10": -41.42787170410156,
  "hessian_trace_10": 665.7626739501953,
  "fim_trace": 3417.8033447787166,
  "step_count": 59,
  "timestamp": 1765442752.5213735,
  "episode_reward": -9.458423614501953,
  "num_steps": 1966080,
  "feature_compute_time_s": 5.929269552230835,
  "train_iter_time_s": 4.5963828563690186,
  "init_seed": 206,
  "train_seed": 200,
  "best_reward_so_far": 1034.447054040238
}