{
  "sharpness": 0.33277152555682454,
  "gradient_smoothness": 0.015505070921704965,
  "loss_mean": 0.0,
  "loss_std": 0.0,
  "loss_trend": 1.0253221419843159e-09,
  "parameter_norm": 21.944967215804446,
  "lambda_max_10": 1.6128367185592651,
  "hessian_trace_10": 10.629470658302306,
  "fim_trace": 43.10948685929179,
  "step_count": 9,
  "timestamp": 1763759089.0223522,
  "episode_reward": 190.911291474184,
  "num_steps": 327680,
  "feature_compute_time_s": 5.812596559524536,
  "train_iter_time_s": 15.93156886100769,
  "init_seed": 200,
  "train_seed": 200,
  "best_reward_so_far": 190.911291474184
}