{
  "sharpness": 4.977008703658707,
  "gradient_smoothness": 0.0,
  "parameter_norm": 43.68894997740269,
  "lambda_max_10": -53.87161636352539,
  "hessian_trace_10": 323.3935328483582,
  "fim_trace": 5763.091862410307,
  "step_count": 0,
  "timestamp": 1764178158.1296923,
  "episode_reward": 1971.139404296875,
  "num_steps": 32768,
  "feature_compute_time_s": 5.09694242477417,
  "train_iter_time_s": 2.9502177238464355,
  "init_seed": 205,
  "train_seed": 200,
  "best_reward_so_far": -Infinity
}