{
  "sharpness": 0.9437641755276757,
  "gradient_smoothness": 0.002027613371166808,
  "loss_mean": 0.0,
  "loss_std": 0.0,
  "loss_trend": -1.5466264962008861e-10,
  "parameter_norm": 25.21458984929285,
  "lambda_max_10": 3.039475917816162,
  "hessian_trace_10": 34.31437096595764,
  "fim_trace": 124.34866083227098,
  "step_count": 46,
  "timestamp": 1763766748.18805,
  "episode_reward": 540.5611320110395,
  "num_steps": 1540096,
  "feature_compute_time_s": 5.035733461380005,
  "train_iter_time_s": 16.106329202651978,
  "init_seed": 202,
  "train_seed": 200,
  "best_reward_so_far": 540.5611320110395
}