{
  "sharpness": 1.2439114405750809,
  "gradient_smoothness": 0.049276331478305485,
  "loss_mean": 0.0,
  "loss_std": 0.0,
  "loss_trend": -1.9282312379232688e-10,
  "parameter_norm": 32.86045558809198,
  "lambda_max_10": -27.221452713012695,
  "hessian_trace_10": 386.003564453125,
  "fim_trace": 2444.9317923747003,
  "step_count": 8,
  "timestamp": 1765444841.7125514,
  "episode_reward": 1268.8790283203125,
  "num_steps": 294912,
  "feature_compute_time_s": 10.877356052398682,
  "train_iter_time_s": 4.0555009841918945,
  "init_seed": 207,
  "train_seed": 200,
  "best_reward_so_far": 135.20243038677012
}