{
  "sharpness": 2.385023327185349,
  "gradient_smoothness": 0.7615941559557649,
  "loss_mean": 0.0,
  "loss_std": 0.0,
  "loss_trend": -7.432548574109269e-10,
  "parameter_norm": 30.0182182725368,
  "lambda_max_10": -28.378376007080078,
  "hessian_trace_10": 300.8080081939697,
  "fim_trace": 1874.0269490331411,
  "step_count": 15,
  "timestamp": 1764168108.7388694,
  "episode_reward": 1351.34423828125,
  "num_steps": 524288,
  "feature_compute_time_s": 5.8388543128967285,
  "train_iter_time_s": 5.077782392501831,
  "init_seed": 201,
  "train_seed": 200,
  "best_reward_so_far": 1119.2129250621856
}