{
  "sharpness": 1.4639716271164094,
  "gradient_smoothness": 0.04221734780085573,
  "loss_mean": 0.0,
  "loss_std": 0.0,
  "loss_trend": -3.1001312628277004e-10,
  "parameter_norm": 33.83663003606177,
  "lambda_max_10": -34.50051498413086,
  "hessian_trace_10": 482.4809631347656,
  "fim_trace": 3192.731507193297,
  "step_count": 31,
  "timestamp": 1765442151.3613856,
  "episode_reward": 1075.386474609375,
  "num_steps": 1048576,
  "feature_compute_time_s": 10.604113817214966,
  "train_iter_time_s": 4.094420909881592,
  "init_seed": 200,
  "train_seed": 207,
  "best_reward_so_far": 638.5924953882306
}