{
  "sharpness": 1.7165649987807095,
  "gradient_smoothness": 0.0,
  "loss_mean": 0.0,
  "loss_std": 0.0,
  "loss_trend": 0.0,
  "parameter_norm": 29.775566958541482,
  "lambda_max_10": -140.77984619140625,
  "hessian_trace_10": 1153.4653869628905,
  "fim_trace": 10897.410161018372,
  "step_count": 1,
  "timestamp": 1764151244.16263,
  "episode_reward": 1356.00927734375,
  "num_steps": 65536,
  "feature_compute_time_s": 9.962871074676514,
  "train_iter_time_s": 5.006839990615845,
  "init_seed": 200,
  "train_seed": 205,
  "best_reward_so_far": -Infinity
}