{
  "sharpness": 1.496589128236945,
  "gradient_smoothness": 0.006293923883019561,
  "loss_mean": 0.0,
  "loss_std": 0.0,
  "loss_trend": -5.582166783555348e-11,
  "parameter_norm": 28.68746643050882,
  "lambda_max_10": -10.653114318847656,
  "hessian_trace_10": 174.1630661010742,
  "fim_trace": 439.4399260766804,
  "step_count": 93,
  "timestamp": 1763760837.627254,
  "episode_reward": 1124.0949021079998,
  "num_steps": 3080192,
  "feature_compute_time_s": 5.509459972381592,
  "train_iter_time_s": 14.896897792816162,
  "init_seed": 200,
  "train_seed": 200,
  "best_reward_so_far": 1235.2001329177713
}