{
  "sharpness": 1.7307428780468872,
  "gradient_smoothness": 0.13957580496750224,
  "loss_mean": 0.0,
  "loss_std": 0.0,
  "loss_trend": -5.758936502340016e-10,
  "parameter_norm": 29.278553398602437,
  "lambda_max_10": 46.03623580932617,
  "hessian_trace_10": 118.34425659179688,
  "fim_trace": 5697.530667901039,
  "step_count": 5,
  "timestamp": 1764146475.9483938,
  "episode_reward": 1646.2476806640625,
  "num_steps": 196608,
  "feature_compute_time_s": 5.583848476409912,
  "train_iter_time_s": 3.8801326751708984,
  "init_seed": 200,
  "train_seed": 201,
  "best_reward_so_far": -Infinity
}