{
  "sharpness": 1.3802838813153309,
  "gradient_smoothness": 0.0022837010876929154,
  "loss_mean": 0.0,
  "loss_std": 0.0,
  "loss_trend": -1.3394261486792009e-10,
  "parameter_norm": 26.56730599643655,
  "lambda_max_10": -9.193636894226074,
  "hessian_trace_10": 152.02334442138672,
  "fim_trace": 223.2515179924667,
  "step_count": 65,
  "timestamp": 1763760556.7510512,
  "episode_reward": 775.9083281394373,
  "num_steps": 2162688,
  "feature_compute_time_s": 7.502390623092651,
  "train_iter_time_s": 17.765896558761597,
  "init_seed": 200,
  "train_seed": 204,
  "best_reward_so_far": 824.3091887806553
}