{
  "sharpness": 1.6092084926747392,
  "gradient_smoothness": 0.48940282373082356,
  "loss_mean": 0.0,
  "loss_std": 0.0,
  "loss_trend": -4.586543078457397e-11,
  "parameter_norm": 29.43481070745365,
  "lambda_max_10": -47.6585693359375,
  "hessian_trace_10": 439.5856506347656,
  "fim_trace": 5341.2434921860695,
  "step_count": 303,
  "timestamp": 1763775839.9129443,
  "num_steps": 9961472,
  "feature_compute_time_s": 4.35226845741272,
  "train_iter_time_s": 7.864557981491089,
  "init_seed": 200,
  "train_seed": 202,
  "best_reward_so_far": 1169.3420535757405
}