{
  "sharpness": 1.3130495066153265,
  "gradient_smoothness": 0.027319519949242563,
  "loss_mean": 0.0,
  "loss_std": 0.0,
  "loss_trend": 1.4540256795507842e-10,
  "parameter_norm": 33.459878163638194,
  "lambda_max_10": -29.26642608642578,
  "hessian_trace_10": 608.1604766845703,
  "fim_trace": 2526.103154670447,
  "step_count": 22,
  "timestamp": 1765438443.477305,
  "episode_reward": 1028.8370361328125,
  "num_steps": 753664,
  "feature_compute_time_s": 6.201091289520264,
  "train_iter_time_s": 4.786184549331665,
  "init_seed": 200,
  "train_seed": 201,
  "best_reward_so_far": 372.36884831274944
}