{
  "sharpness": 2.5194468796371683,
  "gradient_smoothness": 0.12617579945120402,
  "loss_mean": 0.0,
  "loss_std": 0.0,
  "loss_trend": -1.7418351050667877e-09,
  "parameter_norm": 29.014081866618127,
  "lambda_max_10": -72.02933502197266,
  "hessian_trace_10": 495.4184143066406,
  "fim_trace": 4493.756616830826,
  "step_count": 5,
  "timestamp": 1764168010.5682395,
  "episode_reward": 1266.572021484375,
  "num_steps": 196608,
  "feature_compute_time_s": 6.357496738433838,
  "train_iter_time_s": 5.109525680541992,
  "init_seed": 202,
  "train_seed": 200,
  "best_reward_so_far": -Infinity
}