{
  "sharpness": 1.5207275443508623,
  "gradient_smoothness": 0.20446200290304242,
  "loss_mean": 0.0,
  "loss_std": 0.0,
  "loss_trend": -6.075451035946041e-11,
  "parameter_norm": 33.699019177995424,
  "lambda_max_10": -16.05810546875,
  "hessian_trace_10": 316.9436294555664,
  "fim_trace": 2555.1744621396065,
  "step_count": 54,
  "timestamp": 1765442934.3246162,
  "episode_reward": -29.888368606567383,
  "num_steps": 1802240,
  "feature_compute_time_s": 5.440968990325928,
  "train_iter_time_s": 4.3224778175354,
  "init_seed": 207,
  "train_seed": 200,
  "best_reward_so_far": 1131.6757549367533
}