{
  "sharpness": 1.6996768476574502,
  "gradient_smoothness": 0.013310776279465125,
  "loss_mean": 0.0,
  "loss_std": 0.0,
  "loss_trend": -1.3897988128805118e-11,
  "parameter_norm": 28.57571063451146,
  "lambda_max_10": -18.99850082397461,
  "hessian_trace_10": 175.2270763397217,
  "fim_trace": 2179.4460195600986,
  "step_count": 199,
  "timestamp": 1763782125.6039867,
  "num_steps": 6553600,
  "feature_compute_time_s": 5.151423215866089,
  "train_iter_time_s": 11.373570919036865,
  "init_seed": 203,
  "train_seed": 200,
  "best_reward_so_far": 1315.7771624867432
}