{
  "case_id": 2,
  "method": "pca",
  "dim": 3,
  "seeds": [
    0,
    1,
    2,
    3,
    4,
    5,
    6,
    7,
    8,
    9
  ],
  "model_paths": [
    "/mnt/home/tianyuez/landscape-v2/grid_world/models/gridworld_ppo_case_2_seed_0.pt",
    "/mnt/home/tianyuez/landscape-v2/grid_world/models/gridworld_ppo_case_2_seed_1.pt",
    "/mnt/home/tianyuez/landscape-v2/grid_world/models/gridworld_ppo_case_2_seed_2.pt",
    "/mnt/home/tianyuez/landscape-v2/grid_world/models/gridworld_ppo_case_2_seed_3.pt",
    "/mnt/home/tianyuez/landscape-v2/grid_world/models/gridworld_ppo_case_2_seed_4.pt",
    "/mnt/home/tianyuez/landscape-v2/grid_world/models/gridworld_ppo_case_2_seed_5.pt",
    "/mnt/home/tianyuez/landscape-v2/grid_world/models/gridworld_ppo_case_2_seed_6.pt",
    "/mnt/home/tianyuez/landscape-v2/grid_world/models/gridworld_ppo_case_2_seed_7.pt",
    "/mnt/home/tianyuez/landscape-v2/grid_world/models/gridworld_ppo_case_2_seed_8.pt",
    "/mnt/home/tianyuez/landscape-v2/grid_world/models/gridworld_ppo_case_2_seed_9.pt"
  ],
  "distance_norm": "l1",
  "distance_matrix": [
    [
      0.0,
      8.329231679439545,
      14.979861915111542,
      33.89655119180679,
      1.4173992276191711,
      4.548732221126556,
      33.74440062046051,
      24.4144007563591,
      18.413592398166656,
      33.742842972278595
    ],
    [
      8.329231679439545,
      0.0,
      16.623568177223206,
      31.430887579917908,
      7.326868295669556,
      11.888643622398376,
      33.9259107708931,
      25.508689284324646,
      10.084360718727112,
      33.5517703294754
    ],
    [
      14.979861915111542,
      16.623568177223206,
      0.0,
      31.040241479873657,
      16.015633463859558,
      10.431129693984985,
      31.13473504781723,
      10.162023544311523,
      26.707928895950317,
      31.097639799118042
    ],
    [
      33.89655119180679,
      31.430887579917908,
      31.040241479873657,
      0.0,
      34.97841441631317,
      34.09077453613281,
      2.495023190975189,
      28.65373969078064,
      41.51524829864502,
      2.120882749557495
    ],
    [
      1.4173992276191711,
      7.326868295669556,
      16.015633463859558,
      34.97841441631317,
      0.0,
      5.584503769874573,
      34.82626384496689,
      25.450172305107117,
      17.042284846305847,
      34.82470619678497
    ],
    [
      4.548732221126556,
      11.888643622398376,
      10.431129693984985,
      34.09077453613281,
      5.584503769874573,
      0.0,
      33.93862396478653,
      19.865668535232544,
      21.97300434112549,
      33.937066316604614
    ],
    [
      33.74440062046051,
      33.9259107708931,
      31.13473504781723,
      2.495023190975189,
      34.82626384496689,
      33.93862396478653,
      0.0,
      28.748233258724213,
      44.01027148962021,
      0.3741404414176941
    ],
    [
      24.4144007563591,
      25.508689284324646,
      10.162023544311523,
      28.65373969078064,
      25.450172305107117,
      19.865668535232544,
      28.748233258724213,
      0.0,
      33.23371624946594,
      28.711138010025024
    ],
    [
      18.413592398166656,
      10.084360718727112,
      26.707928895950317,
      41.51524829864502,
      17.042284846305847,
      21.97300434112549,
      44.01027148962021,
      33.23371624946594,
      0.0,
      43.636131048202515
    ],
    [
      33.742842972278595,
      33.5517703294754,
      31.097639799118042,
      2.120882749557495,
      34.82470619678497,
      33.937066316604614,
      0.3741404414176941,
      28.711138010025024,
      43.636131048202515,
      0.0
    ]
  ]
}