{
  "case_id": 1,
  "method": "pca",
  "dim": 9,
  "seeds": [
    0,
    1,
    2,
    3,
    4,
    5,
    6,
    7,
    8,
    9
  ],
  "model_paths": [
    "/mnt/home/tianyuez/landscape-v2/grid_world/models/gridworld_ppo_case_1_seed_0.pt",
    "/mnt/home/tianyuez/landscape-v2/grid_world/models/gridworld_ppo_case_1_seed_1.pt",
    "/mnt/home/tianyuez/landscape-v2/grid_world/models/gridworld_ppo_case_1_seed_2.pt",
    "/mnt/home/tianyuez/landscape-v2/grid_world/models/gridworld_ppo_case_1_seed_3.pt",
    "/mnt/home/tianyuez/landscape-v2/grid_world/models/gridworld_ppo_case_1_seed_4.pt",
    "/mnt/home/tianyuez/landscape-v2/grid_world/models/gridworld_ppo_case_1_seed_5.pt",
    "/mnt/home/tianyuez/landscape-v2/grid_world/models/gridworld_ppo_case_1_seed_6.pt",
    "/mnt/home/tianyuez/landscape-v2/grid_world/models/gridworld_ppo_case_1_seed_7.pt",
    "/mnt/home/tianyuez/landscape-v2/grid_world/models/gridworld_ppo_case_1_seed_8.pt",
    "/mnt/home/tianyuez/landscape-v2/grid_world/models/gridworld_ppo_case_1_seed_9.pt"
  ],
  "distance_norm": "l1",
  "distance_matrix": [
    [
      0.0,
      33.02410556282334,
      1.164147031702214,
      0.017713261217068066,
      0.005284663639031351,
      32.75505037196305,
      0.16965145238464174,
      33.40904282581411,
      0.13423479802258953,
      0.022183101224072743
    ],
    [
      33.02410556282334,
      0.0,
      33.46946333227592,
      33.02324840865677,
      33.02773124445176,
      1.2857369063225406,
      33.009175053959865,
      2.0497730479679603,
      33.023602906912544,
      33.02254083169251
    ],
    [
      1.164147031702214,
      33.46946333227592,
      0.0,
      1.1516811337246509,
      1.1652567211108362,
      33.5243346598904,
      1.0693856743077959,
      33.58615420119847,
      1.0642227198291039,
      1.1572125520738155
    ],
    [
      0.017713261217068066,
      33.02324840865677,
      1.1516811337246509,
      0.0,
      0.018060393018458853,
      32.75352532929813,
      0.15707938120976905,
      33.40730953219102,
      0.1214429348729027,
      0.02136683439857734
    ],
    [
      0.005284663639031351,
      33.02773124445176,
      1.1652567211108362,
      0.018060393018458853,
      0.0,
      32.75929688942145,
      0.1701571847188461,
      33.409702521524224,
      0.1352812069835636,
      0.021174275410885457
    ],
    [
      32.75505037196305,
      1.2857369063225406,
      33.5243346598904,
      32.75352532929813,
      32.75929688942145,
      0.0,
      32.78750834129639,
      1.7344836314014174,
      32.775626259259326,
      32.755919402568935
    ],
    [
      0.16965145238464174,
      33.009175053959865,
      1.0693856743077959,
      0.15707938120976905,
      0.1701571847188461,
      32.78750834129639,
      0.0,
      33.407761368905966,
      0.0901704896332376,
      0.1608391859663243
    ],
    [
      33.40904282581411,
      2.0497730479679603,
      33.58615420119847,
      33.40730953219102,
      33.409702521524224,
      1.7344836314014174,
      33.407761368905966,
      0.0,
      33.43975569005491,
      33.40592460418523
    ],
    [
      0.13423479802258953,
      33.023602906912544,
      1.0642227198291039,
      0.1214429348729027,
      0.1352812069835636,
      32.775626259259326,
      0.0901704896332376,
      33.43975569005491,
      0.0,
      0.1316715778757498
    ],
    [
      0.022183101224072743,
      33.02254083169251,
      1.1572125520738155,
      0.02136683439857734,
      0.021174275410885457,
      32.755919402568935,
      0.1608391859663243,
      33.40592460418523,
      0.1316715778757498,
      0.0
    ]
  ]
}