{
  "case_id": 2,
  "method": "tsne",
  "dim": 3,
  "seeds": [
    0,
    1,
    2,
    3,
    4,
    5,
    6,
    7,
    8,
    9
  ],
  "model_paths": [
    "/mnt/home/tianyuez/landscape-v2/grid_world/models/gridworld_ppo_case_2_seed_0.pt",
    "/mnt/home/tianyuez/landscape-v2/grid_world/models/gridworld_ppo_case_2_seed_1.pt",
    "/mnt/home/tianyuez/landscape-v2/grid_world/models/gridworld_ppo_case_2_seed_2.pt",
    "/mnt/home/tianyuez/landscape-v2/grid_world/models/gridworld_ppo_case_2_seed_3.pt",
    "/mnt/home/tianyuez/landscape-v2/grid_world/models/gridworld_ppo_case_2_seed_4.pt",
    "/mnt/home/tianyuez/landscape-v2/grid_world/models/gridworld_ppo_case_2_seed_5.pt",
    "/mnt/home/tianyuez/landscape-v2/grid_world/models/gridworld_ppo_case_2_seed_6.pt",
    "/mnt/home/tianyuez/landscape-v2/grid_world/models/gridworld_ppo_case_2_seed_7.pt",
    "/mnt/home/tianyuez/landscape-v2/grid_world/models/gridworld_ppo_case_2_seed_8.pt",
    "/mnt/home/tianyuez/landscape-v2/grid_world/models/gridworld_ppo_case_2_seed_9.pt"
  ],
  "embeddings": [
    [
      67.97988891601562,
      82.28675079345703,
      -100.96318054199219
    ],
    [
      122.48081970214844,
      -64.15107727050781,
      101.12637329101562
    ],
    [
      22.331375122070312,
      11.286744117736816,
      25.05338478088379
    ],
    [
      -94.24482727050781,
      128.1425018310547,
      -42.76392364501953
    ],
    [
      -39.058921813964844,
      -10.034772872924805,
      148.52857971191406
    ],
    [
      124.73188018798828,
      -24.012361526489258,
      -50.75537872314453
    ],
    [
      -61.05483627319336,
      -28.39398956298828,
      -148.08692932128906
    ],
    [
      -9.445670127868652,
      -108.93364715576172,
      4.24362850189209
    ],
    [
      -162.14208984375,
      -32.86585998535156,
      11.976401329040527
    ],
    [
      -3.4850707054138184,
      182.70237731933594,
      32.292823791503906
    ]
  ]
}