{
  "case_id": 1,
  "method": "tsne",
  "dim": 6,
  "seeds": [
    0,
    1,
    2,
    3,
    4,
    5,
    6,
    7,
    8,
    9
  ],
  "model_paths": [
    "/mnt/home/tianyuez/landscape-v2/grid_world/models/gridworld_ppo_case_1_seed_0.pt",
    "/mnt/home/tianyuez/landscape-v2/grid_world/models/gridworld_ppo_case_1_seed_1.pt",
    "/mnt/home/tianyuez/landscape-v2/grid_world/models/gridworld_ppo_case_1_seed_2.pt",
    "/mnt/home/tianyuez/landscape-v2/grid_world/models/gridworld_ppo_case_1_seed_3.pt",
    "/mnt/home/tianyuez/landscape-v2/grid_world/models/gridworld_ppo_case_1_seed_4.pt",
    "/mnt/home/tianyuez/landscape-v2/grid_world/models/gridworld_ppo_case_1_seed_5.pt",
    "/mnt/home/tianyuez/landscape-v2/grid_world/models/gridworld_ppo_case_1_seed_6.pt",
    "/mnt/home/tianyuez/landscape-v2/grid_world/models/gridworld_ppo_case_1_seed_7.pt",
    "/mnt/home/tianyuez/landscape-v2/grid_world/models/gridworld_ppo_case_1_seed_8.pt",
    "/mnt/home/tianyuez/landscape-v2/grid_world/models/gridworld_ppo_case_1_seed_9.pt"
  ],
  "distance_matrix": [
    [
      0.0,
      211.0711333715584,
      51.94171631697511,
      168.7809734608504,
      68.01266761672308,
      162.59091116355364,
      87.34967348743893,
      178.32313077805804,
      46.05086166522721,
      210.5586828424379
    ],
    [
      211.0711333715584,
      0.0,
      217.84681355526416,
      253.5402427173144,
      241.59700112043123,
      322.66136077269664,
      227.06233508608472,
      362.6265617990874,
      197.23853142185774,
      307.22260867740283
    ],
    [
      51.94171631697511,
      217.84681355526416,
      0.0,
      189.31630823287583,
      46.13264300371957,
      140.9490262663397,
      75.12665180702648,
      179.44118927804803,
      54.98465875294776,
      170.72763301253107
    ],
    [
      168.7809734608504,
      253.5402427173144,
      189.31630823287583,
      0.0,
      176.67987030702767,
      300.6526768830642,
      197.63507103643352,
      184.7906564411027,
      184.670881045492,
      355.69120772161693
    ],
    [
      68.01266761672308,
      241.59700112043123,
      46.13264300371957,
      176.67987030702767,
      0.0,
      144.4285673791141,
      85.9282426564412,
      156.65370661981788,
      88.32254385980633,
      189.30570044688406
    ],
    [
      162.59091116355364,
      322.66136077269664,
      140.9490262663397,
      300.6526768830642,
      144.4285673791141,
      0.0,
      122.94947437762323,
      243.12862089316113,
      153.18265560380905,
      153.48172005887133
    ],
    [
      87.34967348743893,
      227.06233508608472,
      75.12665180702648,
      197.63507103643352,
      85.9282426564412,
      122.94947437762323,
      0.0,
      212.14982178656234,
      63.65249896670449,
      202.05642421858073
    ],
    [
      178.32313077805804,
      362.6265617990874,
      179.44118927804803,
      184.7906564411027,
      156.65370661981788,
      243.12862089316113,
      212.14982178656234,
      0.0,
      206.08979636959782,
      296.85887348768944
    ],
    [
      46.05086166522721,
      197.23853142185774,
      54.98465875294776,
      184.670881045492,
      88.32254385980633,
      153.18265560380905,
      63.65249896670449,
      206.08979636959782,
      0.0,
      202.03495092606738
    ],
    [
      210.5586828424379,
      307.22260867740283,
      170.72763301253107,
      355.69120772161693,
      189.30570044688406,
      153.48172005887133,
      202.05642421858073,
      296.85887348768944,
      202.03495092606738,
      0.0
    ]
  ]
}